{"type":"FeatureCollection","features":[{"type":"Feature","id":1,"properties":{"code":"AL","name":"Alabama"},"geometry":{"type":"MultiPolygon","coordinates":[[[[-88.04374,30.51742],[-88.03661,30.52049],[-88.02473,30.5164],[-88.02592,30.4908],[-88.05325,30.50616],[-88.04374,30.51742]]],[[[-88.26727,30.35381],[-88.26133,30.37226],[-88.25063,30.36714],[-88.24826,30.32611],[-88.25776,30.31893],[-88.27321,30.33329],[-88.26727,30.35381]]],[[[-88.33076,30.23503],[-88.28857,30.23854],[-88.22555,30.25083],[-88.13063,30.26213],[-88.12472,30.27354],[-88.12466,30.28364],[-88.08681,30.25986],[-88.07485,30.24912],[-88.07586,30.24614],[-88.0929,30.24073],[-88.10733,30.22508],[-88.14474,30.23898],[-88.1666,30.24117],[-88.20776,30.23678],[-88.27943,30.22229],[-88.32466,30.22317],[-88.33076,30.23503]]],[[[-88.47323,31.89386],[-88.40379,32.44977],[-88.24303,33.79568],[-88.09789,34.8922],[-88.13669,34.90759],[-88.15462,34.92239],[-88.17611,34.96252],[-88.19881,34.99119],[-88.20296,35.00803],[-87.39131,35.00237],[-86.86215,34.99196],[-86.3972,34.99166],[-85.60516,34.98468],[-85.56142,34.75008],[-85.4295,34.1251],[-85.1844,32.86132],[-85.1535,32.84278],[-85.16794,32.81161],[-85.12219,32.77335],[-85.13888,32.76006],[-85.11855,32.74082],[-85.11425,32.73045],[-85.12274,32.71573],[-85.11474,32.68563],[-85.09354,32.66973],[-85.08853,32.65796],[-85.10534,32.64484],[-85.08974,32.6316],[-85.06766,32.58001],[-85.02251,32.54292],[-85.0071,32.52387],[-84.99523,32.47524],[-84.99533,32.45324],[-84.97183,32.44284],[-84.96343,32.42254],[-84.97517,32.41493],[-84.98347,32.36319],[-85.0081,32.33668],[-85.00187,32.32202],[-84.9338,32.29826],[-84.88943,32.26194],[-84.91403,32.24875],[-84.92503,32.22215],[-84.96743,32.21935],[-84.97933,32.20725],[-84.96463,32.20355],[-84.96173,32.19865],[-85.01127,32.18049],[-85.05875,32.13602],[-85.04706,32.08739],[-85.05382,32.0135],[-85.08213,31.94466],[-85.12984,31.88351],[-85.14183,31.83926],[-85.13123,31.81526],[-85.13653,31.78896],[-85.11893,31.73266],[-85.12553,31.69496],[-85.08273,31.64977],[-85.06216,31.62291],[-85.05796,31.57084],[-85.04188,31.54468],[-85.04499,31.51823],[-85.07162,31.46838],[-85.06601,31.43136],[-85.07998,31.41047],[-85.07758,31.39812],[-85.09249,31.36288],[-85.08666,31.33999],[-85.08977,31.29503],[-85.11455,31.2763],[-85.09884,31.23252],[-85.09977,31.20975],[-85.10752,31.18645],[-85.09341,31.16233],[-85.07663,31.15693],[-85.05287,31.11949],[-85.03562,31.10819],[-85.0266,31.08096],[-85.01139,31.05355],[-85.0025,31.00068],[-85.24375,31.00088],[-85.99873,30.99286],[-86.52,30.99322],[-87.04002,30.99957],[-87.23771,30.99636],[-87.59894,30.99742],[-87.5892,30.96443],[-87.59206,30.95146],[-87.60782,30.92446],[-87.61602,30.90142],[-87.62221,30.89748],[-87.62079,30.88746],[-87.62946,30.88009],[-87.63494,30.86586],[-87.62623,30.8571],[-87.62733,30.84793],[-87.61729,30.84033],[-87.61593,30.83467],[-87.60578,30.83128],[-87.60049,30.8206],[-87.58188,30.81238],[-87.57205,30.80051],[-87.54505,30.77864],[-87.54617,30.772],[-87.53654,30.76136],[-87.53262,30.74347],[-87.51174,30.73351],[-87.50233,30.72157],[-87.48123,30.71649],[-87.46635,30.70082],[-87.45696,30.69754],[-87.45141,30.69979],[-87.43982,30.69046],[-87.43038,30.68863],[-87.41954,30.67996],[-87.40697,30.67515],[-87.40589,30.6666],[-87.39619,30.65044],[-87.39504,30.61527],[-87.39928,30.6056],[-87.40657,30.59991],[-87.40875,30.58369],[-87.41272,30.57322],[-87.41836,30.57003],[-87.41866,30.56182],[-87.42605,30.56006],[-87.4279,30.55415],[-87.43545,30.54913],[-87.44659,30.52706],[-87.44495,30.51493],[-87.44771,30.51045],[-87.4397,30.50664],[-87.43119,30.49579],[-87.43559,30.48049],[-87.42509,30.46559],[-87.39989,30.45099],[-87.37078,30.44686],[-87.36695,30.44047],[-87.3682,30.4334],[-87.40349,30.41019],[-87.42268,30.41009],[-87.42958,30.40649],[-87.44068,30.39149],[-87.43868,30.38079],[-87.45138,30.3672],[-87.45228,30.3441],[-87.46298,30.334],[-87.49064,30.32323],[-87.49616,30.31799],[-87.49285,30.3118],[-87.48567,30.30894],[-87.46414,30.3118],[-87.4669,30.30226],[-87.50941,30.29219],[-87.51838,30.2839],[-87.51832,30.28044],[-87.5581,30.27444],[-87.65689,30.24971],[-87.73553,30.24068],[-87.80056,30.22937],[-87.83846,30.22718],[-87.96225,30.22952],[-88.0284,30.22113],[-88.02399,30.23039],[-87.96685,30.23562],[-87.94898,30.25656],[-87.93604,30.26147],[-87.90046,30.24153],[-87.87934,30.23859],[-87.86008,30.24029],[-87.81774,30.25429],[-87.78775,30.25424],[-87.76663,30.26235],[-87.75526,30.27729],[-87.75552,30.29122],[-87.77276,30.3117],[-87.80927,30.3327],[-87.82988,30.35381],[-87.83724,30.36932],[-87.84513,30.37745],[-87.86502,30.38345],[-87.90634,30.40938],[-87.90891,30.41424],[-87.92003,30.47065],[-87.9319,30.4811],[-87.93336,30.48736],[-87.91114,30.52585],[-87.90171,30.55088],[-87.90417,30.56599],[-87.91496,30.58589],[-87.91253,30.61579],[-87.91935,30.63606],[-87.93672,30.65743],[-87.95599,30.65886],[-87.9812,30.67509],[-88.0084,30.68496],[-88.02208,30.67387],[-88.02671,30.66149],[-88.03459,30.65371],[-88.062,30.64489],[-88.0596,30.61909],[-88.054,30.61249],[-88.0649,30.58829],[-88.08549,30.56326],[-88.08162,30.54632],[-88.08279,30.52871],[-88.09073,30.52357],[-88.10377,30.5009],[-88.09687,30.47105],[-88.10644,30.45274],[-88.10407,30.4273],[-88.10727,30.37725],[-88.11543,30.35657],[-88.13617,30.32073],[-88.15578,30.32718],[-88.17197,30.32468],[-88.19154,30.317],[-88.19566,30.32124],[-88.19836,30.33882],[-88.19635,30.34359],[-88.18853,30.34505],[-88.18853,30.34812],[-88.20006,30.36238],[-88.26069,30.38238],[-88.28263,30.38288],[-88.29065,30.37074],[-88.31161,30.36891],[-88.31652,30.36998],[-88.3196,30.38033],[-88.33228,30.38844],[-88.36402,30.38801],[-88.37467,30.38561],[-88.39502,30.36942],[-88.47323,31.89386]]]]}},{"type":"Feature","id":2,"properties":{"code":"AK","name":"Alaska"},"geometry":{"type":"MultiPolygon","coordinates":[[[[-170.83336,52.59998],[-170.81794,52.63627],[-170.72772,52.67998],[-170.67155,52.69808],[-170.63375,52.69747],[-170.57991,52.68203],[-170.56273,52.67478],[-170.55952,52.66791],[-170.55732,52.6521],[-170.56361,52.64071],[-170.60386,52.60173],[-170.65904,52.59381],[-170.66527,52.59526],[-170.66807,52.60068],[-170.67445,52.60339],[-170.69649,52.59836],[-170.73582,52.58082],[-170.7885,52.54024],[-170.84194,52.55817],[-170.83336,52.59998]]],[[[-171.15158,52.58454],[-171.13114,52.58439],[-171.11807,52.57616],[-171.11712,52.55752],[-171.14931,52.55017],[-171.17677,52.55868],[-171.15158,52.58454]]],[[[-171.31266,52.4935],[-171.3075,52.50151],[-171.29139,52.51481],[-171.27716,52.52263],[-171.25205,52.52995],[-171.19464,52.49804],[-171.20892,52.46902],[-171.21456,52.4633],[-171.23684,52.45053],[-171.25232,52.44947],[-171.30417,52.44995],[-171.31308,52.47293],[-171.31266,52.4935]]],[[[-171.84038,63.54772],[-171.83368,63.58007],[-171.79188,63.62062],[-171.75708,63.64025],[-171.74398,63.6549],[-171.74234,63.66549],[-171.75555,63.70117],[-171.75434,63.71896],[-171.73992,63.7171],[-171.73321,63.72033],[-171.72575,63.73474],[-171.72799,63.74494],[-171.73743,63.76035],[-171.7434,63.78297],[-171.73818,63.78471],[-171.69965,63.78173],[-171.6733,63.78807],[-171.66733,63.78558],[-171.65987,63.77576],[-171.64396,63.77079],[-171.63825,63.74954],[-171.65291,63.73922],[-171.64669,63.72942],[-171.65263,63.70852],[-171.64003,63.69343],[-171.60944,63.67983],[-171.52186,63.6588],[-171.38168,63.63065],[-171.20256,63.6069],[-171.04449,63.58043],[-170.95082,63.57013],[-170.89758,63.57468],[-170.85903,63.5875],[-170.81658,63.60633],[-170.69816,63.64678],[-170.60628,63.67273],[-170.48819,63.69672],[-170.46295,63.69802],[-170.44107,63.69198],[-170.37387,63.68732],[-170.35936,63.68732],[-170.35453,63.69192],[-170.34485,63.69423],[-170.31584,63.69192],[-170.28199,63.68502],[-170.25781,63.66661],[-170.17641,63.62549],[-170.14004,63.6167],[-170.09583,63.6127],[-170.07669,63.58799],[-170.04092,63.52341],[-170.04711,63.49014],[-170.00794,63.47543],[-169.9063,63.45752],[-169.85708,63.44197],[-169.64317,63.4278],[-169.57989,63.40287],[-169.55437,63.37716],[-169.52052,63.36594],[-169.41533,63.35594],[-169.31297,63.35334],[-169.2676,63.34399],[-169.10196,63.33802],[-169.05195,63.34313],[-168.99924,63.34125],[-168.93739,63.33379],[-168.93262,63.32914],[-168.79609,63.30878],[-168.69294,63.30228],[-168.68515,63.29643],[-168.71687,63.25632],[-168.78324,63.18413],[-168.81834,63.16322],[-168.85875,63.14696],[-168.88968,63.14771],[-168.98302,63.16967],[-169.04267,63.17651],[-169.10581,63.1788],[-169.1984,63.17601],[-169.26204,63.16994],[-169.37567,63.15127],[-169.43675,63.11358],[-169.51365,63.08472],[-169.53498,63.07435],[-169.56113,63.05518],[-169.57587,63.03645],[-169.57697,63.02703],[-169.57278,63.02212],[-169.56802,62.97688],[-169.63831,62.93753],[-169.74674,62.95599],[-169.75725,62.96009],[-169.75751,62.96372],[-169.73494,62.97662],[-169.78847,63.04301],[-169.82991,63.07855],[-169.88123,63.10585],[-169.94406,63.13236],[-170.02121,63.1495],[-170.04962,63.16338],[-170.0534,63.16886],[-170.1013,63.1793],[-170.15407,63.1864],[-170.17442,63.18546],[-170.18649,63.18162],[-170.18198,63.1788],[-170.19369,63.17743],[-170.26303,63.17915],[-170.28139,63.18682],[-170.28565,63.19457],[-170.27792,63.20024],[-170.27772,63.20882],[-170.30363,63.23869],[-170.36481,63.2856],[-170.43066,63.31428],[-170.55895,63.35499],[-170.86541,63.41423],[-170.96748,63.42373],[-171.10085,63.42342],[-171.26925,63.38539],[-171.28716,63.37664],[-171.28541,63.36646],[-171.29032,63.35538],[-171.33309,63.33539],[-171.43332,63.30758],[-171.46445,63.30691],[-171.56226,63.33459],[-171.66711,63.35617],[-171.73932,63.36611],[-171.7953,63.40785],[-171.82487,63.43714],[-171.84998,63.48504],[-171.84038,63.54772]]],[[[-172.62026,52.29875],[-172.56805,52.34942],[-172.44818,52.39144],[-172.40524,52.38944],[-172.32644,52.36647],[-172.31143,52.35646],[-172.30239,52.34236],[-172.30145,52.32995],[-172.31313,52.3207],[-172.41442,52.27674],[-172.5281,52.25434],[-172.60894,52.25301],[-172.61684,52.25532],[-172.63315,52.26622],[-172.62026,52.29875]]],[[[-173.0638,60.50259],[-173.04502,60.51406],[-173.04883,60.52493],[-173.04788,60.5413],[-173.04074,60.56187],[-172.99392,60.57752],[-172.95114,60.60623],[-172.91264,60.60413],[-172.91501,60.58336],[-172.92713,60.56923],[-172.9269,60.55451],[-172.90337,60.53172],[-172.88483,60.50797],[-172.84276,60.48398],[-172.81733,60.4766],[-172.7648,60.44742],[-172.59177,60.39345],[-172.51357,60.38112],[-172.44726,60.383],[-172.42444,60.39263],[-172.38095,60.38276],[-172.37596,60.37431],[-172.33959,60.35621],[-172.21885,60.31174],[-172.25426,60.29738],[-172.29396,60.29537],[-172.32604,60.32763],[-172.38594,60.33528],[-172.50953,60.33445],[-172.57751,60.3201],[-172.60555,60.31951],[-172.63027,60.33492],[-172.70324,60.35609],[-172.72297,60.35903],[-172.75957,60.38464],[-172.90788,60.45422],[-172.93236,60.47636],[-173.05572,60.49615],[-173.0638,60.50259]]],[[[-173.09082,60.69895],[-173.07464,60.70466],[-173.06322,60.69514],[-173.05941,60.65516],[-173.04133,60.63042],[-173.04514,60.6228],[-173.11557,60.65897],[-173.09082,60.69895]]],[[[-174.04845,52.13291],[-174.03685,52.13588],[-173.98424,52.12785],[-173.92162,52.13296],[-173.87456,52.14814],[-173.89073,52.12547],[-173.81828,52.10536],[-173.80234,52.10639],[-173.77164,52.13165],[-173.72127,52.13021],[-173.62477,52.15221],[-173.60245,52.15377],[-173.59056,52.14539],[-173.55726,52.14288],[-173.52992,52.15936],[-173.51376,52.15251],[-173.53491,52.12859],[-173.51417,52.10835],[-173.49702,52.10364],[-173.46788,52.11642],[-173.37523,52.10823],[-173.37257,52.10275],[-173.3575,52.09613],[-173.27347,52.10932],[-173.23829,52.10044],[-173.17321,52.10914],[-173.1245,52.10942],[-173.10737,52.09928],[-172.95852,52.09365],[-172.96075,52.08702],[-173.03317,52.07461],[-173.04754,52.07333],[-173.10793,52.07883],[-173.15558,52.05967],[-173.20684,52.06353],[-173.3137,52.0587],[-173.39397,52.02867],[-173.42344,52.04227],[-173.47953,52.02619],[-173.51305,52.02531],[-173.54838,52.02931],[-173.61201,52.05115],[-173.71222,52.05616],[-173.79957,52.05365],[-173.83156,52.04076],[-173.90107,52.04944],[-173.93724,52.05751],[-173.93556,52.06473],[-173.97133,52.09943],[-174.01134,52.09886],[-174.04675,52.1224],[-174.0523,52.1304],[-174.04845,52.13291]]],[[[-175.32707,52.02703],[-175.1959,52.05141],[-175.13263,52.05922],[-175.11712,52.0545],[-175.11372,52.04631],[-175.09287,52.03479],[-175.04434,52.05752],[-175.03325,52.07617],[-175.00021,52.07793],[-174.99231,52.0586],[-174.9805,52.06147],[-174.96218,52.08202],[-174.9223,52.09158],[-174.92755,52.10142],[-174.92004,52.10927],[-174.90541,52.11651],[-174.87852,52.10261],[-174.8431,52.10275],[-174.83972,52.09134],[-174.78681,52.09132],[-174.74423,52.09837],[-174.75112,52.11735],[-174.7152,52.12738],[-174.6917,52.1067],[-174.65629,52.10796],[-174.60487,52.12212],[-174.59782,52.14143],[-174.5684,52.13843],[-174.55467,52.1604],[-174.56478,52.17504],[-174.55349,52.18014],[-174.52708,52.17472],[-174.46519,52.18071],[-174.42405,52.16905],[-174.41529,52.16938],[-174.40546,52.18356],[-174.4578,52.20283],[-174.46296,52.21303],[-174.45375,52.21882],[-174.40014,52.21905],[-174.3286,52.21165],[-174.29904,52.21467],[-174.24985,52.24369],[-174.25583,52.27415],[-174.32347,52.28399],[-174.34609,52.28504],[-174.3494,52.28134],[-174.36875,52.28041],[-174.40828,52.28987],[-174.45155,52.30556],[-174.45598,52.31369],[-174.45366,52.31937],[-174.43285,52.328],[-174.3842,52.32114],[-174.36705,52.3141],[-174.35862,52.31419],[-174.33106,52.32847],[-174.3177,52.34487],[-174.32081,52.35573],[-174.33049,52.36644],[-174.32982,52.37355],[-174.32494,52.3781],[-174.18535,52.41779],[-174.15577,52.41604],[-174.06825,52.39033],[-173.98942,52.32527],[-173.9852,52.3176],[-173.98792,52.29534],[-174.03622,52.24501],[-174.06045,52.22533],[-174.08404,52.22368],[-174.10653,52.22839],[-174.17768,52.23364],[-174.18286,52.23276],[-174.19862,52.21924],[-174.20039,52.21186],[-174.19684,52.19586],[-174.1901,52.19032],[-174.17504,52.18183],[-174.13522,52.16851],[-174.08281,52.13207],[-174.08068,52.12803],[-174.0891,52.10725],[-174.10216,52.10453],[-174.11437,52.11711],[-174.14226,52.12545],[-174.16857,52.11071],[-174.20635,52.11655],[-174.21847,52.10488],[-174.21812,52.09341],[-174.27828,52.08949],[-174.30295,52.11133],[-174.33442,52.1152],[-174.34846,52.10925],[-174.38266,52.08166],[-174.41504,52.02838],[-174.45365,52.04923],[-174.50782,52.05495],[-174.50882,52.04862],[-174.55628,52.03673],[-174.59364,52.04525],[-174.61594,52.03267],[-174.71461,52.00986],[-174.73659,52.00731],[-174.78319,52.03229],[-174.88555,52.043],[-174.96791,52.0372],[-175.00079,52.02835],[-175.01475,52.02058],[-175.01481,52.007],[-175.09551,52.0008],[-175.15567,52.01151],[-175.21174,52.006],[-175.27485,52.01862],[-175.29282,52.01879],[-175.30268,52.0115],[-175.32332,52.00749],[-175.34162,52.02159],[-175.32707,52.02703]]],[[[-175.50991,51.98242],[-175.45045,51.99666],[-175.42813,51.9903],[-175.42486,51.97233],[-175.5043,51.96851],[-175.50991,51.98242]]],[[[-175.53991,52.18344],[-175.51565,52.19216],[-175.49732,52.18079],[-175.48383,52.16757],[-175.49874,52.15539],[-175.52301,52.15653],[-175.53893,52.17128],[-175.53991,52.18344]]],[[[-175.74236,51.96663],[-175.72418,51.97505],[-175.58097,51.97246],[-175.57761,51.94957],[-175.5985,51.9475],[-175.64403,51.95262],[-175.69227,51.94496],[-175.72276,51.93176],[-175.74534,51.94678],[-175.74236,51.96663]]],[[[-175.95442,51.983],[-175.91254,51.99538],[-175.81451,51.99442],[-175.80785,51.98967],[-175.78501,51.93922],[-175.76026,51.92494],[-175.76026,51.91733],[-175.81546,51.92114],[-175.864,51.94398],[-175.87828,51.96397],[-175.94871,51.97539],[-175.95442,51.983]]],[[[-176.20025,52.07873],[-176.18255,52.10071],[-176.14951,52.11757],[-176.09187,52.11049],[-176.05598,52.10947],[-176.03649,52.08647],[-176.0069,52.07442],[-176.00868,52.05316],[-175.97493,52.04096],[-175.98147,52.02831],[-176.00155,52.02655],[-176.04469,52.00834],[-176.02294,51.98237],[-175.99395,51.96011],[-176.00286,51.94517],[-176.03828,51.93051],[-176.10364,51.92912],[-176.16864,51.94803],[-176.15664,51.99678],[-176.18302,51.9989],[-176.18956,52.02538],[-176.21119,52.06471],[-176.20025,52.07873]]],[[[-176.23625,51.82596],[-176.21754,51.87463],[-176.20607,51.88309],[-176.17387,51.88245],[-176.16105,51.86968],[-176.14091,51.85956],[-176.09914,51.85553],[-176.08044,51.85857],[-176.07223,51.86794],[-176.07887,51.87478],[-176.11549,51.88701],[-176.11145,51.88975],[-176.06529,51.90299],[-176.02018,51.91137],[-175.99265,51.91266],[-175.98499,51.90845],[-175.97156,51.88863],[-175.95755,51.89346],[-175.95325,51.88138],[-175.95429,51.86838],[-175.96304,51.84625],[-175.98374,51.85235],[-176.04789,51.84631],[-176.01653,51.83049],[-175.99846,51.80154],[-176.02366,51.80463],[-176.05372,51.81675],[-176.10209,51.82586],[-176.09496,51.79162],[-176.12396,51.80275],[-176.13962,51.80239],[-176.14064,51.78358],[-176.15819,51.7689],[-176.18647,51.78853],[-176.18314,51.8071],[-176.21696,51.81271],[-176.23625,51.82596]]],[[[-176.99132,51.62905],[-176.98449,51.65741],[-176.97625,51.6664],[-176.95013,51.68672],[-176.93087,51.6972],[-176.90688,51.69664],[-176.89697,51.70042],[-176.871,51.72941],[-176.88202,51.76663],[-176.90503,51.77153],[-176.91807,51.788],[-176.91709,51.79702],[-176.91102,51.8076],[-176.9043,51.81177],[-176.8562,51.81837],[-176.79016,51.81722],[-176.76248,51.86788],[-176.81043,51.92709],[-176.78956,51.95721],[-176.77402,51.9659],[-176.72078,51.96952],[-176.65648,51.95231],[-176.63051,51.97035],[-176.62715,51.97829],[-176.6036,51.99706],[-176.58996,52.00274],[-176.57997,52.00324],[-176.56056,51.99673],[-176.5544,51.99066],[-176.54487,51.92724],[-176.55466,51.90983],[-176.55838,51.90872],[-176.56627,51.9147],[-176.6161,51.90301],[-176.62345,51.8832],[-176.62546,51.85982],[-176.57638,51.84228],[-176.54331,51.83862],[-176.5176,51.83956],[-176.50799,51.84597],[-176.39806,51.86784],[-176.29073,51.87214],[-176.28169,51.86392],[-176.26649,51.81772],[-176.26824,51.7855],[-176.28992,51.74168],[-176.34376,51.73152],[-176.42546,51.73977],[-176.46705,51.72667],[-176.47413,51.74721],[-176.50817,51.72969],[-176.52077,51.70281],[-176.58293,51.69182],[-176.63164,51.6572],[-176.656,51.65831],[-176.66718,51.67585],[-176.70266,51.6854],[-176.71306,51.68333],[-176.73591,51.66215],[-176.72232,51.64585],[-176.71542,51.62042],[-176.75182,51.63502],[-176.80167,51.61349],[-176.809,51.61624],[-176.82625,51.64093],[-176.81444,51.66025],[-176.83751,51.68274],[-176.86306,51.68492],[-176.90318,51.63565],[-176.93095,51.59247],[-176.95415,51.59257],[-176.98433,51.60213],[-176.99132,51.62905]]],[[[-177.4649,51.91352],[-177.44676,51.92738],[-177.41813,51.92127],[-177.41008,51.89909],[-177.42903,51.88829],[-177.45898,51.88423],[-177.47916,51.89804],[-177.4649,51.91352]]],[[[-177.70526,51.70724],[-177.69766,51.71312],[-177.63998,51.73606],[-177.5975,51.72646],[-177.5552,51.72113],[-177.51559,51.72498],[-177.49797,51.73862],[-177.4612,51.75072],[-177.28148,51.78408],[-177.23818,51.79852],[-177.21193,51.81233],[-177.20568,51.82064],[-177.20083,51.84461],[-177.19976,51.92482],[-177.1914,51.938],[-177.18127,51.94317],[-177.15484,51.94438],[-177.09927,51.93612],[-177.05477,51.90894],[-177.04509,51.89861],[-177.08101,51.8555],[-177.12862,51.83384],[-177.13698,51.81449],[-177.13096,51.76277],[-177.12058,51.73982],[-177.12281,51.72935],[-177.14568,51.70729],[-177.26163,51.68085],[-177.27512,51.68051],[-177.3165,51.69035],[-177.31635,51.70081],[-177.32298,51.71142],[-177.34278,51.7214],[-177.39076,51.73353],[-177.41768,51.73087],[-177.44472,51.72542],[-177.46358,51.71394],[-177.49,51.70511],[-177.54039,51.69875],[-177.57097,51.69822],[-177.60806,51.70518],[-177.61675,51.70398],[-177.63152,51.69684],[-177.64052,51.67208],[-177.63588,51.65954],[-177.65139,51.6536],[-177.67095,51.66398],[-177.7078,51.70327],[-177.70526,51.70724]]],[[[-178.22462,51.88067],[-178.19709,51.90546],[-178.14533,51.91722],[-178.12479,51.92009],[-178.09063,51.9194],[-178.07055,51.91741],[-178.06115,51.91254],[-178.00234,51.90997],[-177.96372,51.91792],[-177.95209,51.91535],[-177.91327,51.87975],[-177.92432,51.85752],[-177.92157,51.85388],[-177.87496,51.8498],[-177.85976,51.82694],[-177.85228,51.82605],[-177.79654,51.84059],[-177.73491,51.82585],[-177.69171,51.84398],[-177.61531,51.85508],[-177.61451,51.85303],[-177.62501,51.83753],[-177.64921,51.82073],[-177.68555,51.81274],[-177.73591,51.80799],[-177.79772,51.7933],[-177.80065,51.77829],[-177.79631,51.77083],[-177.84227,51.73248],[-177.84242,51.72264],[-177.82752,51.71209],[-177.827,51.70597],[-177.84141,51.68956],[-177.85633,51.68102],[-177.86796,51.67937],[-177.89942,51.69256],[-177.91881,51.67439],[-177.92902,51.65052],[-177.90308,51.6065],[-177.90607,51.59767],[-177.90919,51.59667],[-177.93012,51.6015],[-177.94496,51.61154],[-177.95066,51.62],[-177.95302,51.63817],[-177.95744,51.64715],[-177.96385,51.65023],[-178.01304,51.62921],[-178.06982,51.67068],[-178.0863,51.66362],[-178.10938,51.67046],[-178.11786,51.67783],[-178.10429,51.70154],[-178.02182,51.70691],[-177.95644,51.72286],[-177.94778,51.74038],[-177.94665,51.75268],[-177.95028,51.76568],[-177.957,51.77254],[-177.96503,51.77816],[-177.99527,51.78153],[-178.03934,51.77893],[-178.05934,51.78683],[-178.08064,51.79874],[-178.08607,51.80805],[-178.21512,51.8578],[-178.22413,51.86488],[-178.22782,51.87353],[-178.22462,51.88067]]],[[[-178.68129,51.60895],[-178.63845,51.61181],[-178.61847,51.6099],[-178.59753,51.60324],[-178.57659,51.6061],[-178.56707,51.59848],[-178.57659,51.58325],[-178.62132,51.58896],[-178.64226,51.58611],[-178.67367,51.58896],[-178.68414,51.60229],[-178.68129,51.60895]]],[[[-178.85736,51.57659],[-178.82881,51.57564],[-178.76123,51.56231],[-178.73554,51.55089],[-178.73459,51.54233],[-178.79645,51.54137],[-178.82596,51.54709],[-178.85736,51.57278],[-178.85736,51.57659]]],[[[-178.87012,51.79526],[-178.85825,51.82097],[-178.82864,51.83615],[-178.81125,51.83902],[-178.7677,51.82318],[-178.74828,51.80994],[-178.73335,51.78395],[-178.75041,51.75775],[-178.77666,51.74861],[-178.80816,51.74708],[-178.87302,51.78262],[-178.87012,51.79526]]],[[[-178.99209,51.38131],[-178.97778,51.39893],[-178.96432,51.40249],[-178.92687,51.38364],[-178.91421,51.36399],[-178.90888,51.34058],[-178.95434,51.33925],[-178.95446,51.33273],[-178.96517,51.32268],[-178.97918,51.31438],[-178.99068,51.31165],[-178.99209,51.38131]]],[[[-179.13724,51.28601],[-179.1135,51.3008],[-179.09466,51.30123],[-179.07547,51.28462],[-179.06918,51.26287],[-179.07232,51.25096],[-179.09762,51.22613],[-179.12686,51.21986],[-179.1362,51.22922],[-179.14734,51.27678],[-179.13724,51.28601]]],[[[-180.51754,51.98283],[-180.47326,51.98116],[-180.45313,51.99141],[-180.42895,52.01111],[-180.39046,52.02235],[-180.36315,52.02571],[-180.33667,52.02294],[-180.22608,51.97069],[-180.22153,51.96222],[-180.24457,51.93577],[-180.25699,51.91175],[-180.34412,51.87622],[-180.36092,51.87193],[-180.38564,51.87177],[-180.47813,51.89677],[-180.51537,51.92127],[-180.52443,51.93746],[-180.51754,51.98283]]],[[[-181.37446,51.6373],[-181.35449,51.65763],[-181.33599,51.66193],[-181.32447,51.65906],[-181.3101,51.64442],[-181.26198,51.63273],[-181.19587,51.63503],[-181.09609,51.61491],[-181.08086,51.60555],[-181.08239,51.59495],[-181.07917,51.58614],[-180.9971,51.55249],[-180.9232,51.49852],[-180.89856,51.4855],[-180.85634,51.46944],[-180.80892,51.46294],[-180.78197,51.43894],[-180.76973,51.41342],[-180.76375,51.40961],[-180.73607,51.40584],[-180.61378,51.4044],[-180.53724,51.37618],[-180.53242,51.37163],[-180.54981,51.36514],[-180.60053,51.35943],[-180.63321,51.37184],[-180.73838,51.35769],[-180.77953,51.37667],[-180.78181,51.38738],[-180.7935,51.39328],[-180.93965,51.45488],[-180.98648,51.49728],[-181.04837,51.54196],[-181.15637,51.57864],[-181.16817,51.58053],[-181.21494,51.57187],[-181.29395,51.59318],[-181.36598,51.62398],[-181.37446,51.6373]]],[[[-181.55304,51.97822],[-181.53662,51.98785],[-181.52141,51.98755],[-181.44739,51.97397],[-181.42938,51.96806],[-181.4084,51.95265],[-181.40975,51.94546],[-181.4606,51.90325],[-181.49751,51.89964],[-181.51517,51.9099],[-181.53196,51.93163],[-181.55304,51.97822]]],[[[-181.76307,51.82821],[-181.6897,51.81999],[-181.66437,51.80703],[-181.61926,51.76391],[-181.69144,51.7757],[-181.75379,51.81708],[-181.76307,51.82821]]],[[[-181.90539,52.03329],[-181.89273,52.04574],[-181.8824,52.04861],[-181.88086,52.05166],[-181.85831,52.05103],[-181.82004,52.03325],[-181.80904,52.00355],[-181.82553,51.99168],[-181.86745,51.98698],[-181.89413,51.99836],[-181.90539,52.03329]]],[[[-182.79668,51.89656],[-182.7661,51.90962],[-182.72731,51.92005],[-182.70869,51.91943],[-182.65848,51.95502],[-182.65442,51.96301],[-182.58652,51.97972],[-182.51629,51.98488],[-182.50256,51.99333],[-182.49425,52.01637],[-182.49468,52.03877],[-182.4544,52.10109],[-182.4366,52.12196],[-182.39733,52.13732],[-182.33839,52.11275],[-182.32405,52.09217],[-182.33274,52.07627],[-182.34055,52.06944],[-182.36745,52.06484],[-182.39836,52.01638],[-182.42793,52.00181],[-182.46178,51.9789],[-182.46727,51.97007],[-182.45647,51.95618],[-182.42018,51.95084],[-182.39246,51.95472],[-182.38845,51.95083],[-182.38938,51.93671],[-182.39347,51.92507],[-182.399,51.92225],[-182.43949,51.91636],[-182.59046,51.93082],[-182.62607,51.91976],[-182.65118,51.90447],[-182.67322,51.87364],[-182.66577,51.86677],[-182.66598,51.84444],[-182.67831,51.82854],[-182.68823,51.82597],[-182.70596,51.8373],[-182.70398,51.83987],[-182.70658,51.84561],[-182.72663,51.85712],[-182.76448,51.87326],[-182.78758,51.87643],[-182.796,51.88053],[-182.79958,51.89475],[-182.79668,51.89656]]],[[[-184.12565,52.371],[-184.09327,52.37565],[-184.04944,52.36836],[-184.03348,52.35973],[-184.05582,52.33644],[-184.08871,52.33483],[-184.10932,52.34451],[-184.12668,52.36114],[-184.12565,52.371]]],[[[-185.93081,52.73489],[-185.90335,52.74348],[-185.86685,52.73379],[-185.85467,52.72855],[-185.84075,52.70739],[-185.89059,52.70856],[-185.92816,52.71829],[-185.93381,52.73104],[-185.93081,52.73489]]],[[[-186.04593,52.75141],[-185.99635,52.74428],[-185.9783,52.73029],[-185.99517,52.71986],[-186.0274,52.72942],[-186.03912,52.73814],[-186.04721,52.74788],[-186.04593,52.75141]]],[[[-186.13256,52.77513],[-186.10255,52.77178],[-186.06845,52.75857],[-186.05996,52.75186],[-186.06707,52.74665],[-186.07473,52.75243],[-186.10525,52.75078],[-186.13835,52.77358],[-186.13256,52.77513]]],[[[-186.6439,52.40556],[-186.61994,52.43184],[-186.55989,52.45366],[-186.5543,52.45503],[-186.52376,52.44191],[-186.49898,52.44093],[-186.4699,52.44997],[-186.45,52.46707],[-186.4547,52.476],[-186.44426,52.47947],[-186.41245,52.47678],[-186.37612,52.50695],[-186.31941,52.51288],[-186.2305,52.51207],[-186.2272,52.50991],[-186.2276,52.50688],[-186.24502,52.49613],[-186.26062,52.49326],[-186.29226,52.47738],[-186.30428,52.45893],[-186.3084,52.44593],[-186.30614,52.43869],[-186.29775,52.4348],[-186.28768,52.42103],[-186.2743,52.35658],[-186.35521,52.3576],[-186.39323,52.37825],[-186.41121,52.40097],[-186.44011,52.40116],[-186.45622,52.39267],[-186.48784,52.38504],[-186.51616,52.38349],[-186.53456,52.38462],[-186.54441,52.38966],[-186.6045,52.40265],[-186.6439,52.40556]]],[[[-187.53833,52.92716],[-187.37092,53.00132],[-187.35673,53.00498],[-187.25343,53.01075],[-186.89275,52.99323],[-186.86849,52.98752],[-186.84035,52.97416],[-186.82759,52.96055],[-186.78825,52.93949],[-186.74867,52.94436],[-186.7046,52.92699],[-186.57832,52.84548],[-186.57233,52.83076],[-186.69767,52.82329],[-186.71558,52.82793],[-186.77595,52.8564],[-186.79505,52.84891],[-186.81205,52.8315],[-186.8331,52.79523],[-186.85732,52.78625],[-186.88144,52.78444],[-187.00153,52.79698],[-187.09637,52.76167],[-187.19061,52.78929],[-187.23663,52.82366],[-187.23331,52.86267],[-187.24576,52.87749],[-187.35963,52.92544],[-187.41493,52.92133],[-187.487,52.90518],[-187.53098,52.91134],[-187.53833,52.92716]]],[[[-131.24119,55.09255],[-131.20728,55.11218],[-131.19063,55.10801],[-131.17457,55.08779],[-131.17576,55.08184],[-131.19003,55.06697],[-131.18765,55.04734],[-131.19003,55.04317],[-131.21323,55.04496],[-131.24,55.06161],[-131.24654,55.07292],[-131.24119,55.09255]]],[[[-131.48662,54.95039],[-131.40974,54.97115],[-131.26608,54.99881],[-131.24891,54.99719],[-131.24602,54.98956],[-131.25742,54.97901],[-131.24277,54.92964],[-131.2178,54.92742],[-131.1952,54.91977],[-131.20016,54.91017],[-131.26605,54.85937],[-131.35323,54.85901],[-131.4691,54.91315],[-131.4915,54.93039],[-131.48662,54.95039]]],[[[-131.62195,54.94653],[-131.52916,55.00219],[-131.50444,54.9951],[-131.50007,54.98092],[-131.52041,54.958],[-131.55122,54.94959],[-131.56738,54.93878],[-131.59457,54.93113],[-131.62195,54.94653]]],[[[-131.64628,55.03558],[-131.62074,55.04926],[-131.58939,55.08894],[-131.6053,55.10744],[-131.59498,55.1255],[-131.57777,55.13109],[-131.5586,55.12551],[-131.54809,55.14314],[-131.59845,55.17957],[-131.60738,55.24044],[-131.58907,55.27395],[-131.56956,55.28411],[-131.55092,55.28092],[-131.51665,55.26165],[-131.48225,55.25411],[-131.48152,55.24445],[-131.4627,55.22344],[-131.44529,55.21698],[-131.41695,55.2173],[-131.39769,55.21092],[-131.35564,55.18294],[-131.34141,55.16566],[-131.35265,55.16482],[-131.36232,55.1559],[-131.35057,55.06704],[-131.35631,55.04121],[-131.37857,55.01731],[-131.38857,55.01222],[-131.48499,55.01045],[-131.49886,55.01614],[-131.50845,55.02917],[-131.53214,55.03795],[-131.57988,55.01758],[-131.59006,55.00774],[-131.60566,55.0044],[-131.61563,55.007],[-131.64103,55.02658],[-131.64628,55.03558]]],[[[-131.87057,55.36455],[-131.8543,55.42107],[-131.85233,55.42378],[-131.83322,55.42201],[-131.8117,55.41405],[-131.80679,55.40517],[-131.79855,55.39939],[-131.7599,55.38184],[-131.71614,55.34957],[-131.68519,55.3335],[-131.66674,55.32749],[-131.64724,55.30614],[-131.65813,55.29251],[-131.68864,55.28211],[-131.69449,55.22374],[-131.71847,55.2001],[-131.74833,55.12859],[-131.79894,55.16235],[-131.82959,55.19192],[-131.8284,55.19848],[-131.85084,55.27436],[-131.86216,55.28928],[-131.87057,55.36455]]],[[[-132.48988,56.50344],[-132.47634,56.53058],[-132.47515,56.5446],[-132.44829,56.54369],[-132.44068,56.52901],[-132.44401,56.51931],[-132.45875,56.51144],[-132.46471,56.50215],[-132.48727,56.49714],[-132.48988,56.50344]]],[[[-132.56232,56.37939],[-132.55518,56.40378],[-132.50224,56.4365],[-132.47844,56.43828],[-132.41836,56.41508],[-132.40468,56.40557],[-132.40706,56.38653],[-132.49451,56.355],[-132.52008,56.35381],[-132.55935,56.36511],[-132.56232,56.37939]]],[[[-132.65274,56.4829],[-132.61526,56.50907],[-132.60694,56.51205],[-132.58136,56.51145],[-132.54685,56.5519],[-132.53079,56.56261],[-132.52068,56.56202],[-132.5183,56.55607],[-132.52128,56.54119],[-132.53853,56.51324],[-132.56232,56.49182],[-132.57303,56.48825],[-132.5766,56.45613],[-132.58612,56.44899],[-132.5998,56.44899],[-132.65096,56.47457],[-132.65274,56.4829]]],[[[-133.02549,56.22957],[-133.00565,56.25546],[-132.99899,56.27513],[-132.97855,56.27849],[-132.96049,56.2713],[-132.96286,56.2544],[-132.9309,56.22838],[-132.88407,56.17159],[-132.87849,56.14274],[-132.84925,56.1126],[-132.85674,56.10637],[-132.88419,56.1128],[-132.89643,56.09974],[-132.94135,56.12532],[-132.97178,56.1524],[-133.00268,56.15571],[-133.01266,56.18635],[-133.00434,56.19719],[-133.00826,56.20777],[-133.02549,56.22957]]],[[[-133.06944,56.35643],[-133.06036,56.35838],[-133.04571,56.37145],[-133.00657,56.41588],[-133.01082,56.42426],[-133.00236,56.43066],[-132.95736,56.44896],[-132.92766,56.45686],[-132.87192,56.45704],[-132.84318,56.44483],[-132.81926,56.43951],[-132.80814,56.4408],[-132.78286,56.45153],[-132.73447,56.45851],[-132.71606,56.45486],[-132.66813,56.44028],[-132.63433,56.42217],[-132.62859,56.41628],[-132.62061,56.3912],[-132.66218,56.36913],[-132.6794,56.3543],[-132.68411,56.34567],[-132.67655,56.33311],[-132.66248,56.32045],[-132.65547,56.30376],[-132.66208,56.27479],[-132.72125,56.25846],[-132.77605,56.25458],[-132.84372,56.23893],[-132.87758,56.24032],[-132.94076,56.27354],[-132.96108,56.29617],[-133.04538,56.32078],[-133.06756,56.33357],[-133.06944,56.35643]]],[[[-133.31865,55.42646],[-133.29307,55.4449],[-133.24311,55.44966],[-133.2318,55.43895],[-133.23299,55.43003],[-133.25084,55.4098],[-133.28653,55.40207],[-133.30676,55.40088],[-133.3252,55.41396],[-133.31865,55.42646]]],[[[-133.5621,54.86927],[-133.5311,54.86869],[-133.51448,54.83985],[-133.51333,54.80298],[-133.49624,54.75856],[-133.5087,54.74656],[-133.54851,54.78372],[-133.5497,54.81804],[-133.5621,54.86927]]],[[[-133.65582,55.62562],[-133.62492,55.64547],[-133.61922,55.67376],[-133.61993,55.69775],[-133.54815,55.67189],[-133.55219,55.65204],[-133.54577,55.64453],[-133.62278,55.58252],[-133.65558,55.61099],[-133.65582,55.62562]]],[[[-133.72736,55.60401],[-133.7145,55.61437],[-133.69765,55.59393],[-133.69266,55.58279],[-133.71595,55.58131],[-133.72855,55.59313],[-133.72736,55.60401]]],[[[-133.78905,55.45789],[-133.75913,55.53737],[-133.73303,55.55876],[-133.61562,55.55078],[-133.58433,55.53971],[-133.58201,55.53736],[-133.59016,55.50724],[-133.59563,55.50148],[-133.61167,55.49558],[-133.63298,55.49166],[-133.6442,55.47082],[-133.64457,55.46468],[-133.63867,55.4589],[-133.61837,55.45705],[-133.5737,55.47208],[-133.54409,55.49178],[-133.54232,55.50708],[-133.52565,55.5291],[-133.48096,55.51274],[-133.44367,55.51864],[-133.45458,55.53242],[-133.44266,55.55301],[-133.4361,55.56087],[-133.4135,55.57038],[-133.34485,55.56933],[-133.30741,55.54225],[-133.29235,55.53974],[-133.28532,55.53531],[-133.28192,55.52449],[-133.28985,55.50187],[-133.30575,55.48412],[-133.35899,55.45383],[-133.39651,55.47317],[-133.42652,55.4667],[-133.47405,55.43715],[-133.4653,55.42337],[-133.42582,55.42551],[-133.41665,55.42215],[-133.41252,55.41756],[-133.41158,55.40668],[-133.41938,55.38611],[-133.42737,55.38183],[-133.44628,55.38217],[-133.49703,55.36816],[-133.57681,55.3248],[-133.59581,55.29377],[-133.60349,55.27174],[-133.60907,55.24149],[-133.61278,55.23974],[-133.62346,55.24257],[-133.63451,55.25004],[-133.69017,55.30441],[-133.69094,55.3087],[-133.68916,55.32028],[-133.67224,55.32677],[-133.64773,55.34548],[-133.63301,55.3613],[-133.62242,55.39647],[-133.63629,55.42842],[-133.73908,55.47232],[-133.76435,55.46859],[-133.78905,55.45789]]],[[[-133.81636,55.96402],[-133.77785,55.98288],[-133.7488,56.00954],[-133.69377,56.07056],[-133.68421,56.07551],[-133.65924,56.08382],[-133.621,56.08413],[-133.59224,56.07949],[-133.55897,56.08466],[-133.55231,56.09633],[-133.58202,56.09779],[-133.63312,56.10786],[-133.64382,56.12774],[-133.63574,56.14774],[-133.58154,56.1292],[-133.55801,56.14284],[-133.55041,56.15833],[-133.55445,56.16719],[-133.58606,56.17831],[-133.60864,56.19074],[-133.64905,56.19788],[-133.67947,56.21176],[-133.6721,56.22273],[-133.64619,56.22419],[-133.62813,56.23661],[-133.63312,56.25272],[-133.64691,56.26222],[-133.65689,56.28123],[-133.66422,56.3105],[-133.65642,56.32691],[-133.64318,56.32446],[-133.62466,56.33707],[-133.62492,56.34391],[-133.58212,56.35251],[-133.41837,56.33213],[-133.32858,56.3328],[-133.23535,56.32428],[-133.19701,56.33302],[-133.16321,56.31744],[-133.09498,56.25058],[-133.07823,56.2468],[-133.04098,56.18454],[-133.052,56.15559],[-133.05999,56.15076],[-133.06146,56.13531],[-133.05552,56.12526],[-133.03298,56.11972],[-133.00767,56.12012],[-132.98984,56.10972],[-132.9896,56.08957],[-132.97724,56.07272],[-132.96191,56.06125],[-132.93209,56.06072],[-132.92341,56.04313],[-132.9273,56.03446],[-132.89767,56.02017],[-132.88288,56.03277],[-132.84557,56.03616],[-132.83759,56.02433],[-132.61846,55.91148],[-132.6151,55.90808],[-132.61476,55.89964],[-132.59208,55.87715],[-132.5434,55.84593],[-132.5048,55.81517],[-132.4707,55.78216],[-132.46253,55.67385],[-132.44886,55.66734],[-132.39427,55.66911],[-132.38251,55.66534],[-132.35856,55.64876],[-132.3324,55.59507],[-132.32928,55.57894],[-132.30112,55.55096],[-132.18877,55.50844],[-132.14606,55.47035],[-132.14294,55.45794],[-132.16476,55.45121],[-132.17861,55.45283],[-132.21941,55.47221],[-132.24733,55.49295],[-132.32573,55.51539],[-132.5148,55.57677],[-132.54454,55.56665],[-132.52551,55.55],[-132.60879,55.48635],[-132.60403,55.47683],[-132.56833,55.4798],[-132.51956,55.52025],[-132.4916,55.5036],[-132.40832,55.51252],[-132.38869,55.48099],[-132.3643,55.48337],[-132.31857,55.46921],[-132.28859,55.45137],[-132.28127,55.44419],[-132.30333,55.43827],[-132.41934,55.43205],[-132.39078,55.40174],[-132.2735,55.41919],[-132.25806,55.41614],[-132.22596,55.37492],[-132.16686,55.36304],[-132.1264,55.28842],[-132.11556,55.28124],[-132.09853,55.28056],[-132.10272,55.26817],[-132.10953,55.26024],[-132.14274,55.23821],[-132.16403,55.23762],[-132.21491,55.2457],[-132.22996,55.23808],[-132.20743,55.21827],[-132.12737,55.19957],[-132.10438,55.2009],[-132.08813,55.20652],[-132.0751,55.22239],[-132.07275,55.23372],[-132.07887,55.24034],[-132.07592,55.24628],[-132.06162,55.26005],[-132.03712,55.27514],[-132.02816,55.27695],[-131.99591,55.25905],[-131.97982,55.21179],[-131.9774,55.18095],[-131.98881,55.16546],[-132.03142,55.15167],[-132.03901,55.14407],[-132.03898,55.12501],[-132.01693,55.12097],[-132.039,55.08696],[-132.09402,55.03945],[-132.15406,55.0182],[-132.18033,55.01556],[-132.19761,55.00516],[-132.19258,54.98965],[-132.14326,54.98463],[-132.07254,55.01696],[-132.03922,55.03677],[-132.02829,55.03867],[-132.00045,55.03571],[-131.98459,55.02798],[-131.98289,54.85307],[-131.9659,54.83554],[-131.95738,54.80428],[-131.95791,54.79124],[-131.99959,54.73197],[-132.02975,54.70119],[-132.14228,54.69167],[-132.16518,54.69405],[-132.17963,54.7059],[-132.19957,54.71544],[-132.25609,54.73462],[-132.2796,54.72823],[-132.2818,54.71529],[-132.30794,54.71871],[-132.32255,54.74396],[-132.36639,54.7512],[-132.37104,54.7829],[-132.42903,54.78592],[-132.49101,54.77558],[-132.50937,54.78126],[-132.44781,54.8266],[-132.351,54.81818],[-132.35063,54.82131],[-132.34101,54.82672],[-132.33266,54.82632],[-132.3449,54.85192],[-132.41644,54.88748],[-132.48458,54.8993],[-132.55839,54.93261],[-132.60979,54.96573],[-132.61484,54.98009],[-132.6099,54.99152],[-132.59856,54.9903],[-132.57783,54.99423],[-132.575,54.99832],[-132.5418,55.09776],[-132.5505,55.11425],[-132.56182,55.1149],[-132.59457,55.10538],[-132.61991,55.06909],[-132.6243,55.05616],[-132.62669,55.05331],[-132.63331,55.05495],[-132.63787,55.0736],[-132.62452,55.11442],[-132.6069,55.14172],[-132.59867,55.15048],[-132.58787,55.15597],[-132.58113,55.16608],[-132.60522,55.19406],[-132.62012,55.19962],[-132.63793,55.18608],[-132.62964,55.17423],[-132.63576,55.15251],[-132.69523,55.13771],[-132.73565,55.13422],[-132.7122,55.09874],[-132.68401,55.0456],[-132.69292,55.02506],[-132.74885,54.99601],[-132.86412,55.02483],[-132.91641,55.04447],[-132.92677,55.05502],[-132.93117,55.07415],[-132.90936,55.08128],[-132.86983,55.1241],[-132.89428,55.16937],[-132.93545,55.2099],[-132.98217,55.21588],[-133.00816,55.2057],[-133.04075,55.23297],[-133.04394,55.24857],[-133.10471,55.2638],[-133.11929,55.2514],[-133.07338,55.18449],[-133.01227,55.12806],[-132.99086,55.07911],[-132.9904,55.06673],[-133.01135,55.05685],[-133.01974,55.04837],[-133.01418,55.0355],[-132.95951,55.02105],[-132.90971,54.92359],[-132.91465,54.91401],[-132.88947,54.89662],[-132.82834,54.86875],[-132.80453,54.87094],[-132.80374,54.89721],[-132.81428,54.90936],[-132.81739,54.92364],[-132.80078,54.93378],[-132.73093,54.93948],[-132.65,54.90439],[-132.62861,54.88332],[-132.62556,54.8075],[-132.61485,54.77717],[-132.61902,54.76656],[-132.63903,54.75325],[-132.66725,54.76337],[-132.68116,54.7737],[-132.7012,54.79845],[-132.70115,54.81101],[-132.72354,54.82513],[-132.72937,54.82698],[-132.75487,54.82124],[-132.75978,54.817],[-132.75936,54.80828],[-132.74745,54.80074],[-132.72201,54.76326],[-132.67623,54.68086],[-132.67587,54.67281],[-132.69397,54.66906],[-132.77573,54.67484],[-132.8696,54.70242],[-132.86408,54.71692],[-132.8656,54.72891],[-132.87721,54.75377],[-132.89155,54.76819],[-132.90952,54.78052],[-132.94048,54.78383],[-132.95025,54.78833],[-133.03275,54.85506],[-133.12394,54.94006],[-133.15976,54.95876],[-133.16479,54.97691],[-133.15733,55.00037],[-133.16893,55.03089],[-133.19772,55.0334],[-133.21042,55.04027],[-133.2397,55.09242],[-133.2181,55.10104],[-133.14495,55.09916],[-133.1287,55.10143],[-133.1525,55.11132],[-133.23192,55.12778],[-133.21509,55.13688],[-133.23691,55.18333],[-133.22379,55.22932],[-133.25448,55.23115],[-133.28198,55.21712],[-133.32302,55.20703],[-133.34126,55.2057],[-133.35372,55.22122],[-133.37661,55.22829],[-133.41526,55.21216],[-133.44107,55.21165],[-133.45378,55.2185],[-133.47194,55.24753],[-133.47287,55.26787],[-133.45975,55.30678],[-133.45282,55.31998],[-133.43635,55.33016],[-133.39537,55.34175],[-133.35208,55.34738],[-133.33236,55.34536],[-133.31349,55.33156],[-133.31111,55.3173],[-133.2924,55.29138],[-133.269,55.28697],[-133.24434,55.29187],[-133.23357,55.30882],[-133.27927,55.33326],[-133.27844,55.34918],[-133.26907,55.35934],[-133.22684,55.38185],[-133.20879,55.38424],[-133.15776,55.37191],[-133.0779,55.41039],[-133.1043,55.42691],[-133.13813,55.45837],[-133.17321,55.47928],[-133.18343,55.4922],[-133.16513,55.50243],[-133.13329,55.50251],[-133.13241,55.51358],[-133.15634,55.51589],[-133.1908,55.53083],[-133.18961,55.55853],[-133.15657,55.56359],[-133.17676,55.58672],[-133.26304,55.56879],[-133.27597,55.58019],[-133.29416,55.58868],[-133.3869,55.61935],[-133.43818,55.64386],[-133.45248,55.6682],[-133.42967,55.67142],[-133.39449,55.66688],[-133.40423,55.69446],[-133.42729,55.71027],[-133.41655,55.73965],[-133.49143,55.76408],[-133.51263,55.7559],[-133.5097,55.74418],[-133.49409,55.73316],[-133.49088,55.72658],[-133.48925,55.71308],[-133.49244,55.70652],[-133.52739,55.69511],[-133.5545,55.69835],[-133.5833,55.70534],[-133.64332,55.72904],[-133.70056,55.77862],[-133.70115,55.78516],[-133.65594,55.82323],[-133.62263,55.83096],[-133.556,55.83513],[-133.42206,55.78882],[-133.34792,55.80394],[-133.32366,55.81863],[-133.35296,55.83732],[-133.38409,55.87677],[-133.44702,55.89049],[-133.49099,55.87356],[-133.52141,55.87822],[-133.52284,55.88742],[-133.49598,55.91314],[-133.50187,55.94934],[-133.47689,56.00407],[-133.49505,56.01709],[-133.54104,55.97732],[-133.63812,55.92098],[-133.67471,55.9132],[-133.70015,55.89948],[-133.67242,55.88099],[-133.67115,55.86322],[-133.68256,55.85041],[-133.6923,55.85508],[-133.70466,55.87802],[-133.71881,55.89324],[-133.79993,55.92535],[-133.81696,55.95213],[-133.81636,55.96402]]],[[[-133.88269,57.30065],[-133.85345,57.31726],[-133.82843,57.32201],[-133.7864,57.31153],[-133.77803,57.29436],[-133.84089,57.27107],[-133.87567,57.26761],[-133.88269,57.30065]]],[[[-133.9435,55.91245],[-133.93502,55.92069],[-133.89185,55.93668],[-133.8641,55.93629],[-133.85429,55.93158],[-133.8403,55.88677],[-133.86104,55.84884],[-133.86699,55.84589],[-133.89471,55.84564],[-133.90318,55.8481],[-133.92933,55.86954],[-133.94562,55.89622],[-133.9435,55.91245]]],[[[-134.36696,55.91054],[-134.33606,55.92661],[-134.31578,55.923],[-134.26666,55.92959],[-134.26238,55.89255],[-134.23061,55.90563],[-134.15222,55.92092],[-134.13736,55.93465],[-134.1395,55.95168],[-134.12269,55.98552],[-134.09981,55.98414],[-134.11668,55.94476],[-134.12284,55.91865],[-134.11806,55.91464],[-134.13054,55.89751],[-134.16836,55.89232],[-134.20825,55.87671],[-134.23116,55.86475],[-134.24054,55.85392],[-134.28245,55.82867],[-134.31419,55.82679],[-134.32724,55.83644],[-134.34442,55.8432],[-134.34543,55.85669],[-134.31704,55.86856],[-134.36696,55.91054]]],[[[-134.41521,56.84795],[-134.35365,56.89315],[-134.29637,56.9073],[-134.27046,56.93558],[-134.15328,56.9348],[-134.1471,56.95697],[-134.04775,56.923],[-134.00663,56.85159],[-133.94294,56.80555],[-133.88708,56.80867],[-133.83337,56.80321],[-133.8008,56.78525],[-133.76532,56.80749],[-133.79536,56.82459],[-133.86904,56.84594],[-133.88743,56.86839],[-133.91636,56.91445],[-133.90363,56.92727],[-133.92145,56.96151],[-133.96706,56.98804],[-134.04922,57.0292],[-134.03398,57.06328],[-134.00886,57.07458],[-133.88796,57.09774],[-133.70292,57.06521],[-133.61391,57.05798],[-133.53626,57.0387],[-133.4462,57.02012],[-133.3625,57.00742],[-133.34422,57.00183],[-133.33427,57.00244],[-133.32506,57.01171],[-133.30832,57.01476],[-133.10461,57.0057],[-132.99743,56.9422],[-132.98137,56.92738],[-132.94708,56.87096],[-132.93593,56.83996],[-132.93526,56.82294],[-132.90321,56.80361],[-132.82056,56.79379],[-132.76296,56.75323],[-132.74171,56.72428],[-132.74321,56.71372],[-132.66587,56.68024],[-132.62279,56.66871],[-132.61926,56.66078],[-132.6282,56.64564],[-132.61651,56.63945],[-132.59518,56.61331],[-132.57454,56.61262],[-132.54646,56.60656],[-132.5397,56.5932],[-132.54128,56.58457],[-132.61083,56.55625],[-132.62743,56.55243],[-132.65091,56.55213],[-132.70128,56.52958],[-132.72419,56.51537],[-132.79663,56.49647],[-132.81804,56.49493],[-132.87428,56.50911],[-132.98691,56.51078],[-133.13831,56.53292],[-133.1421,56.52859],[-133.14248,56.5197],[-133.12473,56.51144],[-133.12224,56.49202],[-133.14873,56.46736],[-133.161,56.46026],[-133.20358,56.44766],[-133.3485,56.46957],[-133.3563,56.47179],[-133.36162,56.48607],[-133.37189,56.49369],[-133.4018,56.49636],[-133.4178,56.49415],[-133.42858,56.47925],[-133.46063,56.45412],[-133.51268,56.43702],[-133.53297,56.43475],[-133.60367,56.43541],[-133.65547,56.44228],[-133.66309,56.44807],[-133.67584,56.52271],[-133.71453,56.55003],[-133.82101,56.49523],[-133.77656,56.47016],[-133.7806,56.39249],[-133.86397,56.39067],[-133.87163,56.3638],[-133.84762,56.35132],[-133.83455,56.3198],[-133.87662,56.27588],[-133.88114,56.2232],[-133.90301,56.20086],[-133.94199,56.1801],[-133.92773,56.14595],[-133.96052,56.09136],[-133.99689,56.08221],[-134.01804,56.08818],[-134.08745,56.09494],[-134.10789,56.08062],[-134.11193,56.04519],[-134.13712,56.00641],[-134.1897,56.02268],[-134.23409,56.06709],[-134.25929,56.12145],[-134.26262,56.21513],[-134.29946,56.28961],[-134.2928,56.35406],[-134.24313,56.39578],[-134.25192,56.44455],[-134.22411,56.47502],[-134.19797,56.53103],[-134.24194,56.55553],[-134.32013,56.55448],[-134.30112,56.62032],[-134.3218,56.6445],[-134.37627,56.66861],[-134.40166,56.733],[-134.39667,56.76975],[-134.41853,56.82233],[-134.41521,56.84795]]],[[[-134.9605,58.40376],[-134.9559,58.4103],[-134.80612,58.32128],[-134.80239,58.30107],[-134.77935,58.28128],[-134.76005,58.27525],[-134.72986,58.27351],[-134.72446,58.26828],[-134.71051,58.19256],[-134.69996,58.16149],[-134.68281,58.15884],[-134.63143,58.1622],[-134.60891,58.17164],[-134.5948,58.18351],[-134.55924,58.19512],[-134.51964,58.17577],[-134.47981,58.1712],[-134.44666,58.17358],[-134.41395,58.16755],[-134.37144,58.14897],[-134.32736,58.14388],[-134.31704,58.14544],[-134.30648,58.15249],[-134.2597,58.15771],[-134.21598,58.16213],[-134.17747,58.15964],[-134.16633,58.13256],[-134.16726,58.12858],[-134.19272,58.10768],[-134.18937,58.08344],[-134.16974,58.06685],[-134.09865,58.01875],[-134.09188,58.01078],[-134.08757,57.99647],[-134.10155,57.98872],[-134.10112,57.98407],[-134.01687,57.93001],[-133.99995,57.91481],[-133.99598,57.89563],[-133.96379,57.85463],[-133.93473,57.83763],[-133.90487,57.80741],[-133.90269,57.7978],[-133.90808,57.79167],[-133.90989,57.78063],[-133.89685,57.68552],[-133.86813,57.66014],[-133.83742,57.63849],[-133.82167,57.63389],[-133.80829,57.6096],[-133.806,57.58346],[-133.81164,57.57236],[-133.8176,57.56835],[-133.84084,57.57686],[-133.85963,57.60533],[-133.85801,57.61694],[-133.86311,57.6237],[-133.91133,57.66356],[-133.97009,57.69534],[-133.99496,57.71982],[-134.01073,57.75939],[-134.01314,57.78939],[-134.03082,57.81865],[-134.06183,57.82981],[-134.09863,57.85055],[-134.12134,57.87124],[-134.11921,57.87292],[-134.1219,57.88252],[-134.13215,57.89619],[-134.17661,57.90973],[-134.20235,57.90633],[-134.20687,57.8959],[-134.16312,57.84867],[-134.11295,57.80926],[-134.10541,57.79597],[-134.1009,57.77678],[-134.14634,57.76026],[-134.1277,57.73922],[-134.1161,57.72758],[-134.02017,57.65673],[-133.99397,57.6491],[-133.93598,57.61441],[-133.93436,57.60177],[-133.94516,57.56984],[-133.94342,57.56155],[-133.92056,57.53009],[-133.88627,57.505],[-133.85737,57.46396],[-133.92754,57.46957],[-133.92553,57.45665],[-133.87033,57.3813],[-133.86693,57.36787],[-133.87066,57.35829],[-133.96849,57.30394],[-133.9835,57.30284],[-134.00839,57.31752],[-134.03456,57.32764],[-134.05562,57.33019],[-134.09489,57.3264],[-134.10059,57.32174],[-134.0805,57.29768],[-134.11032,57.24995],[-134.15539,57.208],[-134.19363,57.18488],[-134.29276,57.13705],[-134.3496,57.12464],[-134.37836,57.11502],[-134.3708,57.09992],[-134.38605,57.08739],[-134.48117,57.04601],[-134.48429,57.03648],[-134.49772,57.03119],[-134.56569,57.02374],[-134.60141,57.03381],[-134.63457,57.10986],[-134.64677,57.22633],[-134.64017,57.23985],[-134.60503,57.273],[-134.57095,57.29462],[-134.51728,57.31457],[-134.54339,57.33741],[-134.55979,57.33614],[-134.57411,57.34117],[-134.57851,57.40029],[-134.55554,57.40743],[-134.52759,57.40533],[-134.52787,57.38987],[-134.48602,57.37249],[-134.47724,57.3744],[-134.46403,57.39218],[-134.60756,57.51304],[-134.59845,57.5224],[-134.59598,57.53411],[-134.61118,57.56314],[-134.67444,57.61441],[-134.70052,57.69597],[-134.70486,57.70146],[-134.72035,57.70705],[-134.7318,57.72192],[-134.72879,57.75664],[-134.70902,57.7805],[-134.70587,57.82893],[-134.72708,57.8771],[-134.74611,57.89853],[-134.75883,57.98021],[-134.76529,57.99376],[-134.77702,58.00468],[-134.7968,58.05886],[-134.78377,58.08229],[-134.78493,58.09679],[-134.82066,58.14146],[-134.85722,58.17629],[-134.8643,58.18049],[-134.88586,58.18403],[-134.89966,58.19432],[-134.91486,58.21493],[-134.94833,58.28132],[-134.96919,58.36754],[-134.9605,58.40376]]],[[[-135.02857,58.51989],[-135.02143,58.5193],[-134.9905,58.50443],[-134.97028,58.50264],[-134.90365,58.48123],[-134.8513,58.43126],[-134.80609,58.37415],[-134.81026,58.37058],[-134.8406,58.36999],[-134.91873,58.468],[-134.956,58.46993],[-135.00418,58.4848],[-135.03214,58.51395],[-135.02857,58.51989]]],[[[-135.34933,59.02003],[-135.3303,59.01242],[-135.29603,58.95912],[-135.29863,58.91926],[-135.31602,58.92486],[-135.33411,58.94389],[-135.35314,59.01052],[-135.34933,59.02003]]],[[[-135.69512,57.36308],[-135.6877,57.36748],[-135.65961,57.37391],[-135.63956,57.37188],[-135.62802,57.38339],[-135.62702,57.38821],[-135.63357,57.39421],[-135.63365,57.3991],[-135.62601,57.39958],[-135.5854,57.41681],[-135.57087,57.41746],[-135.55455,57.42664],[-135.55532,57.43674],[-135.56099,57.43745],[-135.56223,57.44272],[-135.55611,57.44646],[-135.54016,57.44624],[-135.53422,57.45025],[-135.53207,57.48112],[-135.54879,57.50898],[-135.52604,57.5097],[-135.4434,57.55688],[-135.41921,57.56416],[-135.3476,57.55023],[-135.29449,57.51084],[-135.30846,57.4952],[-135.29778,57.48372],[-135.26556,57.48086],[-135.22729,57.48984],[-135.20912,57.48875],[-135.16102,57.46071],[-135.16806,57.45421],[-135.15921,57.44557],[-135.14595,57.43905],[-135.06505,57.41897],[-134.92652,57.42227],[-134.89344,57.42004],[-134.84948,57.40967],[-134.80635,57.34189],[-134.81277,57.29977],[-134.82936,57.2941],[-134.83521,57.30031],[-134.88478,57.33],[-134.95127,57.32866],[-134.95501,57.30943],[-134.94663,57.30316],[-134.92233,57.30371],[-134.87954,57.28818],[-134.84177,57.24859],[-134.75589,57.05803],[-134.73788,57.00993],[-134.74014,56.94848],[-134.71928,56.92903],[-134.69574,56.90079],[-134.6991,56.85086],[-134.67424,56.82518],[-134.66343,56.80469],[-134.634,56.72872],[-134.6198,56.66589],[-134.61596,56.63729],[-134.62694,56.55387],[-134.63421,56.54097],[-134.63973,56.53883],[-134.67105,56.5412],[-134.66384,56.50318],[-134.64531,56.47221],[-134.63651,56.40563],[-134.63401,56.31584],[-134.63467,56.26583],[-134.65383,56.19839],[-134.66815,56.16703],[-134.70501,56.17572],[-134.80616,56.23553],[-134.83941,56.3094],[-134.91591,56.36055],[-134.9457,56.38971],[-134.99076,56.458],[-135.02378,56.49998],[-135.05824,56.52945],[-135.06088,56.54196],[-135.05676,56.57061],[-135.04505,56.58339],[-135.02674,56.59463],[-135.00525,56.60225],[-134.99767,56.59727],[-134.98588,56.59584],[-134.96716,56.60303],[-134.96984,56.61539],[-134.97939,56.62768],[-135.02975,56.62892],[-135.03643,56.61963],[-135.06569,56.60785],[-135.09161,56.60007],[-135.11871,56.59773],[-135.14884,56.64892],[-135.14776,56.65193],[-135.17583,56.67788],[-135.21583,56.66534],[-135.22414,56.68786],[-135.27491,56.70163],[-135.30508,56.72638],[-135.31743,56.74331],[-135.31808,56.74869],[-135.28161,56.75853],[-135.28088,56.76836],[-135.31016,56.77809],[-135.36224,56.75874],[-135.39868,56.7792],[-135.46718,56.77141],[-135.50631,56.78141],[-135.53527,56.82614],[-135.57342,56.86338],[-135.50687,56.86598],[-135.46753,56.84142],[-135.43224,56.85207],[-135.44792,56.88923],[-135.44234,56.94235],[-135.37757,56.98861],[-135.35345,57.0209],[-135.38363,57.0405],[-135.45791,57.07017],[-135.49308,57.09454],[-135.47716,57.11533],[-135.4097,57.14886],[-135.42275,57.16772],[-135.39931,57.185],[-135.37244,57.19806],[-135.37758,57.2063],[-135.37202,57.228],[-135.36177,57.23359],[-135.35871,57.24378],[-135.36618,57.24885],[-135.40609,57.25168],[-135.42923,57.24721],[-135.44907,57.2481],[-135.47768,57.25682],[-135.50312,57.25381],[-135.51124,57.24708],[-135.55257,57.23319],[-135.56188,57.24187],[-135.56895,57.25519],[-135.6023,57.28571],[-135.60416,57.29044],[-135.60069,57.29407],[-135.60178,57.30077],[-135.63142,57.31157],[-135.63742,57.31528],[-135.63821,57.32028],[-135.67469,57.33675],[-135.6846,57.35033],[-135.69556,57.35746],[-135.69512,57.36308]]],[[[-135.72791,58.36544],[-135.66985,58.38067],[-135.63178,58.38067],[-135.60227,58.37496],[-135.5385,58.33784],[-135.54421,58.33023],[-135.64986,58.32452],[-135.6965,58.33594],[-135.72791,58.36544]]],[[[-135.85245,57.24094],[-135.85317,57.26742],[-135.83772,57.28207],[-135.85816,57.32136],[-135.84818,57.33855],[-135.76071,57.34663],[-135.71365,57.33137],[-135.6982,57.3193],[-135.6386,57.29286],[-135.58388,57.22975],[-135.54133,57.21302],[-135.4788,57.23896],[-135.39873,57.23068],[-135.4118,57.20346],[-135.45173,57.17645],[-135.45577,57.16008],[-135.49285,57.15853],[-135.51828,57.15002],[-135.54133,57.1477],[-135.57223,57.12629],[-135.57104,57.09261],[-135.60052,57.07168],[-135.60456,57.04583],[-135.63046,57.02644],[-135.63688,57.00987],[-135.6799,57.01466],[-135.7348,57.00211],[-135.77259,56.99874],[-135.8256,56.98903],[-135.85602,56.99564],[-135.84746,57.04183],[-135.84461,57.08357],[-135.80611,57.10939],[-135.75501,57.12397],[-135.74003,57.14629],[-135.75358,57.16717],[-135.79137,57.17103],[-135.83225,57.17065],[-135.82346,57.19564],[-135.87052,57.22164],[-135.85245,57.24094]]],[[[-136.15359,58.59697],[-136.14598,58.60744],[-136.12314,58.60934],[-136.10029,58.59601],[-136.08982,58.57507],[-136.08887,58.56556],[-136.09649,58.55889],[-136.14979,58.59125],[-136.15359,58.59697]]],[[[-136.15615,58.28389],[-136.11867,58.30352],[-136.04789,58.31898],[-136.03837,58.31898],[-136.03301,58.31125],[-136.03539,58.27318],[-136.09429,58.25712],[-136.12522,58.26188],[-136.15734,58.27913],[-136.15615,58.28389]]],[[[-136.57329,57.92684],[-136.56322,58.03505],[-136.55625,58.07702],[-136.53871,58.09348],[-136.50012,58.10479],[-136.47581,58.10129],[-136.46927,58.09687],[-136.42045,58.13186],[-136.36554,58.14885],[-136.35484,58.19228],[-136.36138,58.21429],[-136.37328,58.23213],[-136.38711,58.25241],[-136.40481,58.26723],[-136.40005,58.27199],[-136.31795,58.27378],[-136.28405,58.26961],[-136.28702,58.24582],[-136.28389,58.22369],[-136.23925,58.17191],[-136.19985,58.18087],[-136.16211,58.21872],[-136.13901,58.22439],[-136.03616,58.21921],[-136.03303,58.20546],[-135.97639,58.20203],[-135.96612,58.21139],[-135.91418,58.24407],[-135.82356,58.28298],[-135.80113,58.28772],[-135.78338,58.28671],[-135.7351,58.24021],[-135.7124,58.23189],[-135.63052,58.22293],[-135.5892,58.21368],[-135.52265,58.18591],[-135.49791,58.16888],[-135.52467,58.12075],[-135.54071,58.10175],[-135.58682,58.08167],[-135.65137,58.03648],[-135.63849,57.99451],[-135.62158,57.98462],[-135.59329,57.98964],[-135.58175,57.99757],[-135.56431,58.01501],[-135.56782,58.02342],[-135.56343,58.04349],[-135.54453,58.06088],[-135.49674,58.08621],[-135.45144,58.13435],[-135.41178,58.14547],[-135.39752,58.14415],[-135.2758,58.09702],[-135.1089,58.08827],[-135.08483,58.08087],[-135.08298,58.07474],[-135.0707,58.06124],[-134.97718,58.04994],[-134.96772,58.04762],[-134.95084,58.03699],[-134.935,58.02164],[-134.91285,57.97929],[-134.9211,57.9353],[-134.9264,57.92192],[-135.00495,57.88434],[-135.14067,57.92611],[-135.17371,57.9194],[-135.16522,57.90152],[-135.14672,57.89166],[-135.13196,57.88524],[-135.06572,57.86945],[-134.95455,57.81578],[-134.94944,57.80503],[-135.02337,57.78054],[-135.06842,57.77459],[-135.08851,57.78529],[-135.11501,57.77826],[-135.09842,57.7549],[-135.02484,57.74299],[-134.97812,57.76313],[-134.93992,57.76361],[-134.92973,57.7592],[-134.9216,57.74238],[-134.91479,57.70582],[-134.91817,57.68227],[-134.86743,57.62344],[-134.85639,57.59897],[-134.82489,57.50007],[-134.83712,57.48276],[-134.87435,57.46441],[-134.90268,57.45935],[-135.02515,57.45432],[-135.08434,57.46467],[-135.09682,57.46992],[-135.13406,57.49768],[-135.24285,57.5463],[-135.4747,57.63138],[-135.57161,57.6744],[-135.59345,57.6638],[-135.6507,57.65252],[-135.68495,57.67751],[-135.71232,57.67265],[-135.69742,57.64971],[-135.6609,57.6292],[-135.59278,57.60247],[-135.57119,57.60537],[-135.54614,57.61383],[-135.5263,57.60639],[-135.51101,57.59591],[-135.51947,57.58861],[-135.57057,57.57961],[-135.58748,57.56883],[-135.58848,57.55208],[-135.56565,57.54719],[-135.58051,57.51695],[-135.56681,57.4857],[-135.59714,57.44265],[-135.7114,57.36776],[-135.72048,57.37366],[-135.76802,57.38343],[-135.84381,57.3909],[-135.89213,57.40805],[-135.90082,57.41818],[-135.89698,57.44072],[-135.94377,57.45878],[-136.01453,57.50623],[-136.04755,57.51376],[-136.05551,57.53367],[-136.08807,57.55529],[-136.08574,57.57759],[-136.12063,57.5913],[-136.16306,57.55886],[-136.19027,57.5804],[-136.22961,57.59537],[-136.23817,57.62599],[-136.26669,57.66377],[-136.25082,57.68483],[-136.31463,57.7587],[-136.30468,57.77105],[-136.30943,57.77947],[-136.37238,57.83259],[-136.39116,57.83265],[-136.45883,57.8539],[-136.47442,57.87165],[-136.48426,57.89646],[-136.5342,57.91394],[-136.55765,57.91213],[-136.57205,57.91847],[-136.57329,57.92684]]],[[[-146.0116,60.39623],[-145.95313,60.40786],[-145.87874,60.40152],[-145.83144,60.39095],[-145.76489,60.39142],[-145.74445,60.38543],[-145.75443,60.35934],[-145.7801,60.35253],[-145.8312,60.35029],[-145.86733,60.35735],[-145.91011,60.37638],[-145.98855,60.38743],[-146.0116,60.39623]]],[[[-147.32108,60.8802],[-147.2263,60.91042],[-147.1934,60.90295],[-147.13132,60.91293],[-147.11534,60.91194],[-147.07777,60.8995],[-147.07179,60.89383],[-147.08964,60.87469],[-147.1418,60.85399],[-147.19235,60.86163],[-147.21775,60.86974],[-147.30909,60.87392],[-147.32564,60.87715],[-147.32108,60.8802]]],[[[-147.48383,60.68336],[-147.48764,60.72809],[-147.39531,60.74332],[-147.38389,60.74142],[-147.362,60.71477],[-147.3087,60.66527],[-147.34867,60.6272],[-147.48383,60.61864],[-147.50001,60.65385],[-147.48383,60.68336]]],[[[-147.50572,60.25315],[-147.4962,60.26552],[-147.42196,60.2798],[-147.34106,60.3055],[-147.34011,60.27504],[-147.48383,60.2246],[-147.49906,60.23507],[-147.50572,60.25315]]],[[[-147.92924,59.78388],[-147.89763,59.80193],[-147.89858,59.8158],[-147.91332,59.83718],[-147.88717,59.86225],[-147.85508,59.87192],[-147.80517,59.87323],[-147.80066,59.89434],[-147.81492,59.90876],[-147.80612,59.92091],[-147.77617,59.93044],[-147.74005,59.95508],[-147.71248,59.95199],[-147.68182,59.96175],[-147.67991,59.97638],[-147.70725,59.98292],[-147.69536,59.99671],[-147.63903,60.00954],[-147.58817,60.02581],[-147.55513,60.05181],[-147.48525,60.07434],[-147.40135,60.11641],[-147.37497,60.14659],[-147.37426,60.16031],[-147.33148,60.18443],[-147.31983,60.21774],[-147.22595,60.25491],[-147.20028,60.2766],[-147.23331,60.28956],[-147.2219,60.30405],[-147.21549,60.32759],[-147.20004,60.35029],[-147.15773,60.36745],[-147.10235,60.38002],[-147.08548,60.36874],[-147.10093,60.35652],[-147.08904,60.34288],[-147.00205,60.34429],[-147.00657,60.33229],[-147.03652,60.31287],[-147.06242,60.30087],[-147.02891,60.28638],[-146.99872,60.2971],[-146.94572,60.30993],[-146.92314,60.30946],[-146.91649,60.29097],[-146.9557,60.25915],[-147.08999,60.19247],[-147.17912,60.1583],[-147.21287,60.13914],[-147.35334,60.04706],[-147.3764,60.01619],[-147.36927,59.99374],[-147.38329,59.97828],[-147.33979,59.9621],[-147.37259,59.95294],[-147.42108,59.96615],[-147.48169,59.94366],[-147.50165,59.92687],[-147.47028,59.90673],[-147.44366,59.90316],[-147.39185,59.87776],[-147.41181,59.86404],[-147.46149,59.84166],[-147.50831,59.84196],[-147.54277,59.83503],[-147.56797,59.85115],[-147.62394,59.84828],[-147.65127,59.83312],[-147.64604,59.81783],[-147.68241,59.79894],[-147.7145,59.80385],[-147.76512,59.79595],[-147.80315,59.78507],[-147.83239,59.77012],[-147.87647,59.76389],[-147.9088,59.77143],[-147.92924,59.78388]]],[[[-147.95053,60.24379],[-147.93327,60.27363],[-147.79282,60.47619],[-147.77827,60.48401],[-147.76583,60.47651],[-147.77933,60.45708],[-147.75086,60.44098],[-147.73815,60.44128],[-147.71531,60.44792],[-147.70916,60.45188],[-147.7171,60.46728],[-147.72664,60.47222],[-147.72646,60.50253],[-147.72182,60.50863],[-147.61384,60.56591],[-147.56637,60.58085],[-147.55539,60.57406],[-147.55171,60.55961],[-147.56578,60.53471],[-147.60776,60.50692],[-147.62384,60.46588],[-147.61997,60.43682],[-147.69077,60.40505],[-147.68189,60.38817],[-147.63008,60.38955],[-147.62202,60.38379],[-147.61891,60.36885],[-147.63947,60.34058],[-147.67113,60.30893],[-147.7036,60.28559],[-147.69861,60.24555],[-147.70473,60.22787],[-147.72012,60.202],[-147.76068,60.1564],[-147.76648,60.15418],[-147.78358,60.16107],[-147.84568,60.19543],[-147.82799,60.20063],[-147.82896,60.20744],[-147.85545,60.21642],[-147.90899,60.22436],[-147.94516,60.22232],[-147.95623,60.22867],[-147.95053,60.24379]]],[[[-148.02026,60.72495],[-147.96542,60.752],[-147.95204,60.74188],[-147.90602,60.73551],[-147.8461,60.69451],[-147.86807,60.67083],[-147.93293,60.65571],[-147.97068,60.6738],[-148.02026,60.72495]]],[[[-150.2421,61.13784],[-150.22877,61.16258],[-150.22021,61.17019],[-150.16405,61.174],[-150.15834,61.16734],[-150.15834,61.16068],[-150.1907,61.13974],[-150.22877,61.12356],[-150.26589,61.12736],[-150.2421,61.13784]]],[[[-150.77224,59.33301],[-150.74274,59.35015],[-150.70181,59.38917],[-150.67135,59.41011],[-150.6171,59.39488],[-150.60949,59.38631],[-150.61805,59.35586],[-150.65042,59.34348],[-150.68087,59.30541],[-150.7218,59.29209],[-150.77319,59.30827],[-150.77224,59.33301]]],[[[-151.52882,59.14759],[-151.43339,59.13552],[-151.43173,59.11765],[-151.44504,59.10508],[-151.52632,59.13436],[-151.52882,59.14759]]],[[[-151.71814,59.13225],[-151.68771,59.12973],[-151.63839,59.11741],[-151.64338,59.1052],[-151.66237,59.08973],[-151.71373,59.10112],[-151.72657,59.11509],[-151.71814,59.13225]]],[[[-151.86062,59.16593],[-151.82425,59.17804],[-151.79953,59.17707],[-151.79027,59.16422],[-151.79454,59.14533],[-151.80869,59.13491],[-151.85812,59.14423],[-151.88308,59.15618],[-151.86062,59.16593]]],[[[-151.8885,58.21942],[-151.86232,58.25749],[-151.81711,58.26344],[-151.79094,58.24679],[-151.7957,58.2111],[-151.81711,58.18373],[-151.86232,58.16826],[-151.87184,58.16945],[-151.89087,58.19325],[-151.8885,58.21942]]],[[[-152.07452,58.92494],[-152.0631,58.94683],[-152.03169,58.94873],[-152.00409,58.94112],[-151.95555,58.91447],[-152.01646,58.90876],[-152.07452,58.91256],[-152.07452,58.92494]]],[[[-152.08285,60.34595],[-152.07238,60.36118],[-152.01242,60.40401],[-151.98006,60.41448],[-151.96578,60.47444],[-151.95246,60.51061],[-151.93057,60.51632],[-151.83919,60.48586],[-151.8411,60.4811],[-151.89535,60.46016],[-151.89154,60.44018],[-151.94008,60.43066],[-151.97435,60.38878],[-151.95626,60.36784],[-152.07999,60.34119],[-152.08285,60.34595]]],[[[-152.29853,57.38248],[-152.29092,57.39491],[-152.26881,57.39234],[-152.2536,57.38402],[-152.26105,57.36733],[-152.31207,57.36275],[-152.29853,57.38248]]],[[[-152.35625,58.91542],[-152.31247,58.9316],[-152.30771,58.96206],[-152.24204,58.93826],[-152.17827,58.94683],[-152.15447,58.94302],[-152.15923,58.93445],[-152.2763,58.90685],[-152.34293,58.9059],[-152.35625,58.91542]]],[[[-152.63964,60.16511],[-152.61966,60.18319],[-152.57873,60.16987],[-152.56731,60.15845],[-152.55018,60.11371],[-152.55303,60.09849],[-152.56065,60.09468],[-152.63298,60.14893],[-152.63964,60.16511]]],[[[-153.41834,58.06405],[-153.31613,58.14039],[-153.28187,58.14755],[-153.26264,58.1451],[-153.19912,58.102],[-153.16862,58.08839],[-153.1564,58.09009],[-153.14874,58.10612],[-153.16761,58.12782],[-153.20967,58.15035],[-153.22371,58.16212],[-153.2028,58.20808],[-153.1701,58.2167],[-153.07393,58.19511],[-153.06085,58.1945],[-153.03666,58.19924],[-153.00058,58.21177],[-152.99809,58.21412],[-153.00698,58.22185],[-153.06168,58.23565],[-153.08251,58.2445],[-153.10184,58.25794],[-153.09928,58.26407],[-153.04432,58.30634],[-153.00439,58.30013],[-152.99322,58.29625],[-152.98236,58.28749],[-152.94127,58.27961],[-152.8882,58.2831],[-152.87886,58.28853],[-152.86981,58.30491],[-152.91245,58.30719],[-152.93676,58.33051],[-152.93644,58.33492],[-152.89541,58.34531],[-152.87055,58.33574],[-152.82196,58.3285],[-152.80479,58.33951],[-152.77405,58.36683],[-152.83923,58.37248],[-152.88311,58.40044],[-152.88886,58.40938],[-152.86494,58.40434],[-152.81221,58.40346],[-152.78778,58.41131],[-152.77451,58.41972],[-152.77111,58.42952],[-152.73385,58.46066],[-152.68994,58.45986],[-152.61095,58.47577],[-152.60053,58.49495],[-152.62279,58.49419],[-152.65367,58.50657],[-152.66622,58.54409],[-152.666,58.56449],[-152.61613,58.60185],[-152.56771,58.6213],[-152.56017,58.61968],[-152.55042,58.611],[-152.54963,58.60102],[-152.54501,58.59425],[-152.50282,58.59345],[-152.45382,58.61852],[-152.35471,58.63828],[-152.33796,58.6374],[-152.32984,58.6321],[-152.33721,58.5891],[-152.37232,58.53117],[-152.38761,58.52287],[-152.41827,58.51524],[-152.50552,58.44188],[-152.51248,58.42735],[-152.49399,58.35468],[-152.47681,58.35095],[-152.38734,58.3595],[-152.36468,58.36461],[-152.34486,58.39163],[-152.35872,58.41559],[-152.35609,58.42347],[-152.32806,58.43437],[-152.30171,58.4287],[-152.27951,58.41587],[-152.22783,58.37642],[-152.23472,58.36202],[-152.22496,58.35737],[-152.20095,58.35533],[-152.12534,58.3964],[-152.09044,58.37263],[-152.08925,58.36764],[-152.11953,58.32977],[-152.13829,58.29571],[-152.14714,58.26699],[-152.14652,58.24912],[-152.11657,58.24854],[-152.10796,58.26053],[-152.10763,58.28024],[-152.08234,58.30994],[-151.98617,58.35041],[-151.96382,58.329],[-151.9641,58.26905],[-151.97205,58.2307],[-151.98613,58.21377],[-152.08108,58.15427],[-152.1122,58.14856],[-152.19483,58.17413],[-152.22317,58.19479],[-152.22444,58.20237],[-152.21983,58.20629],[-152.20749,58.20628],[-152.2037,58.21205],[-152.23383,58.24333],[-152.28063,58.24234],[-152.31142,58.22111],[-152.26511,58.13573],[-152.27361,58.12563],[-152.34352,58.11917],[-152.40189,58.12076],[-152.42539,58.12761],[-152.48267,58.12981],[-152.51479,58.11432],[-152.53039,58.08777],[-152.54153,58.08367],[-152.55724,58.08646],[-152.56959,58.1148],[-152.5575,58.16068],[-152.55988,58.17094],[-152.56283,58.17798],[-152.58422,58.18748],[-152.59751,58.17969],[-152.6151,58.11622],[-152.63121,58.08192],[-152.6568,58.06105],[-152.70683,58.05058],[-152.7713,58.04688],[-152.76247,58.01446],[-152.81904,57.99557],[-152.87184,57.99927],[-152.87142,57.99716],[-152.94755,57.98352],[-152.98241,57.9847],[-153.09746,58.00452],[-153.20253,58.03012],[-153.21812,58.04391],[-153.2897,58.05033],[-153.36557,58.03905],[-153.41978,58.05964],[-153.41834,58.06405]]],[[[-153.56002,59.39131],[-153.51053,59.39131],[-153.41249,59.4151],[-153.3906,59.41225],[-153.34777,59.37799],[-153.34301,59.35609],[-153.36586,59.33706],[-153.41344,59.32278],[-153.51529,59.32088],[-153.54669,59.33135],[-153.57334,59.37132],[-153.56002,59.39131]]],[[[-153.61741,56.89668],[-153.60244,56.90759],[-153.55847,56.91433],[-153.5442,56.90927],[-153.57486,56.89188],[-153.60362,56.88734],[-153.61741,56.89668]]],[[[-154.15935,56.69216],[-154.12079,56.70835],[-154.09604,56.70549],[-154.04655,56.73024],[-154.0218,56.71501],[-154.01704,56.68931],[-154.0218,56.68455],[-154.15315,56.6817],[-154.15935,56.69216]]],[[[-154.36236,56.54251],[-154.3414,56.5637],[-154.31091,56.58545],[-154.29002,56.59538],[-154.24423,56.60919],[-154.22376,56.61295],[-154.18482,56.60377],[-154.13674,56.60935],[-154.10324,56.61769],[-154.09001,56.6148],[-154.08183,56.60372],[-154.07519,56.58375],[-154.04157,56.55621],[-154.02533,56.55176],[-154.00927,56.55145],[-153.94051,56.55832],[-153.91529,56.56492],[-153.87876,56.56593],[-153.86846,56.55149],[-153.88768,56.53364],[-153.95296,56.50717],[-153.99391,56.5018],[-154.12024,56.50184],[-154.16399,56.50784],[-154.19728,56.502],[-154.23246,56.49105],[-154.3431,56.51017],[-154.36138,56.52564],[-154.36236,56.54251]]],[[[-154.77966,57.36633],[-154.72904,57.36249],[-154.70765,57.38069],[-154.7006,57.40116],[-154.69963,57.41287],[-154.70259,57.42053],[-154.69331,57.44608],[-154.62968,57.5102],[-154.60255,57.51875],[-154.59168,57.5186],[-154.54092,57.53962],[-154.52206,57.57779],[-154.51123,57.57865],[-154.50028,57.57442],[-154.46833,57.57034],[-154.43184,57.58478],[-154.41138,57.59845],[-154.34424,57.6309],[-154.22566,57.66137],[-154.19696,57.66464],[-154.1866,57.65858],[-154.08613,57.64905],[-154.05623,57.65243],[-154.03159,57.66085],[-153.99457,57.65691],[-153.98258,57.64825],[-153.98485,57.6046],[-153.9822,57.55316],[-153.97111,57.53944],[-153.94755,57.54024],[-153.92926,57.53325],[-153.92298,57.52015],[-153.92218,57.49904],[-153.88889,57.50468],[-153.87595,57.54277],[-153.8691,57.55184],[-153.84808,57.56059],[-153.81314,57.58858],[-153.84683,57.61265],[-153.87776,57.62953],[-153.87994,57.63407],[-153.87429,57.64611],[-153.85854,57.65114],[-153.74918,57.64622],[-153.66726,57.63901],[-153.66301,57.63986],[-153.64869,57.65413],[-153.67672,57.66966],[-153.79797,57.69651],[-153.86289,57.70694],[-153.8881,57.70545],[-153.91834,57.69566],[-153.93028,57.69679],[-153.93296,57.70378],[-153.93522,57.81305],[-153.82339,57.86501],[-153.75505,57.88356],[-153.72118,57.89061],[-153.6488,57.8801],[-153.57136,57.8321],[-153.55082,57.78689],[-153.55109,57.76311],[-153.55765,57.73474],[-153.55423,57.72245],[-153.54961,57.71797],[-153.51521,57.7165],[-153.4934,57.72832],[-153.46989,57.76654],[-153.46246,57.79529],[-153.48038,57.81466],[-153.48735,57.83427],[-153.47946,57.84202],[-153.45156,57.83928],[-153.40672,57.82866],[-153.35358,57.80973],[-153.34341,57.81087],[-153.32487,57.83105],[-153.32269,57.83619],[-153.32488,57.84842],[-153.32814,57.84985],[-153.39581,57.85877],[-153.44641,57.87503],[-153.46201,57.88059],[-153.51202,57.90916],[-153.53652,57.93077],[-153.52039,57.96339],[-153.51335,57.96875],[-153.4846,57.9765],[-153.46942,57.97728],[-153.45264,57.96351],[-153.26815,57.88874],[-153.23695,57.89182],[-153.12728,57.85675],[-153.09342,57.86157],[-153.08942,57.86523],[-153.19862,57.92992],[-153.23323,57.94099],[-153.27033,57.95857],[-153.29901,57.98563],[-153.3022,57.99171],[-153.29776,57.99643],[-153.23473,57.99697],[-153.21731,57.98366],[-153.12949,57.94655],[-153.09927,57.95701],[-153.06385,57.95978],[-153.02443,57.95695],[-152.8762,57.93245],[-152.87166,57.93328],[-152.85628,57.94738],[-152.85279,57.97458],[-152.72252,57.98736],[-152.73977,57.9448],[-152.75198,57.93347],[-152.80481,57.89917],[-152.8233,57.89093],[-152.89252,57.84253],[-152.90263,57.83015],[-152.90979,57.81041],[-152.91633,57.77122],[-152.90431,57.75082],[-152.89288,57.74201],[-152.8745,57.73796],[-152.85034,57.74004],[-152.84781,57.74663],[-152.85227,57.75232],[-152.85472,57.77027],[-152.85,57.82146],[-152.82254,57.8432],[-152.79021,57.85806],[-152.75817,57.84027],[-152.73253,57.81625],[-152.71589,57.85548],[-152.6812,57.87568],[-152.65386,57.88354],[-152.63989,57.89969],[-152.64181,57.9025],[-152.63938,57.91422],[-152.63538,57.91861],[-152.5877,57.92696],[-152.58598,57.9081],[-152.5674,57.90036],[-152.54966,57.90014],[-152.52628,57.91327],[-152.48767,57.94197],[-152.47034,57.9621],[-152.43261,57.97603],[-152.42141,57.97568],[-152.41162,57.96928],[-152.42257,57.94866],[-152.4376,57.93983],[-152.43742,57.93698],[-152.42646,57.93085],[-152.38863,57.92449],[-152.36216,57.9262],[-152.3241,57.9166],[-152.33321,57.90255],[-152.36478,57.88392],[-152.38613,57.89071],[-152.4037,57.90115],[-152.41498,57.90223],[-152.44824,57.90261],[-152.46851,57.88862],[-152.44612,57.86913],[-152.40144,57.85737],[-152.43365,57.82431],[-152.42933,57.82011],[-152.41742,57.81546],[-152.35115,57.83477],[-152.32428,57.82444],[-152.3097,57.79017],[-152.21225,57.79143],[-152.24576,57.76964],[-152.29876,57.74592],[-152.34864,57.76439],[-152.34917,57.76848],[-152.35723,57.77392],[-152.38108,57.77674],[-152.44379,57.77614],[-152.471,57.76347],[-152.49731,57.7386],[-152.49706,57.73439],[-152.44018,57.72664],[-152.4649,57.70264],[-152.46768,57.68139],[-152.44303,57.66805],[-152.39857,57.68721],[-152.37529,57.67495],[-152.42895,57.64216],[-152.46817,57.601],[-152.46776,57.59822],[-152.43967,57.5904],[-152.42606,57.59336],[-152.40247,57.60798],[-152.38714,57.61243],[-152.36341,57.64164],[-152.33846,57.65334],[-152.31397,57.63642],[-152.32273,57.6234],[-152.26535,57.62643],[-152.17953,57.62481],[-152.15239,57.61948],[-152.164,57.58461],[-152.25964,57.52716],[-152.29147,57.5171],[-152.31489,57.48607],[-152.32368,57.46786],[-152.32613,57.44151],[-152.31492,57.43241],[-152.33941,57.42269],[-152.41647,57.43529],[-152.47488,57.4342],[-152.44993,57.45582],[-152.48178,57.46784],[-152.517,57.43218],[-152.57053,57.44891],[-152.60038,57.46883],[-152.66283,57.46368],[-152.68441,57.4666],[-152.71677,57.47847],[-152.72047,57.48157],[-152.71945,57.48803],[-152.72285,57.49409],[-152.74308,57.50571],[-152.7702,57.50429],[-152.79891,57.49426],[-152.82551,57.49705],[-152.83891,57.50227],[-152.8862,57.5107],[-152.91388,57.50297],[-152.89017,57.48671],[-152.91174,57.47078],[-152.81667,57.47192],[-152.76268,57.45756],[-152.74268,57.44785],[-152.72265,57.43335],[-152.67325,57.41325],[-152.62038,57.4016],[-152.60115,57.38217],[-152.60652,57.36366],[-152.63044,57.32267],[-152.6957,57.28132],[-152.70777,57.27605],[-152.71201,57.27812],[-152.71613,57.30566],[-152.75012,57.30887],[-152.78799,57.2799],[-152.81819,57.26537],[-152.88638,57.29134],[-152.90069,57.30298],[-152.90905,57.32422],[-152.98471,57.33992],[-153.00852,57.33973],[-153.07929,57.32196],[-153.11628,57.29731],[-153.10132,57.2869],[-153.09613,57.28687],[-153.03913,57.29331],[-153.01599,57.30023],[-152.97091,57.28262],[-152.94346,57.25696],[-152.95098,57.24899],[-152.99774,57.23118],[-153.05697,57.21476],[-153.07792,57.21144],[-153.12548,57.21184],[-153.16333,57.21671],[-153.16972,57.22024],[-153.20172,57.22168],[-153.21511,57.21336],[-153.2138,57.20506],[-153.166,57.18064],[-153.12386,57.17545],[-153.07398,57.18709],[-152.94933,57.18735],[-152.88032,57.1648],[-152.87484,57.16095],[-152.8698,57.15085],[-152.91137,57.12681],[-152.95074,57.11979],[-152.99725,57.11949],[-153.11867,57.09103],[-153.12888,57.09257],[-153.13399,57.09935],[-153.14636,57.10088],[-153.18001,57.09452],[-153.21544,57.07594],[-153.22095,57.06824],[-153.2212,57.06037],[-153.21332,57.05589],[-153.20538,57.05615],[-153.20022,57.04204],[-153.20432,57.03364],[-153.23528,57.0074],[-153.30114,56.99119],[-153.31258,56.99149],[-153.34871,57.00837],[-153.34904,57.0112],[-153.32093,57.03684],[-153.32426,57.04331],[-153.36524,57.07208],[-153.39692,57.0604],[-153.40261,57.07009],[-153.40426,57.08051],[-153.38039,57.12047],[-153.34553,57.13956],[-153.32055,57.15733],[-153.28401,57.17387],[-153.28635,57.18429],[-153.31014,57.19443],[-153.35027,57.19234],[-153.36818,57.18534],[-153.36652,57.17671],[-153.48652,57.08591],[-153.4896,57.0747],[-153.49885,57.06536],[-153.57701,57.09318],[-153.6545,57.0846],[-153.67598,57.06983],[-153.67574,57.05478],[-153.60129,57.05666],[-153.58083,57.04905],[-153.54343,56.99524],[-153.55676,56.96886],[-153.60066,56.94263],[-153.69275,56.92562],[-153.69442,56.90875],[-153.68752,56.865],[-153.69941,56.85538],[-153.73934,56.84667],[-153.77647,56.83031],[-153.82134,56.8416],[-153.87173,56.7936],[-153.90215,56.77121],[-153.97178,56.74486],[-154.01621,56.74347],[-154.02261,56.75595],[-154.03715,56.76341],[-154.05052,56.76352],[-154.10656,56.74557],[-154.12902,56.74217],[-154.14874,56.74568],[-154.12543,56.7833],[-154.06742,56.8453],[-154.0305,56.85505],[-153.98455,56.88963],[-153.93599,56.91577],[-153.88813,56.92627],[-153.84867,56.94235],[-153.83631,56.96024],[-153.85699,56.97488],[-153.9028,56.96845],[-153.93478,56.95893],[-153.97687,56.95514],[-153.97974,56.96219],[-153.96323,56.99935],[-153.91285,57.05123],[-153.88746,57.08696],[-153.87536,57.0898],[-153.85889,57.08884],[-153.80479,57.11316],[-153.78347,57.13182],[-153.77671,57.14286],[-153.77909,57.15882],[-153.78852,57.16138],[-153.80629,57.15742],[-153.82398,57.13979],[-153.86171,57.11922],[-153.98279,57.06628],[-154.02429,57.01661],[-154.07662,56.97059],[-154.12349,56.95617],[-154.16336,56.91978],[-154.21211,56.90975],[-154.22356,56.89606],[-154.22649,56.87626],[-154.23177,56.87229],[-154.27674,56.85365],[-154.30571,56.84687],[-154.30019,56.85202],[-154.29842,56.86318],[-154.3,56.89225],[-154.30694,56.91178],[-154.31289,56.91867],[-154.38529,56.95977],[-154.40749,56.96833],[-154.47631,56.9842],[-154.5247,56.99162],[-154.52854,57.00189],[-154.51684,57.03031],[-154.51521,57.07798],[-154.52984,57.16888],[-154.53955,57.19635],[-154.57434,57.23992],[-154.59498,57.25716],[-154.61372,57.2678],[-154.69186,57.28411],[-154.74016,57.27652],[-154.77737,57.28001],[-154.79205,57.2867],[-154.79384,57.28886],[-154.75154,57.30778],[-154.74309,57.31477],[-154.75803,57.32992],[-154.79654,57.34621],[-154.77966,57.36633]]],[[[-154.80611,56.43418],[-154.73964,56.49633],[-154.70614,56.52127],[-154.52463,56.60392],[-154.44996,56.60036],[-154.40229,56.58054],[-154.39939,56.57641],[-154.40401,56.57229],[-154.39129,56.55793],[-154.39248,56.55405],[-154.43679,56.53456],[-154.52951,56.50265],[-154.5717,56.49417],[-154.63359,56.47182],[-154.66852,56.45254],[-154.70413,56.42423],[-154.74289,56.40168],[-154.77577,56.40407],[-154.79991,56.41939],[-154.80548,56.42749],[-154.80611,56.43418]]],[[[-155.74905,55.82566],[-155.69289,55.84184],[-155.65673,55.86087],[-155.63769,55.89419],[-155.59105,55.91227],[-155.56821,55.90751],[-155.56345,55.88562],[-155.58439,55.8485],[-155.5644,55.80948],[-155.56631,55.78949],[-155.591,55.76172],[-155.71859,55.77236],[-155.72811,55.77902],[-155.75,55.82185],[-155.74905,55.82566]]],[[[-156.75074,56.03712],[-156.73363,56.07759],[-156.683,56.09881],[-156.64854,56.07892],[-156.63404,56.048],[-156.67373,56.02689],[-156.67296,56.00671],[-156.68181,55.99434],[-156.73529,56.02264],[-156.75074,56.03712]]],[[[-156.80418,56.19665],[-156.79561,56.21568],[-156.77182,56.2271],[-156.76668,56.21325],[-156.75944,56.15667],[-156.77182,56.15001],[-156.79622,56.15586],[-156.80418,56.17666],[-156.80418,56.19665]]],[[[-157.32611,56.54037],[-157.2887,56.56604],[-157.2501,56.58214],[-157.14664,56.58365],[-157.07738,56.57903],[-156.99097,56.54794],[-156.9729,56.5365],[-156.98609,56.53275],[-157.05338,56.55042],[-157.11319,56.55266],[-157.12139,56.55196],[-157.14222,56.54239],[-157.15031,56.5336],[-157.16878,56.53021],[-157.32606,56.52517],[-157.3289,56.52815],[-157.32611,56.54037]]],[[[-157.90101,56.34812],[-157.83248,56.37001],[-157.80773,56.35764],[-157.79631,56.32052],[-157.82677,56.311],[-157.90196,56.34241],[-157.90101,56.34812]]],[[[-158.89776,55.8263],[-158.88158,55.86628],[-158.86921,55.88056],[-158.80068,55.89102],[-158.75024,55.8758],[-158.7036,55.84153],[-158.7017,55.83201],[-158.71121,55.8244],[-158.7312,55.8263],[-158.80544,55.85771],[-158.84542,55.8539],[-158.8654,55.82726],[-158.83685,55.81488],[-158.84066,55.80822],[-158.8892,55.81012],[-158.89776,55.8263]]],[[[-159.14523,55.87675],[-159.11667,55.86818],[-159.09669,55.85486],[-159.08622,55.83487],[-159.13476,55.82821],[-159.1833,55.84439],[-159.14523,55.87675]]],[[[-159.32073,54.89727],[-159.31353,54.90339],[-159.31273,54.91869],[-159.32436,54.92833],[-159.31768,54.93371],[-159.2787,54.94851],[-159.20286,54.9255],[-159.20323,54.91484],[-159.21263,54.89607],[-159.23607,54.87648],[-159.27235,54.8642],[-159.30968,54.86581],[-159.32787,54.88475],[-159.32073,54.89727]]],[[[-159.38413,55.74921],[-159.35557,55.80727],[-159.32131,55.81583],[-159.29085,55.79394],[-159.27562,55.77396],[-159.27943,55.76253],[-159.30893,55.75016],[-159.35283,55.74642],[-159.3946,55.71494],[-159.38413,55.74921]]],[[[-159.45955,54.94865],[-159.45125,54.97528],[-159.44006,54.9885],[-159.41679,55.0003],[-159.41799,55.02201],[-159.45543,55.03581],[-159.45531,55.06145],[-159.44847,55.06434],[-159.38184,55.06403],[-159.34528,55.0594],[-159.33847,55.04668],[-159.32879,54.9806],[-159.33177,54.9746],[-159.42661,54.94227],[-159.44798,54.94137],[-159.45955,54.94865]]],[[[-159.60239,54.81403],[-159.58716,54.82735],[-159.56812,54.82545],[-159.51006,54.78928],[-159.51387,54.75977],[-159.54338,54.75406],[-159.59763,54.75597],[-159.58716,54.77596],[-159.60239,54.81403]]],[[[-159.66222,55.19007],[-159.59852,55.17256],[-159.58189,55.21435],[-159.5192,55.25369],[-159.5032,55.23499],[-159.50527,55.22227],[-159.51235,55.20835],[-159.53346,55.18476],[-159.4995,55.17399],[-159.4934,55.15505],[-159.49477,55.13605],[-159.50936,55.13021],[-159.5303,55.10619],[-159.53363,55.08399],[-159.4842,55.0577],[-159.48498,55.05405],[-159.48959,55.04923],[-159.50967,55.04141],[-159.53546,55.05873],[-159.57236,55.06012],[-159.57737,55.04259],[-159.59782,55.047],[-159.63523,55.03729],[-159.64403,55.0426],[-159.64906,55.04953],[-159.65485,55.12231],[-159.67031,55.18234],[-159.66222,55.19007]]],[[[-159.81844,54.82069],[-159.76895,54.8264],[-159.7423,54.84258],[-159.69471,54.83497],[-159.70327,54.81688],[-159.74325,54.81307],[-159.77466,54.79404],[-159.80226,54.8007],[-159.82035,54.81498],[-159.81844,54.82069]]],[[[-159.84714,55.05566],[-159.82551,55.07567],[-159.81695,55.08845],[-159.7157,55.1291],[-159.70762,55.12095],[-159.71594,55.09335],[-159.75278,55.06614],[-159.79651,55.06042],[-159.81363,55.02747],[-159.81149,55.01629],[-159.83074,55.01084],[-159.85879,55.04027],[-159.84714,55.05566]]],[[[-160.11272,55.33351],[-160.08702,55.34303],[-160.06227,55.34303],[-160.0461,55.33066],[-160.02705,55.324],[-160.02896,55.31353],[-160.04639,55.30711],[-160.10416,55.31353],[-160.11272,55.33351]]],[[[-160.25081,54.92982],[-160.22341,54.93912],[-160.17761,54.98145],[-160.13217,55.01374],[-160.07787,55.0376],[-160.08757,55.04997],[-160.09429,55.053],[-160.13342,55.04395],[-160.17437,55.05258],[-160.19139,55.10857],[-160.18726,55.11838],[-160.10986,55.16078],[-160.07731,55.1465],[-160.0596,55.13366],[-160.05255,55.12172],[-160.05703,55.11849],[-160.05564,55.11158],[-160.03033,55.11611],[-160.01222,55.12295],[-160.00517,55.12938],[-160.00413,55.13448],[-160.0179,55.15613],[-160.04736,55.18088],[-160.06147,55.20038],[-160.02526,55.20391],[-160.00215,55.19448],[-159.99403,55.18525],[-159.9835,55.18038],[-159.95435,55.18929],[-159.93124,55.22006],[-159.88917,55.28714],[-159.87969,55.29018],[-159.84862,55.26755],[-159.84462,55.24383],[-159.8553,55.23038],[-159.86099,55.22788],[-159.86662,55.2312],[-159.88652,55.22915],[-159.89533,55.21787],[-159.90536,55.16469],[-159.90157,55.15686],[-159.885,55.1456],[-159.86089,55.14934],[-159.86079,55.17709],[-159.84626,55.18083],[-159.81642,55.17805],[-159.82371,55.14413],[-159.83089,55.12647],[-159.85544,55.10076],[-159.86858,55.09489],[-159.88611,55.10256],[-159.88648,55.10709],[-159.90661,55.11254],[-159.94758,55.10522],[-159.95128,55.10064],[-159.94541,55.08794],[-159.95113,55.06664],[-160.05209,55.00578],[-160.11578,54.98508],[-160.18347,54.91568],[-160.18164,54.90299],[-160.20083,54.87528],[-160.22697,54.86407],[-160.25476,54.89597],[-160.25081,54.92982]]],[[[-160.31736,58.69431],[-160.30833,58.71777],[-160.30025,58.72949],[-160.28124,58.71888],[-160.26504,58.69924],[-160.2539,58.67467],[-160.24867,58.65848],[-160.25533,58.64649],[-160.27529,58.63634],[-160.28675,58.65772],[-160.31142,58.68097],[-160.31736,58.69431]]],[[[-160.34761,55.42619],[-160.32324,55.44463],[-160.26057,55.46367],[-160.21178,55.45586],[-160.13703,55.45071],[-160.14183,55.38715],[-160.14799,55.37758],[-160.20361,55.39174],[-160.27997,55.3959],[-160.32113,55.39368],[-160.34953,55.42048],[-160.34761,55.42619]]],[[[-160.43715,58.68419],[-160.42575,58.71296],[-160.42313,58.73036],[-160.40673,58.74997],[-160.38582,58.72949],[-160.38178,58.7116],[-160.38914,58.70086],[-160.43002,58.67826],[-160.43715,58.68419]]],[[[-160.85662,55.31849],[-160.84025,55.33978],[-160.79715,55.38152],[-160.7778,55.38864],[-160.7103,55.40308],[-160.66593,55.39903],[-160.64923,55.38878],[-160.64621,55.38314],[-160.64616,55.35769],[-160.65101,55.34365],[-160.61426,55.34802],[-160.57272,55.38898],[-160.56738,55.39008],[-160.54523,55.38791],[-160.51751,55.37938],[-160.5224,55.37037],[-160.52231,55.36437],[-160.51896,55.36155],[-160.42566,55.33888],[-160.40861,55.34168],[-160.36176,55.36323],[-160.34437,55.36296],[-160.33369,55.36014],[-160.32646,55.35319],[-160.31767,55.33853],[-160.30655,55.30327],[-160.33072,55.26105],[-160.34122,55.2518],[-160.3726,55.25991],[-160.39042,55.28658],[-160.4419,55.29826],[-160.46826,55.28892],[-160.47549,55.28923],[-160.51815,55.3091],[-160.52695,55.31904],[-160.50693,55.32773],[-160.52886,55.3435],[-160.53494,55.34354],[-160.56443,55.3325],[-160.57969,55.31429],[-160.58067,55.3072],[-160.56593,55.27314],[-160.55076,55.2643],[-160.52762,55.25637],[-160.48617,55.19362],[-160.48651,55.18195],[-160.52523,55.12987],[-160.65558,55.16026],[-160.67587,55.17362],[-160.68837,55.19559],[-160.69029,55.21047],[-160.75659,55.19514],[-160.76739,55.1854],[-160.76523,55.17672],[-160.7942,55.1344],[-160.82138,55.11785],[-160.82447,55.12015],[-160.80747,55.15558],[-160.80756,55.16816],[-160.81949,55.18746],[-160.84192,55.20444],[-160.84122,55.29396],[-160.85662,55.31849]]],[[[-161.0842,58.58989],[-161.07849,58.63558],[-161.05659,58.7022],[-160.91859,58.74694],[-160.84339,58.75169],[-160.70063,58.81737],[-160.68445,58.81546],[-160.88052,58.58132],[-160.96142,58.55372],[-161.07563,58.54992],[-161.08134,58.55563],[-161.0842,58.58989]]],[[[-161.42601,55.21656],[-161.39936,55.22418],[-161.32987,55.21942],[-161.32512,55.1842],[-161.32987,55.16326],[-161.34415,55.1585],[-161.40983,55.18039],[-161.43933,55.19848],[-161.42601,55.21656]]],[[[-161.69346,55.21751],[-161.68489,55.23274],[-161.65634,55.24417],[-161.61731,55.24131],[-161.54022,55.25844],[-161.52785,55.25083],[-161.56021,55.20705],[-161.62969,55.19658],[-161.69155,55.19848],[-161.69346,55.21751]]],[[[-161.90361,55.11695],[-161.90069,55.14214],[-161.88894,55.16072],[-161.85006,55.17526],[-161.82784,55.17847],[-161.73781,55.16193],[-161.71861,55.15417],[-161.6971,55.13713],[-161.67839,55.13175],[-161.65156,55.13092],[-161.60863,55.11691],[-161.57052,55.10049],[-161.5499,55.08256],[-161.55036,55.06573],[-161.56504,55.05887],[-161.59107,55.06082],[-161.60636,55.07026],[-161.60648,55.07421],[-161.5983,55.08134],[-161.65492,55.10324],[-161.67454,55.09591],[-161.67854,55.09283],[-161.67817,55.08774],[-161.69035,55.0785],[-161.73792,55.05405],[-161.76417,55.05951],[-161.79161,55.07731],[-161.81498,55.09864],[-161.81648,55.11132],[-161.81987,55.11397],[-161.83925,55.11811],[-161.87886,55.08554],[-161.92437,55.10993],[-161.90361,55.11695]]],[[[-162.43547,54.92925],[-162.32681,54.98533],[-162.26674,54.98213],[-162.24968,54.9759],[-162.23567,54.9626],[-162.23296,54.89098],[-162.23681,54.88163],[-162.27532,54.84557],[-162.30058,54.83259],[-162.32109,54.82793],[-162.34931,54.83605],[-162.41737,54.87749],[-162.42524,54.88502],[-162.4375,54.92763],[-162.43547,54.92925]]],[[[-162.68263,63.58407],[-162.64451,63.6026],[-162.61462,63.62183],[-162.54139,63.63573],[-162.5123,63.62978],[-162.49818,63.62207],[-162.45193,63.62127],[-162.4303,63.62575],[-162.42542,63.62995],[-162.4277,63.63313],[-162.42421,63.63621],[-162.4012,63.63437],[-162.37424,63.62642],[-162.34189,63.59406],[-162.34518,63.55179],[-162.37799,63.54381],[-162.4168,63.54739],[-162.47003,63.5475],[-162.5527,63.54095],[-162.56201,63.5371],[-162.61495,63.5406],[-162.68097,63.55686],[-162.70756,63.57761],[-162.68263,63.58407]]],[[[-162.83488,54.45048],[-162.83512,54.4828],[-162.82917,54.49468],[-162.7997,54.49178],[-162.67017,54.46112],[-162.58532,54.44799],[-162.55656,54.42519],[-162.51853,54.4144],[-162.47408,54.41896],[-162.42512,54.4144],[-162.40016,54.40762],[-162.36142,54.39019],[-162.38875,54.36762],[-162.43106,54.37109],[-162.4496,54.36222],[-162.46695,54.34269],[-162.49048,54.34907],[-162.54681,54.37704],[-162.60861,54.36915],[-162.69584,54.3877],[-162.71984,54.40098],[-162.76452,54.38825],[-162.76025,54.37219],[-162.78378,54.37621],[-162.86174,54.42477],[-162.83488,54.45048]]],[[[-163.17007,55.42878],[-163.13396,55.43501],[-163.12036,55.42855],[-163.11583,55.41312],[-163.11734,55.40252],[-163.13849,55.39565],[-163.1606,55.40283],[-163.17419,55.41569],[-163.17007,55.42878]]],[[[-164.86519,54.20696],[-164.82418,54.22553],[-164.79698,54.22906],[-164.7637,54.22315],[-164.76441,54.20981],[-164.81765,54.18214],[-164.83964,54.17866],[-164.88313,54.19619],[-164.86519,54.20696]]],[[[-165.22087,54.10157],[-165.19875,54.11647],[-165.14098,54.13108],[-165.08849,54.12801],[-165.05015,54.12171],[-165.02307,54.12192],[-165.00791,54.13493],[-164.93777,54.13668],[-164.92131,54.12857],[-164.91969,54.11608],[-164.95317,54.07806],[-165.04432,54.06663],[-165.20341,54.08775],[-165.21226,54.09016],[-165.22087,54.10157]]],[[[-165.48337,54.07504],[-165.43897,54.08414],[-165.32227,54.09463],[-165.27105,54.09566],[-165.26701,54.09547],[-165.23436,54.06542],[-165.24583,54.05611],[-165.28267,54.05705],[-165.28767,54.03835],[-165.31666,54.04993],[-165.33684,54.07013],[-165.36577,54.07332],[-165.45818,54.06631],[-165.48275,54.07222],[-165.48337,54.07504]]],[[[-165.57502,54.04156],[-165.54801,54.05823],[-165.5156,54.06667],[-165.50015,54.04895],[-165.48066,54.04421],[-165.49183,54.0357],[-165.50799,54.03067],[-165.52772,54.03081],[-165.55577,54.02355],[-165.57502,54.04156]]],[[[-165.68411,54.24991],[-165.67545,54.26464],[-165.63638,54.29757],[-165.61557,54.29745],[-165.58651,54.28436],[-165.52347,54.29989],[-165.47845,54.29533],[-165.47775,54.28371],[-165.47998,54.28184],[-165.5137,54.27409],[-165.55758,54.25414],[-165.55795,54.24683],[-165.55325,54.2396],[-165.51278,54.21293],[-165.40538,54.21284],[-165.38372,54.19673],[-165.39998,54.17774],[-165.42236,54.1828],[-165.47619,54.1827],[-165.536,54.12961],[-165.54922,54.1122],[-165.57565,54.10862],[-165.61321,54.12091],[-165.62973,54.13256],[-165.63708,54.19944],[-165.59366,54.21838],[-165.5798,54.22957],[-165.59573,54.24271],[-165.61208,54.24654],[-165.62561,54.23376],[-165.64001,54.22967],[-165.66938,54.22904],[-165.68146,54.23691],[-165.68582,54.24341],[-165.68411,54.24991]]],[[[-166.1014,54.14415],[-166.08203,54.17518],[-165.9832,54.22118],[-165.94463,54.22086],[-165.86819,54.21488],[-165.86514,54.21216],[-165.86587,54.20001],[-165.87197,54.18978],[-165.88046,54.18365],[-165.86352,54.16616],[-165.83242,54.16133],[-165.79378,54.18343],[-165.79052,54.17176],[-165.74261,54.15835],[-165.7142,54.12082],[-165.66732,54.13212],[-165.66138,54.13094],[-165.65557,54.1191],[-165.67148,54.09624],[-165.76717,54.06594],[-165.81075,54.07476],[-165.87513,54.03642],[-165.89631,54.05571],[-165.89726,54.06063],[-165.93024,54.06655],[-165.98442,54.06172],[-166.01986,54.05144],[-166.02773,54.04592],[-166.04644,54.04419],[-166.11224,54.12253],[-166.1014,54.14415]]],[[[-166.19711,53.9848],[-166.17237,53.99812],[-166.10574,53.98861],[-166.07528,53.96957],[-166.11621,53.9572],[-166.15238,53.95529],[-166.19045,53.96005],[-166.19616,53.96862],[-166.19711,53.9848]]],[[[-167.44286,60.20935],[-167.39669,60.21008],[-167.3176,60.23154],[-167.23834,60.22877],[-167.20328,60.23337],[-167.16038,60.2293],[-167.11284,60.23148],[-167.03369,60.21372],[-166.95122,60.22234],[-166.9183,60.20232],[-166.87124,60.2133],[-166.8426,60.21047],[-166.8199,60.22357],[-166.80588,60.23608],[-166.81313,60.24977],[-166.83582,60.26875],[-166.81277,60.28372],[-166.73766,60.31216],[-166.71354,60.32734],[-166.66458,60.32687],[-166.61657,60.31922],[-166.58258,60.31781],[-166.57224,60.32811],[-166.57984,60.34975],[-166.51484,60.37302],[-166.49036,60.38947],[-166.43866,60.37625],[-166.40135,60.3615],[-166.37187,60.35516],[-166.28512,60.3823],[-166.24103,60.38882],[-166.20372,60.39023],[-166.16735,60.42556],[-166.14976,60.4367],[-166.12778,60.4174],[-166.11922,60.38635],[-166.1033,60.36732],[-166.09521,60.35116],[-166.06919,60.34116],[-166.08095,60.32275],[-165.98493,60.31428],[-165.95487,60.3209],[-165.91874,60.33784],[-165.88309,60.34337],[-165.82937,60.3309],[-165.77684,60.3269],[-165.7671,60.31219],[-165.71921,60.30998],[-165.67987,60.29243],[-165.67856,60.2707],[-165.69413,60.25301],[-165.71778,60.25012],[-165.72253,60.23647],[-165.69639,60.22585],[-165.68355,60.19834],[-165.71113,60.1812],[-165.72348,60.16382],[-165.70518,60.15282],[-165.67809,60.15472],[-165.66668,60.1243],[-165.66264,60.09848],[-165.70043,60.07739],[-165.70922,60.066],[-165.6807,60.0539],[-165.67357,60.02993],[-165.63388,60.0196],[-165.65266,59.98716],[-165.62651,59.96979],[-165.55188,59.97872],[-165.55758,59.96849],[-165.56947,59.95718],[-165.5911,59.94981],[-165.58254,59.93457],[-165.56638,59.92802],[-165.5823,59.90824],[-165.62651,59.90121],[-165.67714,59.89906],[-165.70661,59.88356],[-165.72705,59.89906],[-165.76983,59.90049],[-165.839,59.89048],[-165.8611,59.86102],[-165.90008,59.8677],[-165.93026,59.87724],[-165.98232,59.87164],[-166.02605,59.86149],[-166.10995,59.82758],[-166.12516,59.81229],[-166.09735,59.78407],[-166.08428,59.77606],[-166.09735,59.75703],[-166.15404,59.74829],[-166.19041,59.75021],[-166.20681,59.75942],[-166.20871,59.77462],[-166.27217,59.81146],[-166.31685,59.82499],[-166.34312,59.82612],[-166.36213,59.8386],[-166.408,59.85108],[-166.44377,59.85323],[-166.48798,59.84434],[-166.53385,59.84833],[-166.5783,59.84619],[-166.61395,59.84833],[-166.6433,59.86051],[-166.66553,59.87817],[-166.76298,59.89331],[-166.77225,59.90273],[-166.86114,59.94317],[-166.98782,59.97904],[-167.0249,59.98487],[-167.10108,59.98808],[-167.17084,60.0128],[-167.22574,60.04088],[-167.24416,60.05791],[-167.30073,60.06076],[-167.33329,60.06663],[-167.33626,60.10177],[-167.34351,60.12629],[-167.40174,60.17645],[-167.43062,60.19701],[-167.45569,60.20758],[-167.44286,60.20935]]],[[[-167.85233,53.3156],[-167.79093,53.33552],[-167.69448,53.38803],[-167.65311,53.39228],[-167.62209,53.38533],[-167.48825,53.42],[-167.47446,53.43178],[-167.47333,53.438],[-167.45737,53.44279],[-167.39398,53.43975],[-167.35562,53.4245],[-167.33279,53.43311],[-167.343,53.45549],[-167.30652,53.44147],[-167.30129,53.46601],[-167.27883,53.47857],[-167.19997,53.46304],[-167.1938,53.46701],[-167.18268,53.49064],[-167.18803,53.52407],[-167.10231,53.51508],[-167.10582,53.54051],[-167.13124,53.54727],[-167.13569,53.55123],[-167.1632,53.61381],[-167.14043,53.62697],[-167.10784,53.63306],[-167.09138,53.63344],[-167.08458,53.6265],[-167.07008,53.61986],[-167.00964,53.63534],[-167.00867,53.64204],[-167.01786,53.64861],[-167.07182,53.66556],[-167.06767,53.68727],[-167.05769,53.69886],[-167.02239,53.71547],[-166.99928,53.71852],[-166.89498,53.71775],[-166.85902,53.67444],[-166.86177,53.65923],[-166.83273,53.65738],[-166.80587,53.66573],[-166.83235,53.69069],[-166.83246,53.70799],[-166.77999,53.71913],[-166.78732,53.73458],[-166.85649,53.7473],[-166.94277,53.76956],[-166.96068,53.77684],[-166.97564,53.77525],[-167.00578,53.75545],[-167.01686,53.75494],[-167.07586,53.78627],[-167.14197,53.82693],[-167.14099,53.86677],[-167.05817,53.92978],[-167.03125,53.9452],[-166.93045,53.97609],[-166.87949,53.98872],[-166.81864,53.9932],[-166.74609,54.01694],[-166.72892,54.00311],[-166.67664,54.01742],[-166.64463,54.01449],[-166.61975,54.00126],[-166.59995,53.98369],[-166.58739,53.95983],[-166.62198,53.95374],[-166.64679,53.92379],[-166.64047,53.91252],[-166.619,53.89351],[-166.59718,53.88399],[-166.57509,53.87924],[-166.56055,53.87877],[-166.55176,53.90323],[-166.53596,53.918],[-166.50839,53.92395],[-166.48785,53.89545],[-166.4437,53.90973],[-166.43515,53.92041],[-166.43708,53.95564],[-166.37369,54.01003],[-166.36746,54.0089],[-166.35461,53.99904],[-166.35993,53.97714],[-166.3199,53.96013],[-166.27941,53.98253],[-166.26452,53.97755],[-166.21096,53.93356],[-166.20877,53.92911],[-166.21121,53.91233],[-166.23651,53.88134],[-166.25093,53.87685],[-166.32,53.86953],[-166.352,53.85853],[-166.3892,53.83234],[-166.4049,53.80935],[-166.54744,53.7494],[-166.55208,53.7285],[-166.54053,53.71593],[-166.46911,53.73593],[-166.46032,53.74584],[-166.42047,53.76209],[-166.33677,53.78709],[-166.3032,53.79154],[-166.2126,53.81713],[-166.21233,53.82777],[-166.19875,53.8361],[-166.11992,53.85505],[-166.11304,53.85372],[-166.09415,53.8392],[-166.11132,53.77686],[-166.1667,53.7334],[-166.19906,53.72733],[-166.26297,53.70371],[-166.2749,53.68725],[-166.28327,53.68422],[-166.44491,53.64065],[-166.46758,53.64657],[-166.55398,53.62345],[-166.52871,53.61095],[-166.50898,53.5838],[-166.56591,53.58309],[-166.58101,53.53045],[-166.63959,53.54509],[-166.63638,53.52312],[-166.65623,53.48712],[-166.66792,53.48603],[-166.71248,53.49844],[-166.73504,53.50664],[-166.74305,53.51482],[-166.77265,53.49637],[-166.74381,53.4834],[-166.74286,53.4643],[-166.74916,53.44094],[-166.78906,53.4531],[-166.80822,53.43471],[-166.86312,53.44388],[-166.87809,53.42988],[-166.92267,53.44114],[-166.95908,53.45575],[-166.96438,53.43252],[-166.99433,53.4292],[-167.0361,53.44929],[-167.04821,53.44884],[-167.05003,53.43307],[-167.11201,53.41678],[-167.12428,53.42553],[-167.13413,53.42645],[-167.29183,53.3641],[-167.30298,53.33691],[-167.30813,53.33433],[-167.34865,53.33326],[-167.38698,53.34067],[-167.4428,53.32102],[-167.48821,53.26912],[-167.51547,53.26788],[-167.53088,53.27566],[-167.58918,53.2887],[-167.6099,53.2853],[-167.62217,53.25036],[-167.64418,53.25084],[-167.79898,53.28476],[-167.85151,53.30867],[-167.85233,53.3156]]],[[[-168.09771,64.96903],[-168.07487,64.98045],[-168.04917,64.98235],[-168.05023,64.96123],[-168.08058,64.95856],[-168.09771,64.96427],[-168.09771,64.96903]]],[[[-168.12893,65.65574],[-168.10371,65.68555],[-167.97989,65.72797],[-167.85722,65.75434],[-167.73569,65.77612],[-167.53964,65.82084],[-167.31493,65.88504],[-167.13952,65.94809],[-166.97787,65.99625],[-166.95609,66.00771],[-166.82768,66.05128],[-166.52616,66.14185],[-166.33097,66.18951],[-165.80503,66.33331],[-165.4072,66.42044],[-165.18708,66.46515],[-165.12403,66.47318],[-164.71101,66.54254],[-164.40072,66.58111],[-164.34501,66.58083],[-164.09455,66.59228],[-163.97958,66.59395],[-163.97849,66.59101],[-163.9149,66.59391],[-163.82417,66.59168],[-163.72684,66.58436],[-163.66896,66.57591],[-163.60396,66.55809],[-163.63563,66.55397],[-163.75298,66.54858],[-163.75116,66.52876],[-163.72718,66.51639],[-163.73025,66.49137],[-163.76197,66.45487],[-163.84422,66.41898],[-163.85636,66.4093],[-163.87311,66.38902],[-163.8731,66.32855],[-163.84916,66.30764],[-163.83982,66.30408],[-163.82998,66.2804],[-163.83008,66.272],[-163.84311,66.25987],[-163.90481,66.2303],[-163.9559,66.21717],[-164.04694,66.2094],[-164.07877,66.20176],[-164.09271,66.18454],[-164.07868,66.18102],[-164.0075,66.17939],[-163.91655,66.19049],[-163.87831,66.16028],[-163.8474,66.12211],[-163.77247,66.08192],[-163.76836,66.07366],[-163.76751,66.0608],[-163.62392,66.05828],[-163.54011,66.06992],[-163.49585,66.08539],[-163.34476,66.08494],[-163.28777,66.06923],[-163.14673,66.05949],[-163.093,66.06296],[-162.99747,66.07685],[-162.75071,66.09016],[-162.6813,66.06157],[-162.67358,66.05369],[-162.63599,66.04037],[-162.53075,66.04506],[-162.45767,66.05858],[-162.42373,66.04898],[-162.41345,66.03508],[-162.39189,66.02872],[-162.37215,66.02799],[-162.33128,66.0314],[-162.26967,66.0421],[-162.20589,66.05675],[-162.13952,66.07882],[-162.12971,66.06949],[-162.12179,66.06739],[-162.0257,66.06283],[-161.95004,66.0403],[-161.83802,66.02258],[-161.81709,66.03309],[-161.79859,66.05532],[-161.77554,66.07373],[-161.68058,66.11159],[-161.6653,66.12218],[-161.62701,66.15319],[-161.61394,66.17669],[-161.54843,66.23991],[-161.48454,66.26243],[-161.36787,66.25865],[-161.34119,66.2551],[-161.33727,66.24316],[-161.32078,66.22359],[-161.26365,66.21415],[-161.19897,66.21095],[-161.08734,66.23421],[-161.06787,66.23516],[-161.03587,66.22944],[-160.99397,66.23444],[-160.99027,66.23972],[-160.99854,66.25494],[-161.06103,66.2838],[-161.08916,66.31514],[-161.10799,66.32837],[-161.12951,66.33625],[-161.21983,66.34892],[-161.36074,66.37594],[-161.52555,66.39705],[-161.6944,66.39617],[-161.81754,66.36082],[-161.91295,66.34444],[-161.91631,66.34948],[-161.8809,66.39876],[-161.86339,66.44078],[-161.86416,66.4882],[-161.87488,66.51145],[-162.02904,66.5865],[-162.09145,66.60596],[-162.09791,66.60986],[-162.11331,66.6396],[-162.14038,66.66474],[-162.1754,66.68779],[-162.22863,66.70977],[-162.26877,66.71791],[-162.34977,66.72671],[-162.42241,66.73158],[-162.48235,66.73026],[-162.50142,66.7425],[-162.5025,66.75888],[-162.51262,66.77773],[-162.57222,66.82536],[-162.62156,66.85086],[-162.6267,66.85957],[-162.62305,66.87432],[-162.60105,66.89845],[-162.58286,66.90429],[-162.53418,66.90531],[-162.50366,66.91354],[-162.49979,66.93372],[-162.4667,66.951],[-162.44486,66.92506],[-162.40899,66.91886],[-162.32298,66.94321],[-162.29008,66.93126],[-162.27177,66.90414],[-162.22868,66.86662],[-162.15757,66.83117],[-162.1173,66.79848],[-162.09688,66.7885],[-162.07371,66.78332],[-162.01362,66.77941],[-162.01146,66.75906],[-162.02962,66.73458],[-162.04131,66.72376],[-162.06825,66.70986],[-162.08151,66.69305],[-162.06604,66.67926],[-162.07801,66.66405],[-162.06907,66.6457],[-161.96886,66.60261],[-161.8851,66.55398],[-161.76537,66.49693],[-161.62433,66.45014],[-161.57413,66.43857],[-161.51645,66.44184],[-161.43531,66.45416],[-161.32635,66.47837],[-161.2798,66.50518],[-161.29321,66.52059],[-161.45409,66.5222],[-161.4836,66.52563],[-161.49499,66.53444],[-161.48631,66.53804],[-161.48287,66.54372],[-161.4904,66.56084],[-161.54176,66.58138],[-161.59895,66.59318],[-161.69313,66.62056],[-161.86618,66.70498],[-161.88167,66.7168],[-161.84608,66.76156],[-161.86642,66.77766],[-161.86154,66.79708],[-161.84626,66.81365],[-161.82417,66.81789],[-161.79631,66.83313],[-161.78549,66.84655],[-161.78222,66.85996],[-161.79438,66.88193],[-161.77048,66.89664],[-161.71959,66.9169],[-161.69215,66.94503],[-161.68578,66.95579],[-161.68851,66.9598],[-161.68628,66.96137],[-161.67436,66.96197],[-161.56668,66.93478],[-161.48917,66.93695],[-161.48512,66.94565],[-161.48538,66.96082],[-161.50575,66.97431],[-161.53053,66.98495],[-161.62216,67.00815],[-161.69739,67.01085],[-161.71171,67.00104],[-161.75964,67.03057],[-161.79917,67.0475],[-161.85019,67.05219],[-162.12318,67.02579],[-162.21163,67.00671],[-162.23396,66.99957],[-162.2343,66.99458],[-162.23923,66.99381],[-162.36112,66.99404],[-162.40684,66.98471],[-162.50172,66.97716],[-162.62269,66.99222],[-162.69305,67.02861],[-162.75508,67.01525],[-162.77552,67.0184],[-162.83139,67.03494],[-162.83371,67.00931],[-162.81683,66.99949],[-162.81921,66.99471],[-162.84298,66.99118],[-162.97529,67.0246],[-163.09785,67.04119],[-163.29927,67.06075],[-163.4952,67.0875],[-163.59122,67.09237],[-163.66595,67.10012],[-163.70204,67.10938],[-163.74474,67.12639],[-163.74592,67.13711],[-163.7369,67.16323],[-163.73746,67.18475],[-163.74082,67.20996],[-163.75859,67.25644],[-163.82218,67.34981],[-163.87878,67.41612],[-164.00703,67.5357],[-164.07951,67.58586],[-164.14438,67.61723],[-164.20982,67.63908],[-164.53394,67.72561],[-164.77833,67.82087],[-164.9073,67.86784],[-165.05752,67.92169],[-165.12957,67.94183],[-165.19091,67.96607],[-165.22723,67.98532],[-165.3132,68.01688],[-165.49355,68.05928],[-165.68814,68.0904],[-165.78333,68.09824],[-165.87209,68.11005],[-165.97497,68.14091],[-165.99426,68.16121],[-166.04417,68.20073],[-166.13549,68.24217],[-166.23705,68.27311],[-166.39804,68.30701],[-166.52796,68.3263],[-166.68927,68.34248],[-166.83897,68.33719],[-166.79607,68.35407],[-166.70614,68.37178],[-166.37756,68.42241],[-166.34238,68.43397],[-166.30596,68.46154],[-166.29534,68.5109],[-166.24449,68.55389],[-166.22611,68.57619],[-166.23143,68.58734],[-166.22976,68.61377],[-166.21364,68.66432],[-166.19983,68.67856],[-166.18779,68.77871],[-166.19537,68.80399],[-166.2225,68.86044],[-166.22419,68.87318],[-166.21443,68.87952],[-165.57248,68.85295],[-165.32704,68.85811],[-164.96754,68.88303],[-164.88375,68.89165],[-164.81267,68.89354],[-164.65532,68.90936],[-164.25316,68.93094],[-164.16125,68.94477],[-164.06936,68.96965],[-163.97368,68.98504],[-163.89388,69.01196],[-163.82745,69.04063],[-163.72418,69.06671],[-163.65586,69.09057],[-163.53531,69.14166],[-163.45269,69.19463],[-163.26688,69.29091],[-163.24466,69.30608],[-163.20235,69.3438],[-163.16939,69.38524],[-163.1426,69.45295],[-163.14875,69.45861],[-163.14544,69.5213],[-163.15126,69.61263],[-163.14289,69.63759],[-163.11835,69.66816],[-163.10752,69.67592],[-163.0719,69.73761],[-163.04252,69.77868],[-163.00967,69.8127],[-162.8528,69.89464],[-162.82618,69.90272],[-162.78808,69.9291],[-162.70746,69.97049],[-162.6053,70.03683],[-162.55871,70.07259],[-162.52317,70.08736],[-162.47528,70.12403],[-162.44582,70.14],[-162.34242,70.19016],[-162.21499,70.23036],[-162.04901,70.27629],[-162.04628,70.2807],[-161.93925,70.30754],[-161.92869,70.31379],[-161.87927,70.32927],[-161.53408,70.29901],[-161.4453,70.29481],[-161.35249,70.29593],[-161.30008,70.29338],[-161.23614,70.3047],[-161.04125,70.33076],[-160.81279,70.3767],[-160.60887,70.42749],[-160.48006,70.46597],[-160.21483,70.55909],[-160.05673,70.63283],[-159.9138,70.69067],[-159.79851,70.73123],[-159.64838,70.79437],[-159.52868,70.82085],[-159.17181,70.8751],[-159.14932,70.83423],[-159.11497,70.8174],[-159.06612,70.81752],[-158.94961,70.79677],[-158.65786,70.78606],[-158.57391,70.79495],[-158.52264,70.79251],[-158.46243,70.80287],[-158.41048,70.79924],[-158.37572,70.80694],[-158.3663,70.81971],[-158.25032,70.81773],[-158.15772,70.82081],[-158.0324,70.83226],[-157.841,70.86102],[-157.70878,70.89139],[-157.50246,70.94866],[-157.421,70.9768],[-157.24908,71.05254],[-157.07249,71.15452],[-156.80965,71.28689],[-156.64561,71.33801],[-156.56865,71.35256],[-156.56151,71.31681],[-156.5245,71.29447],[-156.40266,71.26794],[-156.35674,71.26127],[-156.2142,71.25939],[-156.07441,71.24249],[-156.0292,71.20321],[-156.03812,71.19651],[-156.04461,71.1847],[-156.01857,71.17204],[-155.95796,71.18621],[-155.9202,71.20716],[-155.88418,71.19006],[-155.82903,71.19209],[-155.80385,71.19642],[-155.7608,71.19466],[-155.5877,71.17256],[-155.56692,71.16514],[-155.56777,71.14113],[-155.56177,71.12846],[-155.52074,71.10248],[-155.51112,71.09035],[-155.51064,71.08115],[-155.53335,71.06768],[-155.54828,71.06069],[-155.63899,71.04236],[-155.70549,71.02015],[-155.71185,71.01247],[-155.76207,70.98564],[-155.83088,70.96558],[-155.87895,70.96768],[-155.97841,70.9622],[-155.99568,70.9478],[-155.97926,70.91852],[-156.01477,70.90313],[-156.01351,70.89598],[-155.95407,70.89302],[-155.92496,70.85272],[-155.93541,70.83736],[-155.86874,70.8294],[-155.73184,70.83116],[-155.64352,70.82421],[-155.54303,70.84717],[-155.5042,70.8603],[-155.48798,70.8753],[-155.48757,70.90268],[-155.49304,70.91737],[-155.51329,70.94058],[-155.45499,70.94749],[-155.40422,70.96748],[-155.34387,71.00445],[-155.26004,71.01523],[-155.25618,71.00476],[-155.21143,70.97802],[-155.19225,70.97406],[-155.16893,70.98795],[-155.16173,70.99572],[-155.15992,71.00277],[-155.16394,71.0138],[-155.177,71.02745],[-155.27376,71.06473],[-155.27599,71.07046],[-155.25686,71.08112],[-155.15052,71.11205],[-155.14695,71.11096],[-155.14693,71.10346],[-155.14286,71.09725],[-155.12032,71.07342],[-155.10851,71.07048],[-155.07536,71.07204],[-155.064,71.08391],[-155.06143,71.092],[-155.06456,71.10801],[-155.08578,71.12757],[-155.06076,71.14542],[-155.03174,71.14647],[-154.77733,71.08323],[-154.61605,71.02618],[-154.58113,71.00732],[-154.56759,70.98993],[-154.59405,70.97699],[-154.60829,70.96172],[-154.60835,70.90891],[-154.60269,70.86789],[-154.57246,70.82594],[-154.50187,70.82176],[-154.43023,70.83126],[-154.3526,70.83483],[-154.2608,70.81516],[-154.22863,70.80242],[-154.22331,70.79523],[-154.23917,70.77687],[-154.18186,70.76833],[-154.12749,70.77813],[-154.06998,70.7937],[-153.99558,70.82188],[-153.95137,70.85403],[-153.93545,70.86973],[-153.93292,70.87868],[-153.89048,70.88572],[-153.71223,70.88894],[-153.66636,70.88345],[-153.48599,70.88587],[-153.35911,70.89829],[-153.23848,70.92247],[-153.04921,70.9131],[-153.03307,70.9008],[-152.99931,70.89465],[-152.9311,70.89088],[-152.90424,70.88388],[-152.84328,70.89839],[-152.78101,70.88139],[-152.6031,70.88181],[-152.38437,70.85418],[-152.35366,70.84398],[-152.22305,70.82459],[-152.1872,70.80155],[-152.18865,70.79814],[-152.19246,70.79529],[-152.26335,70.79078],[-152.28376,70.7856],[-152.37081,70.73007],[-152.37727,70.71468],[-152.47153,70.68884],[-152.47335,70.68367],[-152.46051,70.64611],[-152.43378,70.61693],[-152.42077,70.60898],[-152.36574,70.60124],[-152.34159,70.61219],[-152.33261,70.61287],[-152.26405,70.59265],[-152.20064,70.58607],[-152.10089,70.58727],[-152.07866,70.5845],[-152.06068,70.57493],[-152.06575,70.56307],[-152.02607,70.55934],[-151.97579,70.56321],[-151.88014,70.55487],[-151.8167,70.5457],[-151.71821,70.55529],[-151.69516,70.54967],[-151.72271,70.54161],[-151.76025,70.51671],[-151.73429,70.50349],[-151.72858,70.49537],[-151.77554,70.48535],[-151.82411,70.48401],[-151.91921,70.47269],[-151.93678,70.46356],[-151.94638,70.45252],[-151.90003,70.43413],[-151.87612,70.43076],[-151.84438,70.43496],[-151.78566,70.43694],[-151.55465,70.4359],[-151.4449,70.4254],[-151.2976,70.40075],[-151.24624,70.37246],[-151.1471,70.37677],[-151.13334,70.39161],[-151.0858,70.40238],[-151.0467,70.42789],[-151.02044,70.43384],[-150.98787,70.45014],[-150.95067,70.45956],[-150.90376,70.46091],[-150.85525,70.45174],[-150.82435,70.45373],[-150.78633,70.46327],[-150.74236,70.46128],[-150.69839,70.44777],[-150.66511,70.46327],[-150.66154,70.47757],[-150.51894,70.48313],[-150.49636,70.47122],[-150.41436,70.45969],[-150.37536,70.43853],[-150.38702,70.42827],[-150.36088,70.40915],[-150.21185,70.4323],[-150.10439,70.43209],[-150.07446,70.43933],[-149.8667,70.51077],[-149.81974,70.49143],[-149.81092,70.49048],[-149.74019,70.49815],[-149.71607,70.50497],[-149.66117,70.5092],[-149.64956,70.50476],[-149.58135,70.49589],[-149.56528,70.49645],[-149.53689,70.4994],[-149.50985,70.50875],[-149.46176,70.51827],[-149.43208,70.50375],[-149.41873,70.49226],[-149.40062,70.48993],[-149.31447,70.49532],[-149.17915,70.4857],[-149.08208,70.46489],[-148.95944,70.42394],[-148.92898,70.42683],[-148.85807,70.42292],[-148.78958,70.40275],[-148.72808,70.41303],[-148.69877,70.42588],[-148.69677,70.42916],[-148.66702,70.43008],[-148.61057,70.42259],[-148.58036,70.41255],[-148.47704,70.35907],[-148.46454,70.34016],[-148.47703,70.32087],[-148.46615,70.31361],[-148.45064,70.30844],[-148.41125,70.30263],[-148.35144,70.30445],[-148.2698,70.32962],[-148.2582,70.337],[-148.20348,70.34819],[-148.23079,70.32374],[-148.22795,70.30286],[-148.2015,70.29411],[-148.16662,70.30491],[-148.13968,70.32212],[-148.13821,70.33775],[-148.10723,70.3428],[-148.09058,70.33743],[-148.08917,70.33101],[-148.07686,70.32751],[-147.9615,70.3142],[-147.86372,70.29332],[-147.81764,70.27694],[-147.7651,70.21981],[-147.68172,70.19995],[-147.648,70.2033],[-147.50527,70.20038],[-147.43153,70.18883],[-147.38527,70.18526],[-147.35014,70.18768],[-147.24412,70.21896],[-147.23333,70.20755],[-147.23101,70.1954],[-147.21921,70.17883],[-147.18212,70.16035],[-147.1616,70.15561],[-146.99111,70.14761],[-146.90952,70.17326],[-146.88577,70.18592],[-146.73402,70.17548],[-146.50813,70.18604],[-146.44886,70.1834],[-146.4132,70.17825],[-146.33515,70.17624],[-146.30956,70.17891],[-146.17267,70.16589],[-146.11412,70.15496],[-146.09683,70.14515],[-146.00641,70.1404],[-145.91767,70.14253],[-145.87292,70.14883],[-145.8583,70.166],[-145.84269,70.1641],[-145.79039,70.14857],[-145.78333,70.13945],[-145.76044,70.12611],[-145.62331,70.08437],[-145.57997,70.0768],[-145.52238,70.07747],[-145.50568,70.07453],[-145.46951,70.05914],[-145.46886,70.04834],[-145.43483,70.03699],[-145.33155,70.0226],[-145.24717,70.01789],[-145.21859,70.00728],[-145.19733,69.99495],[-145.17507,69.99171],[-144.99013,69.97768],[-144.95364,69.95926],[-144.9023,69.96451],[-144.86762,69.97227],[-144.86311,69.97352],[-144.85454,69.98636],[-144.79261,69.9798],[-144.73898,69.97011],[-144.6723,69.96688],[-144.61867,69.96931],[-144.51226,70.00448],[-144.48858,70.02388],[-144.45542,70.03524],[-144.38673,70.041],[-144.28536,70.04072],[-144.2749,70.04871],[-144.25185,70.058],[-144.17223,70.0631],[-144.12921,70.07955],[-144.09035,70.08509],[-144.02267,70.08786],[-143.95059,70.09999],[-143.91424,70.1157],[-143.88749,70.1206],[-143.82616,70.10755],[-143.77376,70.11422],[-143.77055,70.12565],[-143.71251,70.1318],[-143.61998,70.13458],[-143.57767,70.14633],[-143.4252,70.12493],[-143.35817,70.13236],[-143.28188,70.15105],[-143.25312,70.15226],[-143.22127,70.13676],[-143.15127,70.12335],[-142.93956,70.07438],[-142.74681,70.04253],[-142.49804,69.97361],[-142.45293,69.95812],[-142.40996,69.93365],[-142.40437,69.91651],[-142.27216,69.90704],[-142.11271,69.86216],[-141.95872,69.82338],[-141.84284,69.81193],[-141.71337,69.7895],[-141.60623,69.7617],[-141.5282,69.73602],[-141.43084,69.69514],[-141.30367,69.68499],[-141.21046,69.68419],[-141.11923,69.67353],[-141.00267,69.64561],[-141.00236,61.72871],[-140.99776,61.06932],[-141.00198,60.30637],[-140.76655,60.25984],[-140.52042,60.21982],[-140.45821,60.30808],[-139.98109,60.18197],[-139.69298,60.33522],[-139.07482,60.35251],[-139.07213,60.31943],[-139.19885,60.0883],[-139.05367,59.99484],[-138.79852,59.92465],[-138.70738,59.90633],[-138.68025,59.84711],[-138.66865,59.80966],[-138.6262,59.76858],[-138.05547,59.47747],[-137.60736,59.2438],[-137.54213,59.10643],[-137.5,58.98539],[-137.52529,58.90687],[-137.44738,58.90951],[-137.26475,59.00235],[-136.8639,59.13847],[-136.82663,59.15839],[-136.58152,59.16491],[-136.48914,59.25854],[-136.49576,59.27513],[-136.46925,59.28408],[-136.47738,59.37623],[-136.47716,59.46582],[-136.37244,59.44961],[-136.36189,59.45053],[-136.30502,59.46452],[-136.2385,59.52433],[-136.23983,59.55941],[-136.35394,59.59983],[-136.1929,59.64003],[-135.95264,59.66217],[-135.47916,59.79804],[-135.36011,59.73761],[-135.25277,59.69828],[-135.23367,59.69614],[-135.21984,59.66278],[-135.15759,59.62572],[-135.11783,59.62307],[-135.0289,59.56366],[-135.02756,59.47474],[-135.07728,59.45177],[-135.10102,59.42753],[-134.98974,59.38713],[-135.03053,59.34635],[-134.9599,59.28093],[-134.70072,59.24901],[-134.67912,59.19228],[-134.56557,59.13112],[-134.4834,59.1316],[-134.44712,59.08922],[-134.38188,59.03876],[-134.40715,58.97921],[-134.31373,58.96222],[-134.33646,58.92341],[-134.25807,58.86104],[-133.97222,58.76727],[-133.84051,58.72944],[-133.70712,58.61227],[-133.55781,58.52313],[-133.3773,58.43055],[-133.4615,58.38772],[-133.35647,58.28692],[-133.18406,58.16251],[-133.07642,57.99976],[-132.86932,57.84294],[-132.75681,57.70509],[-132.65812,57.61949],[-132.65246,57.60736],[-132.55369,57.49651],[-132.36298,57.34201],[-132.24792,57.21125],[-132.36898,57.09151],[-132.04519,57.04506],[-132.12357,56.87365],[-131.87288,56.806],[-131.90107,56.75368],[-131.86067,56.70298],[-131.83533,56.5992],[-131.58107,56.61223],[-131.46905,56.55164],[-131.17347,56.44952],[-131.08783,56.40625],[-130.78198,56.36684],[-130.62331,56.26688],[-130.54053,56.24745],[-130.46787,56.24305],[-130.42493,56.14138],[-130.35103,56.1287],[-130.24623,56.09642],[-130.1038,56.1228],[-130.00349,56.00807],[-130.01768,55.91195],[-130.00378,55.91193],[-130.00378,55.90744],[-130.08349,55.82171],[-130.12476,55.80564],[-130.15241,55.76629],[-130.14776,55.7149],[-130.11166,55.6829],[-130.1279,55.58103],[-130.08985,55.49798],[-130.04122,55.45173],[-130.02111,55.33792],[-129.97665,55.30037],[-129.97417,55.28192],[-130.10284,55.1926],[-130.14613,55.14284],[-130.15243,55.12462],[-130.18089,55.09125],[-130.18756,55.06284],[-130.27333,54.97396],[-130.34026,54.92213],[-130.45939,54.84846],[-130.5682,54.79215],[-130.62887,54.78272],[-130.65904,54.76306],[-130.63372,54.74407],[-130.68565,54.71866],[-130.69277,54.72016],[-130.73742,54.75355],[-130.74723,54.7726],[-130.73321,54.77961],[-130.7363,54.7948],[-130.74232,54.80191],[-130.77361,54.82084],[-130.78744,54.8229],[-130.78857,54.79464],[-130.79212,54.78478],[-130.80682,54.77686],[-130.83698,54.76737],[-130.85497,54.76634],[-130.9018,54.78088],[-130.91594,54.78962],[-130.9471,54.82605],[-130.94103,54.84159],[-130.94734,54.88673],[-130.95973,54.91868],[-130.9604,54.93368],[-130.9491,54.96785],[-130.95351,54.9721],[-130.97503,54.97485],[-131.00779,54.9913],[-131.01206,54.99624],[-131.00422,55.0296],[-130.98373,55.06895],[-130.98416,55.08441],[-131.01322,55.09007],[-131.0523,55.11816],[-131.08558,55.15823],[-131.09381,55.19134],[-130.9853,55.24729],[-130.95296,55.27309],[-130.95157,55.29165],[-130.92507,55.30071],[-130.87133,55.29378],[-130.86492,55.29837],[-130.86492,55.30947],[-130.87186,55.31399],[-130.88215,55.35883],[-130.92299,55.43511],[-130.9203,55.44608],[-130.91074,55.45998],[-130.89813,55.47018],[-130.8813,55.49558],[-130.87052,55.53377],[-130.88001,55.59895],[-130.90187,55.69738],[-130.93902,55.75483],[-130.98477,55.79935],[-131.09396,55.89567],[-131.17141,55.94295],[-131.21648,55.98434],[-131.23694,55.98229],[-131.24595,55.9659],[-131.2417,55.95507],[-131.15683,55.90115],[-131.07014,55.82855],[-131.05322,55.79984],[-131.04097,55.76284],[-130.96599,55.68897],[-130.94683,55.65072],[-130.92765,55.57659],[-130.94518,55.55773],[-130.97892,55.55083],[-130.9871,55.53987],[-130.99438,55.4724],[-130.96959,55.39328],[-130.9475,55.38082],[-130.92817,55.33943],[-130.9466,55.3224],[-130.95977,55.31589],[-130.96833,55.31663],[-130.96409,55.33266],[-131.00059,55.39801],[-131.00873,55.40482],[-131.02904,55.40839],[-131.03419,55.37936],[-131.0273,55.37139],[-131.01988,55.3479],[-131.03136,55.28478],[-131.07235,55.25382],[-131.16049,55.19748],[-131.21123,55.19238],[-131.23552,55.19757],[-131.26309,55.20832],[-131.29716,55.23505],[-131.3027,55.25022],[-131.2783,55.26032],[-131.24019,55.28716],[-131.23043,55.2978],[-131.1916,55.36053],[-131.19749,55.39105],[-131.27245,55.38777],[-131.2921,55.38395],[-131.28702,55.35826],[-131.26461,55.34564],[-131.25446,55.3297],[-131.25511,55.3221],[-131.28499,55.28644],[-131.32699,55.26591],[-131.40293,55.23806],[-131.4245,55.23876],[-131.43786,55.24841],[-131.4448,55.26449],[-131.46353,55.28339],[-131.4756,55.30326],[-131.46297,55.31265],[-131.47198,55.32339],[-131.49415,55.33231],[-131.50981,55.33231],[-131.51526,55.32794],[-131.5282,55.29535],[-131.53651,55.29235],[-131.55004,55.29339],[-131.56668,55.30607],[-131.58484,55.30959],[-131.63903,55.33948],[-131.69874,55.35487],[-131.73244,55.37755],[-131.73594,55.38191],[-131.73665,55.39221],[-131.74183,55.39807],[-131.82845,55.44521],[-131.84416,55.45674],[-131.84554,55.52212],[-131.84168,55.52675],[-131.79372,55.54168],[-131.76637,55.54005],[-131.73305,55.54856],[-131.66463,55.58152],[-131.65417,55.59243],[-131.67147,55.60657],[-131.70109,55.61368],[-131.72632,55.63593],[-131.72662,55.641],[-131.7121,55.6658],[-131.70115,55.69696],[-131.70674,55.70643],[-131.72647,55.72083],[-131.73341,55.73083],[-131.71931,55.7491],[-131.70491,55.75554],[-131.64963,55.76873],[-131.64029,55.78527],[-131.64014,55.78936],[-131.65312,55.79574],[-131.67821,55.79984],[-131.69106,55.79756],[-131.70095,55.78898],[-131.70526,55.78994],[-131.71045,55.80662],[-131.71374,55.85326],[-131.70149,55.86094],[-131.68904,55.87549],[-131.68732,55.88677],[-131.68951,55.89023],[-131.72038,55.89466],[-131.77674,55.87878],[-131.83696,55.87547],[-131.83055,55.85662],[-131.81631,55.83745],[-131.77703,55.82326],[-131.77125,55.81003],[-131.81476,55.73135],[-131.82616,55.71858],[-131.83141,55.68134],[-131.82889,55.66715],[-131.8654,55.63068],[-131.89741,55.60391],[-131.93932,55.62384],[-131.96312,55.61526],[-131.96264,55.60871],[-131.9453,55.57244],[-131.93669,55.53515],[-131.97179,55.49828],[-131.98649,55.50062],[-132.0605,55.54303],[-132.11465,55.55062],[-132.14838,55.56248],[-132.18321,55.58813],[-132.19865,55.61572],[-132.2015,55.62638],[-132.19787,55.63397],[-132.22417,55.70177],[-132.26012,55.73229],[-132.28359,55.76177],[-132.28043,55.7656],[-132.26507,55.76217],[-132.22965,55.74049],[-132.20695,55.73699],[-132.19048,55.7425],[-132.18548,55.75316],[-132.18498,55.77878],[-132.18749,55.7856],[-132.18316,55.80083],[-132.11336,55.81272],[-132.08605,55.83244],[-132.06741,55.87508],[-132.0418,55.9588],[-132.07034,56.04673],[-132.03337,56.09557],[-132.0113,56.07736],[-131.97029,56.11404],[-131.93573,56.17721],[-131.9434,56.19256],[-131.99389,56.19335],[-132.01813,56.18315],[-132.03485,56.13343],[-132.06099,56.12935],[-132.10402,56.10811],[-132.17695,56.05571],[-132.1297,55.95786],[-132.13547,55.94163],[-132.15906,55.92256],[-132.1702,55.91923],[-132.22424,55.93042],[-132.27996,55.92484],[-132.32049,55.88765],[-132.3198,55.87435],[-132.30931,55.86506],[-132.32324,55.85188],[-132.3723,55.85036],[-132.3973,55.87887],[-132.39708,55.90555],[-132.3733,55.91771],[-132.38364,55.93682],[-132.44983,55.95619],[-132.45482,55.99163],[-132.46528,56.01854],[-132.4818,56.03063],[-132.4928,56.06644],[-132.52208,56.07704],[-132.54514,56.05366],[-132.57368,56.0707],[-132.59553,56.06846],[-132.60872,56.05214],[-132.59315,56.03229],[-132.59423,56.02186],[-132.60765,56.01077],[-132.64008,56.03319],[-132.7087,56.11212],[-132.7234,56.14581],[-132.71834,56.2177],[-132.68989,56.23874],[-132.67247,56.23944],[-132.64425,56.23281],[-132.6158,56.23417],[-132.60149,56.24007],[-132.57502,56.29647],[-132.54308,56.33228],[-132.52936,56.33855],[-132.44184,56.35398],[-132.43163,56.35216],[-132.42204,56.34934],[-132.40368,56.33481],[-132.38177,56.31076],[-132.38279,56.2992],[-132.36397,56.28713],[-132.35871,56.2908],[-132.34915,56.30446],[-132.34068,56.34175],[-132.36113,56.38063],[-132.39427,56.48558],[-132.38938,56.49137],[-132.36256,56.4879],[-132.25339,56.44954],[-132.24548,56.44121],[-132.23393,56.41674],[-132.242,56.41366],[-132.23847,56.39871],[-132.22314,56.38402],[-132.19927,56.37105],[-132.17935,56.39082],[-132.20857,56.45712],[-132.25961,56.48763],[-132.29047,56.48702],[-132.35756,56.52901],[-132.36129,56.53423],[-132.36709,56.57458],[-132.40836,56.58507],[-132.45079,56.5641],[-132.48465,56.56582],[-132.46612,56.58389],[-132.48584,56.60601],[-132.57069,56.63308],[-132.58115,56.6596],[-132.58709,56.68246],[-132.54289,56.7019],[-132.56665,56.73855],[-132.55676,56.75724],[-132.63746,56.78091],[-132.7704,56.83749],[-132.79209,56.85615],[-132.79711,56.86492],[-132.7936,56.86636],[-132.79273,56.87167],[-132.81789,56.8969],[-132.87034,56.92568],[-132.91197,56.96665],[-132.91897,56.99367],[-132.89239,56.99302],[-132.85364,57.00534],[-132.81368,57.03022],[-132.83222,57.07041],[-132.85328,57.08008],[-132.87012,57.07842],[-132.8752,57.06958],[-132.91649,57.04009],[-132.93752,57.04832],[-132.98431,57.05485],[-132.99394,57.03235],[-133.02505,57.05732],[-133.07648,57.08173],[-133.12531,57.08889],[-133.16145,57.08626],[-133.18807,57.08897],[-133.20873,57.1097],[-133.21026,57.11845],[-133.20666,57.12383],[-133.22466,57.13652],[-133.24741,57.1368],[-133.32236,57.11273],[-133.5172,57.17778],[-133.54482,57.24257],[-133.54256,57.25068],[-133.52284,57.27858],[-133.48974,57.30519],[-133.47589,57.30798],[-133.45594,57.30397],[-133.44496,57.29773],[-133.44244,57.28998],[-133.42595,57.28599],[-133.30757,57.29005],[-133.28705,57.30292],[-133.27483,57.33062],[-133.34207,57.3368],[-133.35472,57.33325],[-133.44268,57.35285],[-133.46827,57.36422],[-133.476,57.38039],[-133.47245,57.38845],[-133.46118,57.39458],[-133.50312,57.45353],[-133.52514,57.49034],[-133.52583,57.50178],[-133.51675,57.54391],[-133.51081,57.54814],[-133.4882,57.55139],[-133.47809,57.56173],[-133.48122,57.57147],[-133.50598,57.57846],[-133.52831,57.57394],[-133.53786,57.56729],[-133.56548,57.56309],[-133.62076,57.57892],[-133.66439,57.61171],[-133.67645,57.62519],[-133.68096,57.64827],[-133.65453,57.71369],[-133.58221,57.71509],[-133.52224,57.68366],[-133.44121,57.67201],[-133.40498,57.66378],[-133.2346,57.60875],[-133.18886,57.58907],[-133.17906,57.58715],[-133.16246,57.5998],[-133.17403,57.61006],[-133.25113,57.64997],[-133.29106,57.66536],[-133.32253,57.66583],[-133.54503,57.76797],[-133.55989,57.77746],[-133.5561,57.78883],[-133.56979,57.85936],[-133.61018,57.86065],[-133.6313,57.84677],[-133.642,57.81121],[-133.63558,57.7999],[-133.63968,57.79036],[-133.65811,57.78637],[-133.67743,57.78659],[-133.69678,57.79507],[-133.70914,57.79274],[-133.84878,57.93544],[-134.0496,58.06203],[-134.08767,58.18195],[-134.05429,58.23848],[-134.06071,58.28249],[-134.01175,58.29361],[-133.96683,58.31783],[-133.99249,58.35202],[-134.01341,58.40399],[-134.0405,58.40199],[-134.07188,58.32957],[-134.14366,58.30385],[-134.14471,58.26748],[-134.10278,58.24874],[-134.1313,58.23235],[-134.14668,58.19908],[-134.18501,58.20844],[-134.26239,58.19093],[-134.3524,58.20049],[-134.40487,58.21908],[-134.48235,58.22984],[-134.50688,58.21651],[-134.6312,58.24745],[-134.77635,58.39735],[-134.79241,58.49194],[-134.94172,58.6121],[-134.98872,58.67932],[-134.92051,58.68053],[-134.93525,58.72954],[-134.94167,58.78292],[-134.96068,58.83007],[-134.99776,58.81986],[-135.02723,58.78218],[-135.02262,58.73226],[-135.15112,58.84588],[-135.18012,58.99787],[-135.20858,59.07682],[-135.23827,59.13013],[-135.28396,59.19253],[-135.36833,59.26328],[-135.39661,59.29243],[-135.52779,59.32363],[-135.54442,59.31005],[-135.49115,59.28218],[-135.44453,59.27769],[-135.4296,59.24272],[-135.36809,59.20891],[-135.29579,59.09637],[-135.30138,59.08229],[-135.32141,59.0887],[-135.35085,59.10578],[-135.37438,59.12895],[-135.4074,59.16976],[-135.47336,59.226],[-135.55298,59.25687],[-135.63236,59.26598],[-135.48405,59.18645],[-135.45696,59.13455],[-135.43723,59.1132],[-135.38803,59.10502],[-135.37641,59.089],[-135.39502,59.04288],[-135.38264,59.03337],[-135.37884,59.02003],[-135.39944,59.00542],[-135.38931,58.99053],[-135.39312,58.97149],[-135.36742,58.92961],[-135.32364,58.90963],[-135.32262,58.90066],[-135.33995,58.88896],[-135.28466,58.81811],[-135.2742,58.81312],[-135.2432,58.78311],[-135.23388,58.73549],[-135.14232,58.61637],[-135.13584,58.58823],[-135.13752,58.57784],[-135.14552,58.57833],[-135.15906,58.59553],[-135.18636,58.59777],[-135.19054,58.59242],[-135.18937,58.57624],[-135.13227,58.49654],[-135.08898,58.42302],[-135.05807,58.34945],[-135.04906,58.30929],[-135.05349,58.2905],[-135.06045,58.29034],[-135.06977,58.30269],[-135.09581,58.29723],[-135.10121,58.29261],[-135.1077,58.26503],[-135.09911,58.2451],[-135.05623,58.18988],[-135.07327,58.19058],[-135.08787,58.20007],[-135.11287,58.20155],[-135.15905,58.21018],[-135.22028,58.23558],[-135.2772,58.23363],[-135.30651,58.24292],[-135.34487,58.27079],[-135.39826,58.32769],[-135.40806,58.343],[-135.43306,58.3999],[-135.4613,58.39988],[-135.46608,58.39433],[-135.5124,58.38576],[-135.55607,58.40774],[-135.63043,58.42858],[-135.72805,58.39707],[-135.91792,58.38124],[-135.9203,58.38908],[-135.89726,58.41613],[-135.89717,58.45],[-135.91611,58.46386],[-135.92327,58.46292],[-135.93455,58.45195],[-135.93993,58.4516],[-135.98756,58.46442],[-135.99742,58.47037],[-135.99953,58.48028],[-135.99095,58.48732],[-135.96809,58.49467],[-135.94512,58.49484],[-135.90694,58.50581],[-135.89315,58.51393],[-135.89509,58.53408],[-135.914,58.54058],[-135.92857,58.57292],[-135.91219,58.6188],[-136.01223,58.71225],[-136.01576,58.7226],[-136.00893,58.73191],[-136.01167,58.74328],[-136.04617,58.7818],[-136.0896,58.81573],[-136.07728,58.82498],[-136.04528,58.83607],[-136.05035,58.91343],[-136.06073,58.92758],[-136.12031,58.96842],[-136.14531,58.97671],[-136.16272,58.97726],[-136.16365,58.9732],[-136.16029,58.962],[-136.1503,58.94711],[-136.12449,58.92454],[-136.107,58.86444],[-136.15077,58.75727],[-136.16194,58.75217],[-136.21366,58.75115],[-136.24734,58.75294],[-136.39732,58.81302],[-136.43105,58.81842],[-136.49372,58.83896],[-136.52816,58.92848],[-136.52652,58.95452],[-136.5449,58.96731],[-136.57216,58.95729],[-136.57552,58.9466],[-136.57554,58.92894],[-136.58629,58.90936],[-136.6305,58.89026],[-136.6769,58.89497],[-136.6946,58.90408],[-136.70485,58.91439],[-136.72499,58.92351],[-136.78291,58.93666],[-136.78871,58.93632],[-136.80283,58.92312],[-136.84099,58.91974],[-136.86001,58.932],[-136.85782,58.94287],[-136.87783,58.96239],[-136.91853,58.94722],[-136.916,58.93838],[-136.93484,58.91634],[-136.92864,58.90013],[-136.86818,58.88524],[-136.76793,58.87061],[-136.74451,58.87663],[-136.67639,58.85635],[-136.58343,58.83883],[-136.53803,58.81978],[-136.46326,58.78161],[-136.35679,58.69258],[-136.35422,58.6843],[-136.37277,58.66741],[-136.39608,58.65442],[-136.44983,58.63782],[-136.48239,58.61674],[-136.45944,58.60788],[-136.38333,58.62999],[-136.34283,58.64503],[-136.33137,58.66354],[-136.31719,58.67123],[-136.24637,58.66318],[-136.22997,58.67525],[-136.2176,58.67239],[-136.19421,58.58173],[-136.14503,58.55461],[-136.13265,58.53177],[-136.10029,58.51464],[-136.1003,58.50067],[-136.07459,58.4699],[-136.07269,58.45658],[-136.05303,58.41737],[-136.04182,58.38016],[-136.09265,58.34899],[-136.11193,58.34253],[-136.27677,58.31389],[-136.29628,58.31845],[-136.30416,58.32345],[-136.30512,58.32869],[-136.29872,58.34294],[-136.29005,58.35145],[-136.28163,58.35309],[-136.27393,58.36341],[-136.28887,58.36965],[-136.33673,58.37757],[-136.38204,58.36269],[-136.36042,58.34408],[-136.35711,58.32884],[-136.37098,58.30164],[-136.37646,58.29863],[-136.38996,58.29707],[-136.51432,58.31],[-136.54478,58.31667],[-136.57047,58.31095],[-136.5857,58.29668],[-136.56983,58.2687],[-136.56796,58.24515],[-136.5972,58.21501],[-136.61982,58.2099],[-136.65864,58.20732],[-136.70125,58.21942],[-136.73089,58.2565],[-136.71709,58.27351],[-136.73022,58.28615],[-136.78433,58.2905],[-136.85761,58.31636],[-136.84899,58.32899],[-136.94666,58.39319],[-137.01841,58.40914],[-137.1118,58.39259],[-137.18003,58.42994],[-137.23937,58.45316],[-137.27861,58.45948],[-137.29579,58.46618],[-137.56822,58.58799],[-137.6088,58.60123],[-137.63289,58.59998],[-137.67169,58.61552],[-137.68081,58.62183],[-137.67686,58.64677],[-137.68763,58.66499],[-137.79504,58.72485],[-137.90168,58.76532],[-137.92816,58.78053],[-137.94183,58.79432],[-137.94496,58.80465],[-137.92762,58.82719],[-137.92461,58.84393],[-137.93259,58.86849],[-137.952,58.88603],[-137.9852,58.90953],[-138.06633,58.95713],[-138.17395,59.0037],[-138.18207,59.01383],[-138.22432,59.03222],[-138.28913,59.05417],[-138.6367,59.13059],[-138.76347,59.19132],[-138.8475,59.22483],[-138.91975,59.24853],[-139.27103,59.33742],[-139.42017,59.37976],[-139.54116,59.42307],[-139.74648,59.50341],[-139.85557,59.53666],[-139.86255,59.54426],[-139.86131,59.54668],[-139.83782,59.56198],[-139.80716,59.55433],[-139.78507,59.56404],[-139.79531,59.57477],[-139.79817,59.58524],[-139.77057,59.59951],[-139.72583,59.63854],[-139.65445,59.63092],[-139.64017,59.62616],[-139.64969,59.61855],[-139.67144,59.61568],[-139.67631,59.61125],[-139.67241,59.60289],[-139.65458,59.59801],[-139.62312,59.59591],[-139.58713,59.60596],[-139.58145,59.60917],[-139.58253,59.61354],[-139.59349,59.62432],[-139.58579,59.64276],[-139.51818,59.68781],[-139.51052,59.70263],[-139.5323,59.70598],[-139.54975,59.70326],[-139.58878,59.70897],[-139.59544,59.71849],[-139.57831,59.73467],[-139.58211,59.77464],[-139.59829,59.807],[-139.62114,59.84031],[-139.63446,59.87458],[-139.6259,59.90408],[-139.60591,59.90504],[-139.52746,59.94005],[-139.53162,59.96018],[-139.54517,59.96892],[-139.4887,59.99503],[-139.52259,60.0203],[-139.5359,60.04321],[-139.55967,60.04167],[-139.56323,60.02778],[-139.58534,60.00462],[-139.60506,59.99963],[-139.6072,59.96833],[-139.61243,59.94887],[-139.6608,59.93339],[-139.70101,59.9304],[-139.75528,59.88793],[-139.77596,59.8684],[-139.77144,59.84549],[-139.78023,59.8265],[-139.84417,59.80786],[-140.16266,59.74061],[-140.18643,59.73247],[-140.20639,59.71689],[-140.25512,59.70232],[-140.30598,59.69285],[-140.59999,59.71132],[-140.64895,59.7112],[-140.89067,59.74199],[-140.98194,59.76964],[-141.42313,59.87733],[-141.46807,59.89837],[-141.48521,59.92502],[-141.47093,59.92693],[-141.41858,59.91646],[-141.29961,59.9374],[-141.29104,59.96785],[-141.25931,59.99838],[-141.28533,60.01544],[-141.2895,60.03425],[-141.37561,60.11071],[-141.36675,60.14719],[-141.38005,60.1589],[-141.40359,60.15571],[-141.43852,60.13252],[-141.51316,60.16221],[-141.54928,60.17025],[-141.55261,60.15358],[-141.52813,60.12731],[-141.46728,60.08384],[-141.39812,60.05312],[-141.36814,60.02401],[-141.40145,60.00592],[-141.59538,59.96191],[-141.73624,59.96191],[-141.91222,60.00978],[-141.96618,60.01913],[-142.10006,60.02677],[-142.24518,60.04978],[-142.53753,60.08395],[-142.69842,60.09333],[-142.80985,60.09522],[-142.90886,60.09033],[-143.13562,60.06208],[-143.19428,60.062],[-143.41338,60.05192],[-143.62415,60.03726],[-143.69899,60.02776],[-143.89703,59.98594],[-144.03504,60.0202],[-144.19589,59.99736],[-144.42432,59.89457],[-144.45097,59.87172],[-144.59088,59.79558],[-144.60135,59.79748],[-144.56708,59.85174],[-144.43955,59.94025],[-144.21683,60.04019],[-144.05254,60.04176],[-144.04873,60.05927],[-144.1103,60.09894],[-144.28536,60.14013],[-144.31201,60.16202],[-144.34963,60.14601],[-144.32387,60.12347],[-144.32847,60.10848],[-144.34891,60.09118],[-144.42925,60.14802],[-144.44194,60.16307],[-144.48476,60.16963],[-144.53489,60.18942],[-144.5451,60.187],[-144.55816,60.1778],[-144.59626,60.18167],[-144.6549,60.20488],[-144.90889,60.22129],[-144.92933,60.22825],[-144.87725,60.24459],[-144.73895,60.26505],[-144.80502,60.2812],[-144.89282,60.29282],[-144.91402,60.28093],[-144.95785,60.28815],[-144.96617,60.30923],[-144.87143,60.40727],[-144.85546,60.41689],[-144.83406,60.44375],[-144.84866,60.45519],[-144.88734,60.45605],[-144.9033,60.44258],[-144.93369,60.4257],[-145.03949,60.40607],[-145.04155,60.35713],[-145.11389,60.30098],[-145.13673,60.29622],[-145.21953,60.30383],[-145.25475,60.31145],[-145.50546,60.39427],[-145.51046,60.40899],[-145.50393,60.41061],[-145.50235,60.42081],[-145.53694,60.43053],[-145.56152,60.44312],[-145.59416,60.45183],[-145.73594,60.47466],[-145.79932,60.46203],[-145.85347,60.44563],[-145.88229,60.44463],[-145.9469,60.4554],[-145.96106,60.46502],[-145.9144,60.49235],[-145.86309,60.50182],[-145.80239,60.52017],[-145.71289,60.58325],[-145.73649,60.59521],[-145.76405,60.59159],[-145.79882,60.56192],[-145.82066,60.55005],[-145.96454,60.51356],[-146.10971,60.47035],[-146.21679,60.45023],[-146.31255,60.45744],[-146.31735,60.46061],[-146.35129,60.45429],[-146.35533,60.44935],[-146.35625,60.42553],[-146.3501,60.40778],[-146.33012,60.4071],[-146.30878,60.41425],[-146.2842,60.41766],[-146.12703,60.43082],[-146.12359,60.42803],[-146.1262,60.42429],[-146.09465,60.4103],[-146.08813,60.36499],[-146.14755,60.36722],[-146.19723,60.34829],[-146.24667,60.33512],[-146.31369,60.34053],[-146.39326,60.32748],[-146.4908,60.29494],[-146.60769,60.24118],[-146.62838,60.23963],[-146.65085,60.24298],[-146.68952,60.27128],[-146.69355,60.28459],[-146.68187,60.29225],[-146.65025,60.30506],[-146.59538,60.3212],[-146.57201,60.32176],[-146.52459,60.35067],[-146.5431,60.35797],[-146.57584,60.35727],[-146.60744,60.35167],[-146.62461,60.34141],[-146.65629,60.34046],[-146.71755,60.3496],[-146.72551,60.35994],[-146.72148,60.39642],[-146.63778,60.46718],[-146.61084,60.48561],[-146.59103,60.49104],[-146.52925,60.49213],[-146.50584,60.47696],[-146.45544,60.46532],[-146.3684,60.48067],[-146.31676,60.4975],[-146.29008,60.51569],[-146.15629,60.5263],[-145.95174,60.57678],[-145.88692,60.58571],[-145.84463,60.58651],[-145.80081,60.594],[-145.79514,60.60112],[-145.8161,60.61222],[-145.83272,60.61485],[-145.88875,60.6103],[-145.89818,60.61365],[-145.89564,60.62921],[-145.89754,60.65121],[-145.86817,60.66678],[-145.84174,60.68589],[-145.84181,60.68979],[-145.84494,60.69017],[-145.87622,60.68345],[-145.89961,60.67112],[-145.92532,60.6489],[-145.93746,60.63049],[-146.00293,60.61508],[-146.00615,60.61685],[-146.00814,60.62533],[-145.99959,60.64083],[-145.96913,60.66824],[-145.93183,60.68548],[-145.89956,60.70564],[-145.90168,60.71537],[-146.0168,60.66722],[-146.08669,60.65203],[-146.13134,60.63918],[-146.14763,60.63141],[-146.18807,60.62452],[-146.25347,60.62232],[-146.26354,60.63193],[-146.27065,60.64804],[-146.14104,60.70765],[-146.10146,60.71928],[-146.04413,60.74364],[-146.0491,60.76377],[-146.06495,60.77694],[-146.09018,60.75816],[-146.12079,60.74198],[-146.16062,60.72638],[-146.16846,60.72535],[-146.19942,60.73436],[-146.20231,60.73591],[-146.2005,60.74308],[-146.20914,60.74439],[-146.22865,60.73564],[-146.2311,60.72201],[-146.23991,60.71689],[-146.25806,60.71307],[-146.3038,60.71321],[-146.3177,60.72112],[-146.31268,60.7344],[-146.34697,60.73575],[-146.38729,60.7146],[-146.40327,60.69308],[-146.47454,60.68154],[-146.50025,60.68013],[-146.51825,60.6881],[-146.53279,60.68975],[-146.57921,60.69021],[-146.60755,60.68638],[-146.62366,60.68042],[-146.64946,60.68344],[-146.66815,60.69276],[-146.69962,60.73218],[-146.70399,60.7419],[-146.6054,60.75861],[-146.56713,60.7512],[-146.50107,60.77211],[-146.46522,60.77072],[-146.35901,60.78619],[-146.25581,60.80996],[-146.18356,60.84697],[-146.17229,60.86282],[-146.17353,60.86607],[-146.18858,60.86937],[-146.26297,60.86779],[-146.2906,60.84269],[-146.31415,60.82783],[-146.33382,60.82192],[-146.39477,60.81227],[-146.55097,60.8094],[-146.55636,60.81007],[-146.62082,60.86902],[-146.66476,60.87085],[-146.71853,60.83567],[-146.71993,60.83017],[-146.71515,60.82039],[-146.72524,60.81212],[-146.80101,60.80516],[-146.81941,60.81635],[-146.8167,60.85563],[-146.78783,60.8656],[-146.77455,60.87622],[-146.7574,60.87845],[-146.72762,60.86627],[-146.69809,60.87253],[-146.71168,60.89646],[-146.73642,60.9103],[-146.74715,60.93545],[-146.74594,60.95758],[-146.70175,60.98701],[-146.65383,61.04775],[-146.66191,61.06078],[-146.64221,61.07502],[-146.60795,61.08549],[-146.43568,61.08549],[-146.26245,61.09025],[-146.25674,61.09881],[-146.26911,61.11309],[-146.28815,61.12261],[-146.40141,61.12546],[-146.42425,61.13308],[-146.49373,61.12261],[-146.61366,61.1188],[-146.64602,61.10357],[-146.69095,61.06408],[-146.78413,61.04294],[-146.84851,61.00059],[-146.86311,60.98252],[-146.86236,60.97618],[-146.88025,60.96516],[-146.93019,60.94426],[-146.97347,60.93483],[-147.05615,60.94547],[-146.98252,60.97561],[-146.97765,60.99601],[-146.99928,61.01393],[-147.00011,61.0411],[-147.01901,61.07285],[-147.04622,61.09439],[-147.06203,61.11863],[-147.02352,61.12827],[-146.99809,61.14422],[-147.02115,61.1507],[-147.07522,61.15322],[-147.10956,61.14869],[-147.12786,61.13291],[-147.10315,61.11478],[-147.11954,61.09738],[-147.1325,61.08917],[-147.10842,61.07846],[-147.08722,61.03552],[-147.09526,61.01019],[-147.113,61.00297],[-147.13728,60.98097],[-147.14504,60.96349],[-147.13597,60.94625],[-147.14371,60.93983],[-147.18165,60.9331],[-147.20533,60.94266],[-147.22121,60.95312],[-147.22688,60.96216],[-147.21997,60.9695],[-147.22201,60.98354],[-147.27404,60.9746],[-147.2784,60.96106],[-147.28083,60.91696],[-147.37848,60.87785],[-147.45197,60.89422],[-147.4538,60.94147],[-147.47349,60.95755],[-147.49194,60.958],[-147.50767,60.92724],[-147.50641,60.92117],[-147.49421,60.91238],[-147.51782,60.89482],[-147.55015,60.90801],[-147.53443,61.03109],[-147.51618,61.06141],[-147.50272,61.07206],[-147.51417,61.09613],[-147.52549,61.10118],[-147.5586,61.0998],[-147.55484,61.09172],[-147.55762,61.0814],[-147.6192,60.97004],[-147.59815,60.9139],[-147.58771,60.87446],[-147.6028,60.84998],[-147.66899,60.84156],[-147.67233,60.84528],[-147.67769,60.86996],[-147.66336,60.87495],[-147.66625,60.88377],[-147.73079,60.91126],[-147.76124,60.91323],[-147.78751,60.87351],[-147.76736,60.85354],[-147.75061,60.85214],[-147.72982,60.81825],[-147.74365,60.81389],[-147.77755,60.81102],[-147.9138,60.82515],[-147.92084,60.81244],[-148.03435,60.7832],[-148.09855,60.78656],[-148.13438,60.79127],[-148.14475,60.79709],[-148.15199,60.81812],[-148.1487,60.8287],[-148.10224,60.89935],[-148.06553,60.93796],[-148.01767,60.97181],[-147.95102,61.02921],[-147.94818,61.04062],[-147.95282,61.06883],[-147.94996,61.07454],[-147.8881,61.10785],[-147.77241,61.18032],[-147.76151,61.21445],[-147.71583,61.24967],[-147.72629,61.2668],[-147.73867,61.26585],[-147.79387,61.23159],[-147.81767,61.20684],[-147.9138,61.14021],[-147.97757,61.10214],[-147.99946,61.08406],[-148.00361,61.0538],[-148.0659,61.00398],[-148.09049,61.00511],[-148.12552,61.0707],[-148.14942,61.07667],[-148.16637,61.06928],[-148.16485,61.04266],[-148.17805,60.99961],[-148.19937,60.97158],[-148.21935,60.95357],[-148.24206,60.93774],[-148.26598,60.93633],[-148.28164,60.91779],[-148.29487,60.86275],[-148.31011,60.83774],[-148.34111,60.80907],[-148.35086,60.80399],[-148.38991,60.80562],[-148.39701,60.81369],[-148.42695,60.82711],[-148.44667,60.80871],[-148.45052,60.79641],[-148.45129,60.78949],[-148.44206,60.77796],[-148.43148,60.77184],[-148.40597,60.7803],[-148.39636,60.7797],[-148.3824,60.77577],[-148.3668,60.76583],[-148.36571,60.74097],[-148.38449,60.68775],[-148.37441,60.67264],[-148.34828,60.68033],[-148.32675,60.70954],[-148.28053,60.75334],[-148.26992,60.75739],[-148.23015,60.76414],[-148.14806,60.75854],[-148.12076,60.74895],[-148.10738,60.73977],[-148.09171,60.67625],[-148.09413,60.66153],[-148.14299,60.62263],[-148.23036,60.59506],[-148.23822,60.60021],[-148.25525,60.59512],[-148.29323,60.5655],[-148.32856,60.53191],[-148.33364,60.53046],[-148.34602,60.50297],[-148.34678,60.48873],[-148.32938,60.47618],[-148.25582,60.49341],[-148.24826,60.5005],[-148.25053,60.50757],[-148.23895,60.52144],[-148.19243,60.55737],[-148.11516,60.59603],[-148.10314,60.59803],[-148.08677,60.59552],[-147.97942,60.51915],[-147.96401,60.50275],[-147.9716,60.48648],[-147.97765,60.48094],[-147.94211,60.44403],[-147.99334,60.3526],[-148.02599,60.27903],[-148.06489,60.27623],[-148.11626,60.27952],[-148.15053,60.29621],[-148.15402,60.3116],[-148.15063,60.32418],[-148.17128,60.33527],[-148.19307,60.3391],[-148.21732,60.33159],[-148.21159,60.30696],[-148.21555,60.30101],[-148.2852,60.27097],[-148.31302,60.26308],[-148.31055,60.24846],[-148.21179,60.26026],[-148.12849,60.2369],[-148.08677,60.21418],[-148.0506,60.20131],[-147.96814,60.15438],[-147.91014,60.13106],[-147.85144,60.07906],[-147.82529,60.06874],[-147.81555,60.05771],[-147.85928,60.0145],[-147.87045,59.99133],[-147.91823,59.96898],[-148.0392,59.93887],[-148.10124,59.95279],[-148.14901,59.93768],[-148.22507,59.93149],[-148.25406,59.93236],[-148.22055,59.97635],[-148.27177,60.01242],[-148.31396,60.03386],[-148.28295,60.08505],[-148.30386,60.11804],[-148.34474,60.13911],[-148.37742,60.11674],[-148.36566,60.08653],[-148.40131,60.03071],[-148.40167,59.97784],[-148.42419,59.95366],[-148.44457,59.94262],[-148.48046,59.95815],[-148.49115,59.97843],[-148.51159,60.00209],[-148.54522,59.99496],[-148.54808,59.96802],[-148.56877,59.94455],[-148.63478,59.91575],[-148.6757,59.92264],[-148.6895,59.9447],[-148.75759,59.95869],[-148.80132,59.95279],[-148.82307,59.93095],[-148.85956,59.9244],[-148.9146,59.96894],[-148.96402,59.97243],[-149.01179,59.95077],[-149.04162,59.96814],[-149.08987,59.95553],[-149.12326,59.96856],[-149.12207,59.9795],[-149.03722,60.04282],[-149.07074,60.0554],[-149.16581,60.02204],[-149.20241,59.98872],[-149.22107,59.93875],[-149.27062,59.87207],[-149.37659,59.83588],[-149.41153,59.85104],[-149.38412,59.88256],[-149.35892,59.89902],[-149.35048,59.93518],[-149.31459,59.97106],[-149.33848,60.04608],[-149.35761,60.08854],[-149.36569,60.11857],[-149.42428,60.12284],[-149.44306,60.0985],[-149.44237,60.05957],[-149.43724,60.02923],[-149.40883,60.01343],[-149.39053,59.98384],[-149.42713,59.98063],[-149.46421,59.91856],[-149.48026,59.92875],[-149.5231,59.92763],[-149.55477,59.91058],[-149.55308,59.89026],[-149.57271,59.85232],[-149.61015,59.83775],[-149.59553,59.79772],[-149.50676,59.77093],[-149.52779,59.70685],[-149.58555,59.71961],[-149.62631,59.73441],[-149.64509,59.76931],[-149.66872,59.84348],[-149.64033,59.87559],[-149.64223,59.89461],[-149.67848,59.94274],[-149.71487,59.9536],[-149.74135,59.94756],[-149.73291,59.92761],[-149.71711,59.90295],[-149.74636,59.86088],[-149.73894,59.73224],[-149.72814,59.69279],[-149.74622,59.63759],[-149.79191,59.66138],[-149.84267,59.7013],[-149.84931,59.73807],[-149.90422,59.76227],[-150.0283,59.78865],[-150.04285,59.77227],[-150.01556,59.75408],[-149.97916,59.74498],[-149.92896,59.72324],[-149.91944,59.69184],[-149.93372,59.66899],[-150.10885,59.56906],[-150.18023,59.53384],[-150.25352,59.48625],[-150.29635,59.45579],[-150.29711,59.42475],[-150.35361,59.41599],[-150.36466,59.38248],[-150.38534,59.34196],[-150.43014,59.34336],[-150.44022,59.40402],[-150.36869,59.51766],[-150.31695,59.58528],[-150.31867,59.61043],[-150.35549,59.59841],[-150.41245,59.55463],[-150.43152,59.51429],[-150.47874,59.4585],[-150.4989,59.4563],[-150.51632,59.46233],[-150.52154,59.46792],[-150.51629,59.48678],[-150.52299,59.49474],[-150.53612,59.49846],[-150.55024,59.52703],[-150.54982,59.53876],[-150.53306,59.56308],[-150.53725,59.58111],[-150.54773,59.59033],[-150.55611,59.59033],[-150.57582,59.57943],[-150.60223,59.54589],[-150.63116,59.54924],[-150.63954,59.54715],[-150.6387,59.53206],[-150.63158,59.52157],[-150.59506,59.49978],[-150.58964,59.50008],[-150.58464,59.49451],[-150.5796,59.47954],[-150.58434,59.46771],[-150.58557,59.45006],[-150.58118,59.44523],[-150.60116,59.42566],[-150.65005,59.42088],[-150.70086,59.43295],[-150.73996,59.42521],[-150.745,59.40073],[-150.76985,59.37297],[-150.83463,59.35198],[-150.87745,59.31812],[-150.9116,59.31161],[-150.91282,59.30521],[-150.89555,59.28623],[-150.88782,59.27353],[-150.88782,59.26792],[-150.89781,59.25565],[-150.94221,59.23314],[-150.95953,59.23254],[-150.97516,59.23614],[-150.99541,59.22415],[-151.0012,59.22415],[-151.00668,59.23329],[-151.00881,59.24579],[-151.00729,59.25158],[-150.99681,59.25774],[-150.99906,59.27108],[-151.0231,59.26904],[-151.03243,59.27576],[-151.0461,59.29936],[-151.05776,59.30172],[-151.0703,59.28785],[-151.06817,59.2841],[-151.0719,59.28106],[-151.08732,59.26879],[-151.10564,59.26314],[-151.1011,59.24061],[-151.1024,59.22871],[-151.10756,59.21779],[-151.12625,59.20992],[-151.16341,59.20264],[-151.18625,59.20281],[-151.19263,59.21121],[-151.20605,59.21932],[-151.22363,59.22435],[-151.26164,59.2203],[-151.27378,59.22966],[-151.28054,59.23048],[-151.29281,59.21427],[-151.30572,59.20954],[-151.3416,59.22223],[-151.37961,59.24202],[-151.38726,59.25045],[-151.39054,59.26492],[-151.39955,59.276],[-151.4072,59.27935],[-151.42942,59.26855],[-151.43769,59.25399],[-151.44921,59.24846],[-151.50955,59.23439],[-151.52513,59.22495],[-151.52024,59.21693],[-151.5047,59.21269],[-151.49959,59.20784],[-151.4978,59.20426],[-151.50266,59.19507],[-151.55815,59.20009],[-151.57466,59.19533],[-151.57926,59.18767],[-151.57645,59.1726],[-151.58035,59.16523],[-151.59073,59.16172],[-151.69887,59.16308],[-151.72093,59.15608],[-151.73907,59.15601],[-151.74845,59.1586],[-151.76491,59.17551],[-151.75853,59.21574],[-151.7613,59.22133],[-151.83834,59.20914],[-151.87436,59.21193],[-151.91568,59.22752],[-151.91725,59.23125],[-151.90619,59.23796],[-151.90511,59.24708],[-151.92505,59.25443],[-151.95928,59.24762],[-151.97875,59.25378],[-151.99162,59.31362],[-151.96313,59.34496],[-151.90302,59.36045],[-151.89074,59.37316],[-151.8871,59.38253],[-151.90802,59.39527],[-151.88651,59.42103],[-151.82605,59.43905],[-151.77087,59.44792],[-151.75142,59.44655],[-151.74054,59.43843],[-151.72849,59.43968],[-151.72042,59.44312],[-151.70646,59.46281],[-151.69473,59.46837],[-151.63447,59.48244],[-151.59525,59.47598],[-151.57133,59.48354],[-151.54942,59.47113],[-151.51872,59.48443],[-151.52989,59.50386],[-151.51634,59.52352],[-151.47332,59.53843],[-151.43636,59.53033],[-151.43458,59.544],[-151.3994,59.54135],[-151.34949,59.56736],[-151.30124,59.58],[-151.27748,59.59432],[-151.23231,59.59769],[-151.16426,59.58701],[-151.15825,59.59414],[-151.16543,59.60133],[-151.18803,59.60869],[-151.20546,59.63028],[-151.20764,59.64067],[-151.20319,59.64599],[-151.17398,59.65179],[-151.12612,59.66834],[-151.12136,59.67473],[-151.12279,59.67778],[-151.11649,59.69613],[-151.09825,59.70944],[-151.01889,59.75659],[-150.92731,59.79343],[-150.94813,59.79219],[-150.983,59.78354],[-151.00166,59.78839],[-151.00672,59.79299],[-151.02776,59.7962],[-151.06376,59.79315],[-151.11384,59.77723],[-151.21454,59.72985],[-151.32981,59.68364],[-151.37705,59.68131],[-151.42484,59.67052],[-151.43661,59.66636],[-151.44113,59.65354],[-151.44867,59.64817],[-151.50382,59.63366],[-151.64306,59.64697],[-151.68649,59.66086],[-151.7963,59.70416],[-151.82914,59.72015],[-151.85933,59.74957],[-151.86947,59.76916],[-151.86771,59.77841],[-151.83334,59.81413],[-151.81362,59.8443],[-151.80306,59.87853],[-151.77785,59.89749],[-151.75769,59.91764],[-151.74274,59.94463],[-151.71801,60.00947],[-151.7029,60.03225],[-151.66144,60.05714],[-151.60688,60.09956],[-151.54558,60.12839],[-151.51789,60.14501],[-151.4217,60.21293],[-151.40661,60.22818],[-151.38792,60.26707],[-151.38196,60.29695],[-151.3816,60.35873],[-151.37728,60.36552],[-151.36687,60.37266],[-151.30609,60.38726],[-151.29978,60.38548],[-151.28397,60.4522],[-151.28099,60.51263],[-151.26446,60.54326],[-151.26837,60.54898],[-151.30312,60.56133],[-151.33041,60.58054],[-151.33907,60.59424],[-151.35015,60.63466],[-151.3624,60.65353],[-151.38784,60.6745],[-151.40445,60.695],[-151.41027,60.71102],[-151.40927,60.72056],[-151.37052,60.73357],[-151.30923,60.74072],[-151.27964,60.74768],[-151.26138,60.75777],[-151.25934,60.7629],[-151.26132,60.7698],[-151.2529,60.77399],[-151.21219,60.78034],[-151.06256,60.78743],[-151.03701,60.79365],[-151.02563,60.7975],[-151.0248,60.80179],[-151.01202,60.80934],[-150.89551,60.85317],[-150.88377,60.86187],[-150.80842,60.89134],[-150.77059,60.91136],[-150.70581,60.93779],[-150.67844,60.95827],[-150.60307,60.97443],[-150.51506,60.99944],[-150.5111,61.00514],[-150.50192,61.00796],[-150.45466,61.01657],[-150.40186,61.03623],[-150.37717,61.03914],[-150.3537,61.03182],[-150.34171,61.0242],[-150.28637,60.9667],[-150.19413,60.90134],[-150.13994,60.90192],[-150.10928,60.89036],[-150.07933,60.88643],[-150.04582,60.88712],[-150.02347,60.86884],[-149.99947,60.86398],[-149.97237,60.8929],[-149.94516,60.90351],[-149.87519,60.96024],[-149.85369,60.9674],[-149.83558,60.96885],[-149.77026,60.96761],[-149.63942,60.92865],[-149.57133,60.93701],[-149.34576,60.89608],[-149.11162,60.87895],[-149.0049,60.83168],[-148.99741,60.83967],[-149.00846,60.85478],[-149.08725,60.90926],[-149.19252,60.93986],[-149.32722,60.92796],[-149.51041,60.98174],[-149.59608,60.98079],[-149.73969,61.01696],[-149.78439,61.03815],[-149.80582,61.05864],[-149.83192,61.0762],[-149.85717,61.07902],[-149.91567,61.10143],[-149.96916,61.13254],[-150.0393,61.14429],[-150.07545,61.15627],[-150.068,61.16613],[-150.00994,61.20364],[-149.92444,61.21112],[-149.81118,61.31772],[-149.73028,61.33295],[-149.70172,61.3853],[-149.61241,61.39462],[-149.5758,61.4077],[-149.53742,61.40776],[-149.49321,61.42828],[-149.42951,61.44716],[-149.43142,61.4681],[-149.47901,61.4681],[-149.54278,61.49],[-149.61467,61.49324],[-149.76797,61.43834],[-149.80832,61.39577],[-149.87685,61.38435],[-149.9183,61.32347],[-149.91968,61.26347],[-149.98587,61.23752],[-150.07479,61.2535],[-150.20489,61.25955],[-150.26612,61.25124],[-150.28698,61.25744],[-150.30369,61.25747],[-150.33458,61.2513],[-150.46881,61.24463],[-150.49573,61.25124],[-150.56167,61.28149],[-150.59017,61.28149],[-150.60696,61.27773],[-150.62846,61.28441],[-150.64622,61.29669],[-150.6558,61.29817],[-150.66262,61.29536],[-150.67125,61.27365],[-150.6799,61.26589],[-150.71129,61.25109],[-150.82729,61.22839],[-150.8959,61.20891],[-150.92677,61.20635],[-150.94194,61.20995],[-150.94624,61.20864],[-150.95115,61.19878],[-150.96011,61.19404],[-150.99009,61.18891],[-151.0249,61.17839],[-151.07278,61.14167],[-151.11972,61.09112],[-151.12736,61.0769],[-151.16661,61.0464],[-151.29362,61.03572],[-151.3078,61.03101],[-151.33092,61.01512],[-151.349,61.01],[-151.42512,61.01311],[-151.4803,61.0109],[-151.53823,60.99184],[-151.621,60.95745],[-151.64107,60.94218],[-151.67952,60.92249],[-151.69264,60.91774],[-151.71391,60.91655],[-151.72081,60.90426],[-151.73602,60.89151],[-151.78327,60.86871],[-151.80026,60.85367],[-151.79672,60.83873],[-151.78739,60.82231],[-151.75182,60.78873],[-151.7038,60.73238],[-151.70555,60.71805],[-151.71044,60.71266],[-151.71638,60.71041],[-151.74432,60.7124],[-151.7603,60.72144],[-151.80381,60.729],[-151.83119,60.7473],[-151.85197,60.75407],[-151.86018,60.75328],[-151.86496,60.75046],[-151.84963,60.73829],[-151.84861,60.73398],[-151.91691,60.71792],[-152.02194,60.67336],[-152.0581,60.64671],[-152.09998,60.59437],[-152.13616,60.57847],[-152.16352,60.57693],[-152.19508,60.56967],[-152.2615,60.53824],[-152.30922,60.50638],[-152.33137,60.47353],[-152.33337,60.46064],[-152.32582,60.43481],[-152.31223,60.4204],[-152.30195,60.41433],[-152.2342,60.39389],[-152.30062,60.3696],[-152.31585,60.35907],[-152.35229,60.3561],[-152.37148,60.35018],[-152.38633,60.32789],[-152.38598,60.31585],[-152.39201,60.30211],[-152.41128,60.28786],[-152.45629,60.28404],[-152.48179,60.27468],[-152.52821,60.25135],[-152.53984,60.24164],[-152.54924,60.22763],[-152.55675,60.22422],[-152.62465,60.21869],[-152.62768,60.2257],[-152.64236,60.22877],[-152.66005,60.242],[-152.6704,60.24432],[-152.71588,60.24127],[-152.74703,60.23331],[-152.74339,60.22432],[-152.75488,60.21091],[-152.75488,60.2029],[-152.74955,60.18955],[-152.73425,60.1748],[-152.69988,60.16527],[-152.67809,60.1635],[-152.67418,60.15173],[-152.68749,60.1403],[-152.68637,60.13772],[-152.65842,60.12159],[-152.59678,60.10107],[-152.57527,60.08236],[-152.56912,60.07175],[-152.57515,60.04826],[-152.6086,60.02543],[-152.61272,60.01512],[-152.61165,60.00852],[-152.6794,59.96805],[-152.69367,59.93277],[-152.70643,59.91528],[-152.74508,59.90423],[-152.79358,59.89672],[-152.80693,59.88803],[-152.81006,59.87832],[-152.86087,59.87503],[-152.87517,59.87747],[-152.88267,59.88199],[-152.90041,59.88181],[-152.92042,59.87774],[-152.95066,59.87676],[-153.00252,59.88673],[-153.01998,59.88623],[-153.04699,59.88242],[-153.07919,59.8711],[-153.14475,59.85983],[-153.21286,59.86278],[-153.22594,59.85834],[-153.22861,59.85336],[-153.25694,59.83649],[-153.27881,59.82807],[-153.2858,59.82053],[-153.27854,59.81092],[-153.25774,59.81081],[-153.23656,59.82187],[-153.19735,59.82483],[-153.18231,59.82239],[-153.14437,59.80762],[-153.11359,59.81563],[-153.08852,59.83338],[-153.02194,59.83413],[-153.00908,59.83064],[-152.99213,59.81003],[-152.99447,59.79126],[-153.05156,59.69156],[-153.10894,59.67832],[-153.12174,59.67801],[-153.15502,59.65434],[-153.21416,59.63427],[-153.24002,59.63243],[-153.25341,59.63842],[-153.26274,59.64343],[-153.27517,59.6673],[-153.28653,59.67025],[-153.31512,59.6649],[-153.2982,59.63634],[-153.30276,59.62768],[-153.30884,59.62571],[-153.34294,59.62131],[-153.3816,59.63803],[-153.40942,59.63633],[-153.4181,59.64215],[-153.41551,59.65092],[-153.39385,59.65885],[-153.38489,59.66719],[-153.37823,59.68894],[-153.37478,59.73159],[-153.43998,59.78465],[-153.45497,59.7921],[-153.45855,59.76447],[-153.44534,59.72886],[-153.44121,59.70132],[-153.444,59.68996],[-153.46456,59.65171],[-153.4761,59.64273],[-153.54247,59.63024],[-153.58652,59.65154],[-153.60481,59.63873],[-153.61074,59.62834],[-153.60925,59.62164],[-153.59219,59.61084],[-153.55829,59.60579],[-153.55316,59.59705],[-153.55515,59.58786],[-153.57783,59.55599],[-153.58541,59.55148],[-153.65094,59.55543],[-153.71931,59.55026],[-153.76148,59.54341],[-153.76624,59.52234],[-153.73385,59.50575],[-153.70642,59.47799],[-153.69903,59.4636],[-153.72755,59.43535],[-153.80712,59.41947],[-153.82338,59.41804],[-153.8622,59.42412],[-153.89658,59.41849],[-153.92531,59.40525],[-153.94554,59.38606],[-153.95139,59.38702],[-153.95989,59.39685],[-153.99,59.39678],[-153.99851,59.38472],[-154.00721,59.38253],[-154.0257,59.38152],[-154.04456,59.38829],[-154.05215,59.38714],[-154.0878,59.36797],[-154.11767,59.36551],[-154.12181,59.36054],[-154.12139,59.3531],[-154.10301,59.34272],[-154.0337,59.344],[-154.02874,59.33738],[-154.03081,59.32704],[-154.11358,59.29963],[-154.13684,59.26267],[-154.14119,59.2166],[-154.13058,59.2105],[-154.17294,59.1725],[-154.21482,59.15156],[-154.26012,59.14302],[-154.26329,59.13846],[-154.25123,59.11124],[-154.22724,59.12541],[-154.18069,59.12324],[-154.17367,59.1202],[-154.16674,59.10055],[-154.16641,59.09058],[-154.1715,59.08342],[-154.19527,59.06949],[-154.19742,59.06115],[-154.18958,59.04421],[-154.15983,59.0106],[-154.15821,59.01785],[-154.13245,59.02475],[-154.10828,59.03683],[-154.06349,59.07214],[-154.00855,59.0729],[-153.85024,59.05292],[-153.83818,59.0553],[-153.80278,59.07222],[-153.79397,59.07142],[-153.75094,59.05284],[-153.7462,59.0652],[-153.70416,59.07578],[-153.69566,59.07399],[-153.64803,59.02892],[-153.61607,59.00674],[-153.54728,58.98372],[-153.52352,58.97922],[-153.50562,58.98173],[-153.47994,58.99529],[-153.43814,58.96991],[-153.42201,58.97065],[-153.39848,58.96606],[-153.38877,58.94534],[-153.36537,58.92775],[-153.35228,58.92171],[-153.33478,58.92052],[-153.32284,58.90785],[-153.30243,58.87121],[-153.28616,58.86308],[-153.26741,58.86722],[-153.2548,58.86176],[-153.25225,58.85585],[-153.31782,58.84744],[-153.33683,58.84888],[-153.35096,58.84355],[-153.36939,58.82126],[-153.37073,58.7993],[-153.38513,58.76617],[-153.40247,58.74261],[-153.42664,58.72113],[-153.445,58.70931],[-153.45882,58.70856],[-153.47776,58.71277],[-153.55265,58.68718],[-153.57754,58.67053],[-153.59163,58.64008],[-153.60126,58.63463],[-153.6776,58.6116],[-153.77164,58.60564],[-153.85143,58.61187],[-153.89715,58.60624],[-153.90256,58.59738],[-153.91913,58.51666],[-153.90959,58.51456],[-153.93047,58.49748],[-153.96037,58.48783],[-153.97402,58.48835],[-153.97762,58.49193],[-154.00192,58.49235],[-154.06512,58.48643],[-154.07303,58.47826],[-154.07523,58.45811],[-154.07066,58.44002],[-154.05576,58.41878],[-154.04001,58.4043],[-154.00731,58.40219],[-153.98542,58.39088],[-153.99932,58.37637],[-154.09725,58.34532],[-154.13387,58.35063],[-154.15037,58.35758],[-154.168,58.35838],[-154.17519,58.34453],[-154.17716,58.32147],[-154.14907,58.31454],[-154.10341,58.28016],[-154.14528,58.21093],[-154.17765,58.18983],[-154.21975,58.18463],[-154.24187,58.15633],[-154.21625,58.14285],[-154.21008,58.13606],[-154.26903,58.12877],[-154.29116,58.13568],[-154.34045,58.09092],[-154.38433,58.12082],[-154.42657,58.1449],[-154.43652,58.14829],[-154.46012,58.14607],[-154.46644,58.14233],[-154.4521,58.12158],[-154.44921,58.09322],[-154.46293,58.05835],[-154.47798,58.05238],[-154.50125,58.05011],[-154.53937,58.05589],[-154.56863,58.02579],[-154.58155,58.01929],[-154.64397,58.03315],[-154.65062,58.04539],[-154.64467,58.05643],[-154.64622,58.06014],[-154.65338,58.06404],[-154.66889,58.06527],[-154.71616,58.05526],[-154.72898,58.03845],[-154.73073,58.02184],[-154.74558,58.01222],[-154.77472,58.00217],[-154.80777,58.00094],[-154.81952,58.00349],[-154.82823,58.01885],[-154.87656,58.02772],[-154.99043,58.01342],[-155.02627,57.9993],[-155.11865,57.95392],[-155.09469,57.92928],[-155.07257,57.91197],[-155.0642,57.90929],[-155.06181,57.90433],[-155.06815,57.88377],[-155.08214,57.87225],[-155.09709,57.86536],[-155.15242,57.85538],[-155.23793,57.82713],[-155.27292,57.82398],[-155.32637,57.83055],[-155.33815,57.82538],[-155.34124,57.81964],[-155.33494,57.78069],[-155.31098,57.76481],[-155.28469,57.75739],[-155.29165,57.73581],[-155.30581,57.72405],[-155.37861,57.71077],[-155.50653,57.76097],[-155.54568,57.78677],[-155.56844,57.78951],[-155.59686,57.78354],[-155.60935,57.7777],[-155.61719,57.76971],[-155.63532,57.71544],[-155.63454,57.70476],[-155.62637,57.69362],[-155.6152,57.68807],[-155.62991,57.65638],[-155.69999,57.64209],[-155.72417,57.63345],[-155.73551,57.59415],[-155.73095,57.58856],[-155.73278,57.54973],[-155.87786,57.54717],[-155.91526,57.53533],[-155.96789,57.54443],[-156.01082,57.57138],[-156.03381,57.56988],[-156.04403,57.56446],[-156.04858,57.50081],[-156.04532,57.48704],[-156.03672,57.47094],[-156.0144,57.45529],[-156.01284,57.45139],[-156.02187,57.43966],[-156.09167,57.43983],[-156.13748,57.47173],[-156.18393,57.48211],[-156.19574,57.48006],[-156.21088,57.47441],[-156.21149,57.45947],[-156.2201,57.4453],[-156.22689,57.44067],[-156.25446,57.43896],[-156.33943,57.41764],[-156.37744,57.39086],[-156.48163,57.3387],[-156.51141,57.33502],[-156.53354,57.32853],[-156.55124,57.2908],[-156.53868,57.28304],[-156.5073,57.28116],[-156.42086,57.31114],[-156.33643,57.33608],[-156.32191,57.29337],[-156.33272,57.26519],[-156.34294,57.24806],[-156.35814,57.25219],[-156.37651,57.25228],[-156.39942,57.24163],[-156.40149,57.23317],[-156.39875,57.21476],[-156.38859,57.20662],[-156.35576,57.19284],[-156.3413,57.19186],[-156.3344,57.1823],[-156.35736,57.15757],[-156.36852,57.14999],[-156.43511,57.12743],[-156.4565,57.10604],[-156.44461,57.10009],[-156.4416,57.08516],[-156.50924,57.05491],[-156.53559,57.04791],[-156.56283,57.02031],[-156.54767,57.00463],[-156.5472,56.98649],[-156.55052,56.98461],[-156.67138,56.99606],[-156.73062,56.97984],[-156.75364,56.99123],[-156.7869,56.96504],[-156.7868,56.94144],[-156.79731,56.91172],[-156.80443,56.90588],[-156.82598,56.89767],[-156.83932,56.90185],[-156.87632,56.94283],[-156.88537,56.95328],[-156.88289,56.96258],[-156.89368,56.96596],[-156.9188,56.96358],[-156.93569,56.95487],[-156.93563,56.92009],[-156.98617,56.91113],[-157.01567,56.89849],[-157.03462,56.88449],[-157.07345,56.83834],[-157.15949,56.83348],[-157.16327,56.82354],[-157.14099,56.80228],[-157.14028,56.79087],[-157.16137,56.77413],[-157.18364,56.76908],[-157.20172,56.76751],[-157.28376,56.80077],[-157.29051,56.80471],[-157.29123,56.81108],[-157.29828,56.81857],[-157.37877,56.8617],[-157.40568,56.86422],[-157.43693,56.85852],[-157.45759,56.8482],[-157.47241,56.83336],[-157.45762,56.80429],[-157.41856,56.79982],[-157.41149,56.77835],[-157.41344,56.76919],[-157.51748,56.76084],[-157.53077,56.75377],[-157.54486,56.73895],[-157.5638,56.70343],[-157.55079,56.68103],[-157.54229,56.67532],[-157.50759,56.66717],[-157.47915,56.67008],[-157.45216,56.64322],[-157.45486,56.63475],[-157.4665,56.62327],[-157.49652,56.6169],[-157.53649,56.61532],[-157.54609,56.61903],[-157.60523,56.62132],[-157.63602,56.61284],[-157.67459,56.60951],[-157.70538,56.62878],[-157.71905,56.65308],[-157.7368,56.67562],[-157.7637,56.67925],[-157.84813,56.65355],[-157.91854,56.64314],[-157.98339,56.59945],[-158.04201,56.59674],[-158.05972,56.58376],[-158.08575,56.57335],[-158.07436,56.55416],[-158.00553,56.55344],[-157.91117,56.57479],[-157.83842,56.56076],[-157.82814,56.54633],[-157.81783,56.51421],[-157.82307,56.50198],[-157.85977,56.48367],[-157.87207,56.47397],[-157.90006,56.47794],[-158.02762,56.51178],[-158.11228,56.52132],[-158.11957,56.51835],[-158.13173,56.50194],[-158.1116,56.49011],[-158.11868,56.46656],[-158.12744,56.46081],[-158.24614,56.46612],[-158.2847,56.48109],[-158.3288,56.48421],[-158.40295,56.45519],[-158.49884,56.38011],[-158.50204,56.36518],[-158.48955,56.34186],[-158.43279,56.34351],[-158.39734,56.32892],[-158.33814,56.32392],[-158.32256,56.32524],[-158.20739,56.29435],[-158.20308,56.28383],[-158.21654,56.26945],[-158.25333,56.25312],[-158.33451,56.23294],[-158.33976,56.21781],[-158.33104,56.21361],[-158.26479,56.2096],[-158.19096,56.22641],[-158.17493,56.23623],[-158.11949,56.242],[-158.11272,56.24029],[-158.1178,56.23074],[-158.23702,56.18739],[-158.31413,56.1637],[-158.37432,56.13452],[-158.396,56.10983],[-158.39492,56.06472],[-158.39832,56.06296],[-158.42445,56.0689],[-158.43864,56.09367],[-158.43111,56.10026],[-158.43223,56.10288],[-158.43994,56.10778],[-158.46181,56.10664],[-158.47526,56.0934],[-158.47271,56.08758],[-158.44841,56.05528],[-158.41789,56.0368],[-158.40772,56.01452],[-158.41365,56.00495],[-158.43147,55.99445],[-158.43933,55.99362],[-158.4457,55.99758],[-158.46733,56.02722],[-158.50197,56.02517],[-158.50485,56.01554],[-158.49401,56.00732],[-158.49511,55.98921],[-158.49905,55.98168],[-158.50984,55.97962],[-158.59562,56.04525],[-158.59837,56.04882],[-158.59419,56.11044],[-158.57466,56.11864],[-158.57504,56.12113],[-158.6004,56.13044],[-158.6283,56.12094],[-158.65974,56.09855],[-158.66682,56.07841],[-158.66091,56.03493],[-158.65167,56.03136],[-158.64322,56.02341],[-158.63669,56.00501],[-158.6395,55.98607],[-158.65321,55.95862],[-158.67325,55.95148],[-158.73701,55.95331],[-158.74856,55.95936],[-158.75122,55.96376],[-158.72957,56.00285],[-158.74731,56.00991],[-158.85413,56.00334],[-158.9094,55.93489],[-158.9996,55.92701],[-159.13875,55.90932],[-159.27151,55.8907],[-159.37484,55.87152],[-159.4001,55.85236],[-159.40938,55.81043],[-159.40433,55.79699],[-159.41151,55.78891],[-159.43479,55.79291],[-159.47022,55.82891],[-159.47197,55.84351],[-159.46528,55.85285],[-159.45395,55.89682],[-159.48223,55.90183],[-159.49388,55.90011],[-159.52835,55.88846],[-159.53441,55.8813],[-159.49802,55.8553],[-159.4944,55.7658],[-159.50377,55.74788],[-159.53715,55.72846],[-159.55143,55.71154],[-159.55202,55.70479],[-159.53596,55.68983],[-159.53012,55.66539],[-159.54512,55.64652],[-159.61777,55.5958],[-159.69671,55.57331],[-159.72933,55.56965],[-159.7339,55.56999],[-159.7445,55.60002],[-159.7352,55.61093],[-159.72415,55.61455],[-159.63962,55.61792],[-159.62677,55.62941],[-159.64466,55.65247],[-159.6792,55.6559],[-159.68063,55.68134],[-159.67676,55.73736],[-159.67319,55.75096],[-159.62748,55.80325],[-159.60215,55.805],[-159.60797,55.8129],[-159.64374,55.83042],[-159.71282,55.84639],[-159.81107,55.85657],[-159.83898,55.85241],[-159.85325,55.84716],[-159.85846,55.84179],[-159.85075,55.82408],[-159.84736,55.80253],[-159.86248,55.78763],[-159.89232,55.7851],[-159.93709,55.80331],[-160.01032,55.79709],[-160.02628,55.7923],[-160.05253,55.76643],[-160.04942,55.75759],[-160.05844,55.72173],[-160.13045,55.68142],[-160.18571,55.65864],[-160.27983,55.64138],[-160.32542,55.64421],[-160.41082,55.66538],[-160.42185,55.6627],[-160.42973,55.65805],[-160.4336,55.64898],[-160.43302,55.63998],[-160.39259,55.60277],[-160.43586,55.57369],[-160.4643,55.53324],[-160.46519,55.52736],[-160.45981,55.51499],[-160.46275,55.50665],[-160.48163,55.48907],[-160.50135,55.47852],[-160.52133,55.47442],[-160.53665,55.47494],[-160.54422,55.50235],[-160.55417,55.52296],[-160.58008,55.56439],[-160.59577,55.57554],[-160.61531,55.57552],[-160.65277,55.54867],[-160.66697,55.54442],[-160.70688,55.55607],[-160.7371,55.55545],[-160.76624,55.54756],[-160.77295,55.539],[-160.77143,55.52943],[-160.66012,55.51848],[-160.64746,55.50086],[-160.6463,55.49285],[-160.65152,55.47417],[-160.66692,55.45978],[-160.7814,55.45178],[-160.79599,55.45495],[-160.83673,55.47313],[-160.84341,55.48978],[-160.82177,55.50622],[-160.82827,55.51611],[-160.86538,55.52697],[-160.90963,55.52414],[-160.94427,55.50782],[-160.97655,55.47274],[-160.9793,55.46627],[-160.97738,55.46119],[-160.98272,55.45433],[-160.99733,55.44026],[-161.01366,55.431],[-161.23154,55.35745],[-161.28068,55.35404],[-161.32532,55.35986],[-161.31754,55.36276],[-161.31199,55.37284],[-161.31495,55.37923],[-161.34608,55.38578],[-161.4452,55.3681],[-161.46039,55.35907],[-161.50766,55.36279],[-161.51421,55.38525],[-161.49612,55.39697],[-161.48459,55.41799],[-161.47147,55.47859],[-161.47711,55.48519],[-161.46927,55.49683],[-161.3761,55.56979],[-161.3674,55.57948],[-161.35569,55.60638],[-161.36338,55.61848],[-161.39261,55.62822],[-161.41624,55.63232],[-161.48206,55.63398],[-161.52616,55.6305],[-161.58705,55.62006],[-161.61293,55.60616],[-161.69886,55.5194],[-161.69672,55.42331],[-161.68836,55.41638],[-161.6865,55.40804],[-161.7201,55.37669],[-161.82754,55.28787],[-161.85342,55.27763],[-161.87561,55.24992],[-161.87954,55.2408],[-161.87524,55.22722],[-161.87808,55.2236],[-161.90341,55.20494],[-161.91952,55.20821],[-161.97879,55.23613],[-162.02964,55.23949],[-162.04569,55.23277],[-162.04624,55.22561],[-162.00171,55.16924],[-161.96697,55.15483],[-161.94988,55.12669],[-161.96087,55.10673],[-162.05328,55.07421],[-162.11874,55.10291],[-162.13188,55.12278],[-162.11903,55.14112],[-162.12637,55.15341],[-162.14108,55.15734],[-162.17743,55.1544],[-162.21819,55.1189],[-162.22405,55.10866],[-162.22353,55.10221],[-162.19035,55.06698],[-162.18925,55.06026],[-162.21933,55.02898],[-162.24795,55.02044],[-162.26775,55.02155],[-162.29251,55.03343],[-162.30038,55.04293],[-162.36197,55.04268],[-162.41351,55.03656],[-162.47136,55.05193],[-162.5121,55.08623],[-162.52169,55.10401],[-162.52099,55.11542],[-162.46096,55.12584],[-162.44256,55.11823],[-162.4248,55.10481],[-162.4168,55.1041],[-162.41057,55.10561],[-162.40619,55.1205],[-162.44518,55.15152],[-162.48098,55.16127],[-162.49447,55.18391],[-162.49902,55.21377],[-162.51044,55.25018],[-162.58487,55.29839],[-162.6261,55.30409],[-162.66196,55.29429],[-162.6824,55.27645],[-162.70285,55.25277],[-162.71808,55.21991],[-162.69231,55.19731],[-162.66835,55.19344],[-162.64473,55.19711],[-162.63879,55.19477],[-162.6145,55.17473],[-162.57977,55.13694],[-162.58553,55.1286],[-162.5956,55.12485],[-162.60445,55.12603],[-162.61892,55.0971],[-162.59981,55.05481],[-162.56929,55.01587],[-162.56929,54.97124],[-162.58797,54.97201],[-162.61516,54.98784],[-162.64647,54.99716],[-162.68813,54.99613],[-162.71618,54.98668],[-162.7204,54.98022],[-162.7072,54.97202],[-162.7051,54.96601],[-162.70845,54.95848],[-162.77098,54.93274],[-162.84547,54.92699],[-162.88164,54.93478],[-162.91368,54.95027],[-162.97063,55.00104],[-162.96587,55.01737],[-162.95898,55.02015],[-162.95783,55.03183],[-163.00155,55.08004],[-163.05163,55.10327],[-163.07901,55.11165],[-163.11151,55.1097],[-163.16504,55.09921],[-163.18843,55.0909],[-163.21301,55.06674],[-163.22509,55.04968],[-163.22631,55.04269],[-163.21902,55.03028],[-163.17483,55.0131],[-163.14862,55.01402],[-163.06701,54.9793],[-163.05047,54.96907],[-163.03606,54.94254],[-163.14958,54.88591],[-163.2144,54.84749],[-163.29981,54.82923],[-163.37321,54.80084],[-163.37281,54.79094],[-163.34266,54.7651],[-163.31326,54.7533],[-163.22839,54.75351],[-163.21976,54.75507],[-163.18429,54.77491],[-163.14409,54.7615],[-163.10756,54.73275],[-163.09614,54.70547],[-163.07998,54.68562],[-163.05723,54.6881],[-163.05097,54.67226],[-163.05909,54.66107],[-163.09674,54.6616],[-163.12574,54.66818],[-163.15271,54.6659],[-163.15354,54.66927],[-163.14914,54.67305],[-163.12901,54.68333],[-163.12644,54.69503],[-163.19495,54.69902],[-163.20878,54.69314],[-163.21365,54.6772],[-163.22318,54.6769],[-163.24742,54.69228],[-163.28063,54.69537],[-163.318,54.71994],[-163.32716,54.7369],[-163.34044,54.74887],[-163.36463,54.74946],[-163.39197,54.74198],[-163.42838,54.71482],[-163.41843,54.7089],[-163.41,54.69366],[-163.41629,54.66446],[-163.42437,54.65621],[-163.48886,54.65511],[-163.57238,54.62321],[-163.58597,54.61164],[-163.67084,54.62783],[-163.74732,54.63501],[-163.80359,54.6365],[-163.96631,54.63168],[-164.08489,54.62013],[-164.23247,54.58549],[-164.25759,54.57272],[-164.3314,54.53043],[-164.33754,54.52426],[-164.34147,54.49527],[-164.33653,54.48098],[-164.3527,54.46502],[-164.41682,54.43171],[-164.45655,54.41986],[-164.58278,54.4057],[-164.64046,54.39117],[-164.74398,54.39422],[-164.78936,54.40201],[-164.84493,54.41758],[-164.87607,54.44349],[-164.91006,54.50754],[-164.93612,54.52125],[-164.94464,54.5329],[-164.94879,54.57988],[-164.93219,54.59875],[-164.91876,54.60531],[-164.83194,54.62903],[-164.74182,54.64544],[-164.70946,54.66152],[-164.62966,54.75603],[-164.5769,54.82456],[-164.56155,54.85083],[-164.56405,54.87554],[-164.55026,54.88878],[-164.48678,54.92244],[-164.4273,54.93285],[-164.37344,54.91535],[-164.35333,54.89833],[-164.34353,54.89414],[-164.29503,54.90212],[-164.20707,54.92758],[-164.2049,54.93124],[-164.16434,54.95353],[-164.1192,54.96942],[-164.10933,54.964],[-164.0868,54.9634],[-164.03071,54.96982],[-163.96473,54.99734],[-163.8947,55.03912],[-163.85426,55.0378],[-163.77409,55.05578],[-163.74074,55.04827],[-163.64683,55.04447],[-163.53296,55.04888],[-163.52711,55.04087],[-163.53464,55.02531],[-163.53009,55.01666],[-163.4615,54.98251],[-163.44285,54.96988],[-163.41804,54.9385],[-163.39829,54.90237],[-163.39929,54.89401],[-163.40803,54.88458],[-163.41469,54.85609],[-163.3914,54.85533],[-163.33423,54.87295],[-163.31888,54.88012],[-163.31916,54.89903],[-163.31996,54.90308],[-163.33674,54.91749],[-163.3444,54.91933],[-163.34773,54.92509],[-163.34374,54.95042],[-163.33839,54.95619],[-163.32311,54.95993],[-163.31459,54.95886],[-163.29907,54.93749],[-163.26984,54.93927],[-163.23371,54.93053],[-163.2349,54.945],[-163.28677,54.96703],[-163.28871,54.98671],[-163.28077,55.03296],[-163.30596,55.06958],[-163.31069,55.10561],[-163.31407,55.10515],[-163.31873,55.11081],[-163.31987,55.11962],[-163.31465,55.12631],[-163.26877,55.14547],[-163.20087,55.16606],[-163.10501,55.18398],[-163.08163,55.18041],[-163.08072,55.17686],[-163.07049,55.17411],[-162.95718,55.17127],[-162.88229,55.18325],[-162.86152,55.19834],[-162.84014,55.22404],[-162.84317,55.24256],[-162.85184,55.24732],[-162.86948,55.24809],[-162.88089,55.23956],[-162.90164,55.24765],[-162.88812,55.27042],[-162.88178,55.27378],[-162.85271,55.28051],[-162.84677,55.26751],[-162.82324,55.27902],[-162.81325,55.29946],[-162.79804,55.31096],[-162.76619,55.31515],[-162.75037,55.30762],[-162.73182,55.30783],[-162.70844,55.32921],[-162.69061,55.34044],[-162.7025,55.35395],[-162.67639,55.35407],[-162.66043,55.36543],[-162.65496,55.37732],[-162.64165,55.39258],[-162.62905,55.3653],[-162.60192,55.36145],[-162.57486,55.34787],[-162.55466,55.35071],[-162.51944,55.3696],[-162.5095,55.38394],[-162.50118,55.38974],[-162.50475,55.41174],[-162.51646,55.41402],[-162.52067,55.42766],[-162.50817,55.44229],[-162.51021,55.45449],[-162.51877,55.46096],[-162.58366,55.44344],[-162.59126,55.45274],[-162.49263,55.51173],[-162.42737,55.5618],[-162.38401,55.58984],[-162.26451,55.68862],[-162.21955,55.71087],[-162.14663,55.73335],[-162.06338,55.78612],[-162.05063,55.7909],[-161.99451,55.79783],[-161.89896,55.83346],[-161.85306,55.86471],[-161.80125,55.89317],[-161.71228,55.90423],[-161.64001,55.9195],[-161.57728,55.93715],[-161.38056,55.96562],[-161.29078,55.98313],[-161.19609,56.00617],[-161.12252,56.0111],[-161.02079,56.01041],[-160.99744,56.02144],[-160.82736,56.02656],[-160.80667,56.0224],[-160.80676,56.01835],[-160.86164,55.99649],[-160.86095,55.98115],[-160.86547,55.95508],[-160.81817,55.95335],[-160.81104,55.94723],[-160.81389,55.92526],[-160.80101,55.90226],[-160.8199,55.90356],[-160.82752,55.91067],[-160.86,55.90821],[-160.93036,55.89569],[-160.93154,55.87249],[-160.95156,55.85277],[-160.94084,55.82253],[-160.93059,55.81436],[-160.80601,55.73824],[-160.76523,55.75717],[-160.73073,55.74766],[-160.6681,55.72356],[-160.6612,55.72343],[-160.65556,55.73004],[-160.65547,55.73987],[-160.66304,55.74549],[-160.67579,55.75141],[-160.69523,55.75507],[-160.75124,55.77936],[-160.7577,55.78584],[-160.76916,55.85827],[-160.79189,55.87269],[-160.79322,55.88596],[-160.76947,55.88379],[-160.73418,55.871],[-160.69759,55.8624],[-160.63909,55.8583],[-160.56401,55.86372],[-160.53258,55.86989],[-160.50843,55.86938],[-160.49468,55.86419],[-160.47789,55.8411],[-160.47935,55.82236],[-160.46854,55.79067],[-160.43874,55.78961],[-160.38588,55.79644],[-160.34288,55.77817],[-160.29392,55.76556],[-160.27738,55.76586],[-160.26457,55.77572],[-160.26893,55.78428],[-160.31565,55.81454],[-160.31783,55.81898],[-160.27253,55.83167],[-160.22255,55.83207],[-160.2418,55.85035],[-160.32564,55.86786],[-160.42074,55.90862],[-160.48659,55.92417],[-160.53576,55.93962],[-160.53368,55.95995],[-160.52709,55.97301],[-160.52636,55.98243],[-160.53454,55.9895],[-160.55197,55.99179],[-160.57645,55.97929],[-160.58957,55.98305],[-160.48221,56.08523],[-160.45142,56.12556],[-160.41138,56.19414],[-160.39634,56.23177],[-160.38309,56.25135],[-160.35716,56.27958],[-160.34025,56.29127],[-160.2746,56.31715],[-160.22288,56.34687],[-160.20838,56.35802],[-160.19633,56.37255],[-160.14625,56.40018],[-160.08259,56.41109],[-159.97676,56.45395],[-159.93834,56.47419],[-159.82805,56.54393],[-159.53496,56.62653],[-159.38877,56.69048],[-159.35739,56.69309],[-159.30908,56.71046],[-159.27989,56.71567],[-159.03835,56.80601],[-158.95747,56.85118],[-158.95354,56.84342],[-158.91073,56.8148],[-158.89321,56.80579],[-158.85329,56.79262],[-158.78359,56.78075],[-158.74453,56.79511],[-158.67418,56.79706],[-158.65635,56.81001],[-158.65754,56.83154],[-158.64681,56.84699],[-158.66366,56.85706],[-158.69355,56.88813],[-158.68618,56.91155],[-158.69979,56.92736],[-158.67929,56.98862],[-158.6453,57.03184],[-158.54025,57.12511],[-158.39312,57.23692],[-158.30709,57.28956],[-158.22988,57.32153],[-158.14971,57.34492],[-158.08379,57.35718],[-158.06004,57.38746],[-158.03425,57.39023],[-158.01054,57.40146],[-157.95624,57.44938],[-157.93162,57.47621],[-157.88116,57.48912],[-157.78605,57.54219],[-157.7725,57.54706],[-157.70385,57.56345],[-157.67889,57.56389],[-157.68483,57.55775],[-157.68042,57.53773],[-157.64939,57.50033],[-157.61514,57.48869],[-157.58691,57.48716],[-157.57313,57.51452],[-157.57347,57.52273],[-157.58834,57.58215],[-157.59964,57.60795],[-157.60739,57.61254],[-157.6522,57.61479],[-157.69129,57.61113],[-157.71064,57.63995],[-157.70378,57.72177],[-157.67106,57.77287],[-157.64223,57.86878],[-157.6118,58.03426],[-157.5966,58.08867],[-157.58364,58.12431],[-157.55656,58.14845],[-157.53333,58.16034],[-157.39735,58.17338],[-157.3831,58.18461],[-157.35232,58.2191],[-157.36693,58.23267],[-157.37451,58.23212],[-157.38924,58.22809],[-157.40792,58.21187],[-157.42333,58.21136],[-157.51548,58.25564],[-157.54156,58.27188],[-157.54721,58.27754],[-157.55634,58.30375],[-157.55686,58.33071],[-157.53618,58.3916],[-157.48811,58.47171],[-157.46088,58.49969],[-157.3972,58.52733],[-157.38026,58.5244],[-157.35849,58.53388],[-157.31357,58.56504],[-157.28133,58.60024],[-157.25146,58.62079],[-157.17883,58.66044],[-157.07791,58.7081],[-157.05178,58.71192],[-157.06193,58.7261],[-157.06259,58.75713],[-157.04869,58.78036],[-157.00823,58.81714],[-156.99355,58.8368],[-156.99747,58.85635],[-157.01609,58.86349],[-157.01239,58.87589],[-156.98089,58.89103],[-156.96665,58.90407],[-156.97595,58.9409],[-156.96324,58.96264],[-156.92926,58.97379],[-156.94589,58.9834],[-156.97133,58.9831],[-156.99968,58.97335],[-157.02952,58.9562],[-157.03921,58.94592],[-157.04063,58.91339],[-157.07058,58.88782],[-157.11687,58.86753],[-157.21571,58.84153],[-157.27545,58.83614],[-157.35313,58.81773],[-157.42953,58.79107],[-157.48406,58.78596],[-157.53265,58.77264],[-157.5506,58.75451],[-157.69647,58.72998],[-157.8554,58.67828],[-158.03659,58.63425],[-158.14031,58.61502],[-158.19028,58.61371],[-158.23228,58.6199],[-158.27304,58.63347],[-158.32704,58.65984],[-158.33209,58.66531],[-158.33022,58.67504],[-158.33239,58.68681],[-158.35148,58.72769],[-158.37687,58.74804],[-158.40048,58.76118],[-158.45521,58.77697],[-158.53852,58.78839],[-158.56483,58.80271],[-158.56587,58.81543],[-158.5595,58.84182],[-158.52033,58.8571],[-158.48702,58.99987],[-158.52984,58.99797],[-158.61968,58.91105],[-158.71744,58.87246],[-158.74531,58.8741],[-158.76775,58.86426],[-158.79079,58.80842],[-158.7698,58.77414],[-158.77125,58.76511],[-158.80096,58.73284],[-158.8271,58.72449],[-158.84823,58.72274],[-158.86121,58.69558],[-158.82785,58.62643],[-158.76913,58.54865],[-158.70405,58.48276],[-158.79532,58.40803],[-158.8306,58.3971],[-158.88093,58.39067],[-158.89607,58.39006],[-158.94415,58.39688],[-159.06335,58.42314],[-159.18735,58.55561],[-159.24229,58.61907],[-159.35763,58.73452],[-159.39066,58.76236],[-159.50177,58.8243],[-159.55635,58.83741],[-159.64355,58.84506],[-159.6019,58.88467],[-159.58981,58.89036],[-159.58697,58.90031],[-159.60261,58.92094],[-159.61612,58.9316],[-159.64243,58.93871],[-159.65736,58.93871],[-159.69149,58.9316],[-159.73293,58.93074],[-159.75375,58.85572],[-159.80878,58.86154],[-159.79292,58.82397],[-159.80631,58.80559],[-159.90839,58.7799],[-159.99567,58.8483],[-159.98535,58.87046],[-160.05405,58.887],[-160.09311,58.8608],[-160.15053,58.86606],[-160.15448,58.91687],[-160.23279,58.90113],[-160.28635,58.94501],[-160.32292,58.95395],[-160.25659,58.99448],[-160.31778,59.07048],[-160.47658,59.02605],[-160.64178,58.96449],[-160.75307,58.91043],[-160.82349,58.82914],[-160.872,58.87847],[-161.0011,58.84969],[-161.18338,58.78928],[-161.33798,58.74291],[-161.37271,58.70796],[-161.37231,58.66617],[-161.52135,58.63314],[-161.55054,58.61116],[-161.62645,58.60258],[-161.68291,58.56467],[-161.752,58.55184],[-161.7663,58.59922],[-161.87122,58.63748],[-162.06627,58.6208],[-162.17172,58.64844],[-161.99464,58.68883],[-161.93916,58.65561],[-161.87721,58.66614],[-161.85906,58.70864],[-161.7695,58.77494],[-161.75662,58.82648],[-161.78695,58.89971],[-161.78398,58.96942],[-161.84138,59.03315],[-161.82177,59.05058],[-161.8787,59.06811],[-161.98196,59.151],[-162.04858,59.25418],[-162.05636,59.27105],[-162.032,59.28853],[-161.9929,59.33839],[-161.95594,59.35232],[-161.95119,59.38072],[-161.87703,59.40015],[-161.84899,59.43249],[-161.81441,59.43709],[-161.79038,59.4682],[-161.73831,59.46701],[-161.70253,59.49091],[-161.75798,59.55715],[-161.82047,59.59498],[-161.87394,59.64949],[-161.88552,59.69839],[-161.91116,59.74174],[-162.01706,59.82943],[-162.09236,59.8811],[-162.10877,59.92011],[-162.10071,59.94467],[-162.10856,59.95386],[-162.12107,59.96524],[-162.14305,59.96751],[-162.17176,59.98416],[-162.20722,60.02183],[-162.22837,60.05631],[-162.26826,60.06919],[-162.27375,60.08668],[-162.33685,60.12879],[-162.37224,60.16701],[-162.45128,60.17437],[-162.49097,60.14267],[-162.4981,60.11509],[-162.49561,60.07895],[-162.47676,60.04769],[-162.50365,59.99923],[-162.5473,59.98088],[-162.62257,59.97181],[-162.64423,59.97295],[-162.7075,59.99027],[-162.74268,59.98468],[-162.73745,59.97225],[-162.74672,59.96184],[-162.77809,59.94429],[-162.80851,59.93393],[-162.90418,59.91913],[-162.92914,59.90805],[-162.99759,59.88582],[-163.086,59.86101],[-163.17263,59.84506],[-163.34903,59.81989],[-163.55915,59.80139],[-163.66261,59.79571],[-163.77223,59.79562],[-163.9308,59.80385],[-164.07984,59.82803],[-164.11512,59.83669],[-164.13339,59.84561],[-164.16032,59.86468],[-164.20181,59.91612],[-164.20984,59.94287],[-164.20831,59.94905],[-164.19854,59.95511],[-164.17871,59.96181],[-164.12543,59.96463],[-164.11508,59.97317],[-164.13181,59.99118],[-164.1916,60.0245],[-164.30297,60.05423],[-164.33611,60.05553],[-164.38547,60.07719],[-164.49856,60.17055],[-164.49386,60.1774],[-164.49432,60.18483],[-164.50568,60.1943],[-164.51765,60.19949],[-164.55834,60.20704],[-164.6195,60.23494],[-164.64633,60.2533],[-164.6531,60.2679],[-164.69889,60.2963],[-164.72657,60.29147],[-164.77723,60.29383],[-164.85036,60.30362],[-164.8993,60.31679],[-164.96268,60.33966],[-165.05758,60.38629],[-165.1294,60.43371],[-165.13289,60.43887],[-165.12073,60.4512],[-165.06969,60.46089],[-165.04907,60.46152],[-165.01515,60.47141],[-164.99787,60.48046],[-164.96144,60.50839],[-164.95679,60.52784],[-164.96084,60.53384],[-164.97128,60.53956],[-165.05744,60.54463],[-165.19045,60.498],[-165.24444,60.4963],[-165.36298,60.50687],[-165.37756,60.51316],[-165.42035,60.55069],[-165.41519,60.55816],[-165.38105,60.57799],[-165.36768,60.58116],[-165.28965,60.57576],[-165.26872,60.57949],[-165.17862,60.62393],[-165.14718,60.65116],[-165.06315,60.68865],[-165.05264,60.69007],[-165.02754,60.68601],[-164.99167,60.69884],[-164.97125,60.71143],[-164.96659,60.71744],[-164.96541,60.72431],[-164.97184,60.72973],[-165.01045,60.74479],[-165.03207,60.76002],[-165.04084,60.77266],[-165.04258,60.78443],[-165.03789,60.78901],[-165.02031,60.78554],[-164.97766,60.79036],[-164.92418,60.80933],[-164.93931,60.82346],[-165.02143,60.81509],[-165.02962,60.826],[-165.03018,60.83805],[-165.00368,60.87558],[-164.94596,60.92106],[-164.9395,60.92477],[-164.91754,60.92814],[-164.9039,60.94221],[-164.92126,60.94651],[-164.96486,60.94538],[-164.9753,60.93312],[-165.0071,60.92206],[-165.03204,60.90399],[-165.13243,60.92246],[-165.17247,60.94033],[-165.19494,60.9739],[-165.19496,60.97991],[-165.13394,61.01125],[-165.11568,61.0161],[-165.02026,61.01115],[-164.99817,61.01383],[-164.96153,61.02417],[-164.9511,61.03102],[-164.95238,61.06929],[-164.9935,61.07239],[-165.01127,61.05198],[-165.05784,61.05975],[-165.11978,61.07864],[-165.17532,61.12093],[-165.17711,61.12549],[-165.16586,61.13657],[-165.16886,61.14491],[-165.20376,61.15034],[-165.24378,61.15162],[-165.2897,61.18171],[-165.30798,61.18182],[-165.32555,61.16931],[-165.36393,61.11077],[-165.36832,61.084],[-165.38544,61.07957],[-165.41729,61.07871],[-165.55514,61.09267],[-165.59068,61.11117],[-165.62704,61.16715],[-165.62128,61.19237],[-165.632,61.22071],[-165.63405,61.23756],[-165.62755,61.25812],[-165.62059,61.26859],[-165.62332,61.27843],[-165.66289,61.29457],[-165.78744,61.31006],[-165.81643,61.30336],[-165.83137,61.30672],[-165.85899,61.31887],[-165.8796,61.33504],[-165.91545,61.38769],[-165.92195,61.40964],[-165.91861,61.41909],[-165.84453,61.4406],[-165.79109,61.44985],[-165.76723,61.45695],[-165.7485,61.47645],[-165.74635,61.4893],[-165.75432,61.4987],[-165.80763,61.52917],[-165.86567,61.53505],[-165.9125,61.5562],[-165.96403,61.55592],[-165.98188,61.55125],[-165.99954,61.53972],[-166.07552,61.53267],[-166.08868,61.52289],[-166.07582,61.50206],[-166.0754,61.49298],[-166.10827,61.49247],[-166.14958,61.51329],[-166.15834,61.54154],[-166.17863,61.57481],[-166.18269,61.58848],[-166.15898,61.70044],[-166.15318,61.71493],[-166.14376,61.72435],[-166.13302,61.72192],[-166.13941,61.63231],[-166.05398,61.6382],[-165.90378,61.66363],[-165.80993,61.67303],[-165.81,61.68936],[-165.85679,61.69073],[-165.93497,61.7063],[-165.99385,61.7231],[-166.00669,61.72988],[-166.09208,61.80073],[-166.09431,61.81386],[-165.95526,61.83241],[-165.87098,61.82601],[-165.75841,61.82544],[-165.7369,61.8329],[-165.73643,61.83919],[-165.73044,61.84208],[-165.69604,61.84705],[-165.63952,61.84701],[-165.6293,61.86136],[-165.68254,61.89407],[-165.74353,61.96253],[-165.7598,62.00191],[-165.76049,62.03884],[-165.7479,62.07359],[-165.67204,62.13989],[-165.50032,62.25545],[-165.33772,62.35903],[-165.31197,62.37881],[-165.29496,62.40335],[-165.26927,62.42735],[-165.1998,62.46964],[-165.09616,62.52245],[-165.076,62.58204],[-165.0522,62.59822],[-165.01318,62.6401],[-165.00366,62.64105],[-164.93674,62.66895],[-164.86952,62.66597],[-164.8377,62.68527],[-164.8773,62.78432],[-164.87777,62.79777],[-164.87564,62.80625],[-164.85084,62.83951],[-164.83632,62.85217],[-164.81301,62.90392],[-164.78386,62.94615],[-164.76612,62.95823],[-164.71684,63.00626],[-164.68521,63.02219],[-164.58373,63.05846],[-164.5802,63.07013],[-164.61162,63.07767],[-164.64119,63.07268],[-164.64489,63.07927],[-164.64032,63.09126],[-164.63394,63.09782],[-164.49312,63.17767],[-164.42345,63.21198],[-164.36359,63.22628],[-164.20947,63.25147],[-164.1401,63.25934],[-164.03656,63.2612],[-163.97027,63.24829],[-163.9094,63.23251],[-163.88506,63.22231],[-163.75528,63.21746],[-163.73265,63.21326],[-163.72581,63.21062],[-163.70398,63.18811],[-163.61627,63.14121],[-163.59012,63.14609],[-163.52994,63.1354],[-163.52081,63.12328],[-163.50722,63.11368],[-163.47479,63.09905],[-163.41768,63.08387],[-163.36498,63.0558],[-163.3162,63.03776],[-163.13085,63.04939],[-163.0405,63.06215],[-162.9983,63.08929],[-162.90164,63.1256],[-162.84456,63.15419],[-162.83493,63.16462],[-162.83917,63.193],[-162.82112,63.2056],[-162.76954,63.21707],[-162.74762,63.21357],[-162.72408,63.21462],[-162.68808,63.22061],[-162.66261,63.22991],[-162.5717,63.28556],[-162.43706,63.37784],[-162.4261,63.39365],[-162.42874,63.40105],[-162.38462,63.4358],[-162.35227,63.45407],[-162.27109,63.48771],[-162.26783,63.49508],[-162.28853,63.52641],[-162.30147,63.53735],[-162.29673,63.54011],[-162.25241,63.54175],[-162.19015,63.52989],[-162.15157,63.51795],[-162.12325,63.51281],[-162.07316,63.51377],[-162.04169,63.48965],[-162.04571,63.47543],[-162.05054,63.47059],[-162.02555,63.44754],[-161.93071,63.44484],[-161.8399,63.44731],[-161.76583,63.4538],[-161.70563,63.46406],[-161.67653,63.465],[-161.59163,63.45424],[-161.58377,63.44786],[-161.55308,63.44922],[-161.31018,63.47131],[-161.19116,63.49007],[-161.13676,63.50453],[-161.11996,63.53254],[-161.10272,63.5478],[-161.03605,63.57957],[-160.92488,63.64481],[-160.7833,63.75289],[-160.76556,63.77355],[-160.76197,63.79345],[-160.76629,63.83519],[-160.8108,63.90465],[-160.85198,63.95441],[-160.87769,63.97727],[-160.89246,63.98594],[-160.93374,64.04973],[-160.95164,64.09007],[-160.95642,64.19173],[-160.94686,64.20416],[-160.97604,64.23576],[-161.22894,64.37075],[-161.26352,64.39817],[-161.31367,64.40087],[-161.41038,64.42211],[-161.46303,64.42007],[-161.49293,64.40785],[-161.5049,64.42307],[-161.46905,64.50657],[-161.38862,64.53278],[-161.37357,64.53503],[-161.35115,64.52138],[-161.32134,64.51386],[-161.19803,64.49663],[-161.07803,64.49409],[-161.0151,64.50212],[-161.01323,64.50752],[-161.01714,64.51712],[-161.05306,64.5285],[-161.05555,64.53242],[-161.04915,64.54095],[-160.99289,64.5413],[-160.94049,64.55],[-160.80205,64.61035],[-160.79161,64.62305],[-160.78357,64.68058],[-160.7834,64.71716],[-160.86957,64.7838],[-160.93597,64.82237],[-160.98642,64.83398],[-161.07972,64.86955],[-161.13306,64.89822],[-161.14965,64.91199],[-161.14572,64.92053],[-161.17601,64.92716],[-161.1952,64.91818],[-161.20089,64.9058],[-161.19859,64.8944],[-161.21376,64.88332],[-161.26428,64.86197],[-161.29305,64.85324],[-161.35787,64.80592],[-161.36681,64.79378],[-161.36444,64.7821],[-161.36748,64.77891],[-161.37698,64.77304],[-161.41349,64.76272],[-161.42986,64.75903],[-161.51821,64.75325],[-161.63029,64.77129],[-161.66726,64.78898],[-161.87836,64.70948],[-161.90243,64.70385],[-161.93928,64.69912],[-162.09653,64.69098],[-162.16852,64.68029],[-162.21662,64.65621],[-162.21972,64.64418],[-162.23448,64.61934],[-162.34231,64.59224],[-162.54,64.53093],[-162.61422,64.4707],[-162.61545,64.46708],[-162.60218,64.45687],[-162.60302,64.44867],[-162.63224,64.38573],[-162.64516,64.37978],[-162.71922,64.35997],[-162.76842,64.33352],[-162.79017,64.32518],[-162.80539,64.33602],[-162.81,64.35265],[-162.80721,64.36464],[-162.80035,64.3747],[-162.80227,64.39533],[-162.80661,64.40561],[-162.83654,64.4367],[-162.85856,64.47486],[-162.85756,64.49978],[-162.94078,64.54242],[-162.96925,64.54687],[-163.04262,64.54005],[-163.04929,64.54926],[-163.0274,64.55973],[-163.02835,64.56924],[-163.06071,64.58828],[-163.14257,64.60922],[-163.17398,64.63968],[-163.21776,64.63206],[-163.31198,64.58828],[-163.30913,64.57115],[-163.25488,64.54926],[-163.17873,64.54355],[-163.11972,64.51023],[-163.03323,64.51931],[-163.02716,64.47795],[-163.09149,64.43774],[-163.10746,64.40919],[-163.11945,64.40381],[-163.15079,64.39725],[-163.17534,64.39933],[-163.22921,64.43002],[-163.24909,64.45622],[-163.25303,64.4695],[-163.35093,64.50586],[-163.45148,64.53482],[-163.59783,64.56336],[-163.65194,64.5673],[-163.82974,64.57497],[-163.87577,64.57294],[-163.89618,64.56448],[-163.97435,64.55137],[-164.072,64.56128],[-164.14706,64.56455],[-164.30727,64.56149],[-164.42187,64.54526],[-164.49133,64.52982],[-164.80775,64.44943],[-164.87442,64.44119],[-165.00196,64.43392],[-165.21418,64.46973],[-165.41344,64.49794],[-165.75109,64.53644],[-165.9197,64.54866],[-166.18955,64.5758],[-166.23694,64.58356],[-166.3924,64.63816],[-166.41393,64.65123],[-166.47471,64.71927],[-166.4838,64.73342],[-166.47898,64.79704],[-166.43052,64.80772],[-166.41703,64.81874],[-166.4073,64.83428],[-166.40732,64.85228],[-166.41562,64.87193],[-166.53052,64.93711],[-166.69081,64.98537],[-166.70528,64.99985],[-166.69521,65.00518],[-166.68876,65.01803],[-166.69645,65.03586],[-166.73279,65.0535],[-166.82091,65.07705],[-166.8604,65.09087],[-166.91192,65.12596],[-166.91013,65.13402],[-166.90669,65.13632],[-166.88668,65.13876],[-166.8375,65.12815],[-166.82675,65.11978],[-166.81679,65.11709],[-166.75555,65.11059],[-166.67032,65.10972],[-166.63841,65.11359],[-166.63445,65.12587],[-166.60607,65.13599],[-166.50957,65.15272],[-166.46419,65.17709],[-166.45998,65.18328],[-166.46005,65.1899],[-166.46534,65.19482],[-166.4753,65.22433],[-166.45171,65.23618],[-166.38627,65.25414],[-166.34719,65.27634],[-166.36062,65.28863],[-166.37772,65.29798],[-166.4394,65.31906],[-166.51864,65.33582],[-166.57273,65.33816],[-166.59696,65.33625],[-166.62599,65.32512],[-166.67972,65.32686],[-166.796,65.33718],[-166.89968,65.36064],[-167.02678,65.38197],[-167.10186,65.38774],[-167.39846,65.40026],[-167.47402,65.41274],[-167.57464,65.44498],[-167.62039,65.46346],[-167.62137,65.46659],[-167.71089,65.49852],[-167.84184,65.53025],[-167.85123,65.53818],[-167.9096,65.55088],[-167.96706,65.5586],[-167.99718,65.55935],[-168.0752,65.57636],[-168.09905,65.59224],[-168.09936,65.59905],[-168.09614,65.60088],[-168.1,65.61097],[-168.12704,65.62658],[-168.13466,65.64084],[-168.12893,65.65574]]],[[[-168.95277,65.75891],[-168.93724,65.76712],[-168.90223,65.76967],[-168.89322,65.7447],[-168.90344,65.73845],[-168.93122,65.73894],[-168.95139,65.74932],[-168.95277,65.75891]]],[[[-169.05424,52.86327],[-169.03877,52.86966],[-168.97171,52.87803],[-168.95898,52.88605],[-168.97313,52.91611],[-168.95946,52.93674],[-168.89804,52.93714],[-168.86108,52.96805],[-168.87069,52.99636],[-168.86106,53.01638],[-168.78524,53.04504],[-168.76369,53.07096],[-168.75969,53.08146],[-168.76854,53.09368],[-168.80203,53.10823],[-168.8049,53.12002],[-168.79947,53.14379],[-168.79233,53.15572],[-168.76333,53.18281],[-168.61714,53.26098],[-168.59973,53.27363],[-168.5394,53.25167],[-168.50136,53.25734],[-168.49096,53.26401],[-168.44508,53.26533],[-168.36652,53.25202],[-168.34399,53.26215],[-168.37122,53.31658],[-168.42052,53.32274],[-168.43502,53.33552],[-168.40653,53.34639],[-168.38511,53.38846],[-168.40959,53.41071],[-168.34213,53.47599],[-168.29579,53.48906],[-168.23957,53.51849],[-168.23832,53.5219],[-168.20044,53.53408],[-168.14462,53.54534],[-168.00462,53.56605],[-167.98104,53.56171],[-167.96272,53.55407],[-167.96086,53.55255],[-167.96504,53.53891],[-167.93898,53.52691],[-167.8889,53.51969],[-167.78916,53.51933],[-167.7841,53.50105],[-167.78807,53.49241],[-167.80812,53.47386],[-167.84361,53.45389],[-167.85834,53.43791],[-167.85684,53.42861],[-167.83952,53.41033],[-167.84233,53.38649],[-167.85222,53.37829],[-167.87288,53.36736],[-167.9591,53.34179],[-168.03976,53.30428],[-168.15894,53.26771],[-168.22691,53.25482],[-168.27074,53.24281],[-168.31238,53.21523],[-168.34168,53.18591],[-168.34447,53.15521],[-168.37315,53.12889],[-168.39238,53.12361],[-168.44286,53.08556],[-168.45116,53.07513],[-168.4571,53.05584],[-168.49749,53.0354],[-168.5274,53.02859],[-168.54606,53.02958],[-168.55319,53.0333],[-168.58781,53.02717],[-168.62526,52.99821],[-168.68847,52.9664],[-168.74185,52.95144],[-168.75553,52.90751],[-168.78595,52.90464],[-168.80885,52.9261],[-168.907,52.88401],[-169.04134,52.83935],[-169.10246,52.82435],[-169.05424,52.86327]]],[[[-169.26813,52.7724],[-169.21325,52.79802],[-169.16398,52.81465],[-169.15305,52.80127],[-169.17037,52.77666],[-169.197,52.76455],[-169.26176,52.7549],[-169.26813,52.7724]]],[[[-169.76274,52.97805],[-169.74254,53.02407],[-169.68003,53.03507],[-169.66358,53.02126],[-169.66608,52.99707],[-169.69827,52.95827],[-169.72174,52.94712],[-169.7411,52.95151],[-169.75801,52.96725],[-169.76274,52.97805]]],[[[-169.78966,56.61822],[-169.76351,56.62074],[-169.61155,56.60692],[-169.52866,56.61218],[-169.50742,56.6107],[-169.47314,56.60174],[-169.47155,56.59886],[-169.49013,56.58348],[-169.56898,56.54093],[-169.58262,56.53694],[-169.65014,56.54423],[-169.66775,56.55454],[-169.67282,56.56087],[-169.67132,56.56733],[-169.67533,56.57841],[-169.68364,56.58334],[-169.75575,56.59192],[-169.78966,56.61822]]],[[[-169.77553,53.07922],[-169.76258,53.0805],[-169.74071,53.06358],[-169.74808,53.04629],[-169.76888,53.04622],[-169.7993,53.05708],[-169.77553,53.07922]]],[[[-170.00422,52.84674],[-169.99015,52.85627],[-169.97535,52.85888],[-169.94352,52.8611],[-169.90563,52.85324],[-169.86021,52.85838],[-169.87001,52.87478],[-169.85218,52.8818],[-169.81814,52.87845],[-169.7735,52.89445],[-169.70474,52.88627],[-169.66651,52.86435],[-169.68348,52.82662],[-169.7041,52.79394],[-169.70387,52.77712],[-169.72978,52.77439],[-169.75014,52.79058],[-169.83823,52.81728],[-169.87987,52.81609],[-169.89708,52.80213],[-169.92745,52.79268],[-169.9515,52.78862],[-169.96288,52.78988],[-169.99542,52.80468],[-170.01249,52.83116],[-170.00422,52.84674]]],[[[-170.11285,52.90204],[-170.08399,52.92364],[-170.04656,52.92385],[-170.00207,52.91004],[-169.99598,52.90238],[-169.99671,52.89147],[-170.00237,52.88024],[-170.01551,52.87026],[-170.05027,52.85743],[-170.09533,52.87085],[-170.11319,52.89108],[-170.11285,52.90204]]],[[[-170.18568,52.72301],[-170.17068,52.78492],[-170.12871,52.78742],[-170.06187,52.77352],[-170.05344,52.76908],[-170.05536,52.74589],[-170.07029,52.7243],[-170.07773,52.72042],[-170.11409,52.71617],[-170.17065,52.71736],[-170.18568,52.72301]]],[[[-170.42355,57.16933],[-170.42041,57.19176],[-170.39012,57.20625],[-170.31171,57.21912],[-170.29192,57.21206],[-170.26766,57.21065],[-170.16165,57.22966],[-170.15081,57.22317],[-170.17085,57.1811],[-170.28632,57.12817],[-170.29079,57.14505],[-170.30396,57.15491],[-170.42187,57.1612],[-170.42355,57.16933]]]]}},{"type":"Feature","id":4,"properties":{"code":"AZ","name":"Arizona"},"geometry":{"type":"Polygon","coordinates":[[[-114.79968,32.59362],[-114.80939,32.61712],[-114.78224,32.63021],[-114.76495,32.64939],[-114.73045,32.69884],[-114.73009,32.7043],[-114.71452,32.73039],[-114.70192,32.74555],[-114.68878,32.73768],[-114.61837,32.72825],[-114.61558,32.72845],[-114.61477,32.73409],[-114.53909,32.75695],[-114.52686,32.75709],[-114.53243,32.77692],[-114.53075,32.79348],[-114.51022,32.81642],[-114.49412,32.82329],[-114.46897,32.84515],[-114.46293,32.90794],[-114.46445,32.91313],[-114.47664,32.92363],[-114.48092,32.93525],[-114.46911,32.95267],[-114.46766,32.96686],[-114.46904,32.9723],[-114.47616,32.97517],[-114.48862,32.96995],[-114.49294,32.97178],[-114.4998,33.00391],[-114.51134,33.02345],[-114.52358,33.03096],[-114.57165,33.03662],[-114.57829,33.03538],[-114.58978,33.02623],[-114.61879,33.0272],[-114.62829,33.03105],[-114.63955,33.04529],[-114.64598,33.0489],[-114.65783,33.03383],[-114.66232,33.03267],[-114.67366,33.0419],[-114.6743,33.05717],[-114.68699,33.07097],[-114.68902,33.08404],[-114.70649,33.08816],[-114.7079,33.09743],[-114.70368,33.11377],[-114.69683,33.13121],[-114.68707,33.1422],[-114.67936,33.15952],[-114.68025,33.16972],[-114.67536,33.18549],[-114.67875,33.20345],[-114.67363,33.22312],[-114.68954,33.24643],[-114.67209,33.2585],[-114.68051,33.27358],[-114.72167,33.28698],[-114.73122,33.30243],[-114.72362,33.31211],[-114.70796,33.32342],[-114.70094,33.33701],[-114.69804,33.35244],[-114.70731,33.38254],[-114.72287,33.39878],[-114.72528,33.40505],[-114.72007,33.40789],[-114.70173,33.40839],[-114.69566,33.41513],[-114.68795,33.41794],[-114.6739,33.4183],[-114.65838,33.41304],[-114.6433,33.41674],[-114.62964,33.42814],[-114.62228,33.44756],[-114.62292,33.45656],[-114.6017,33.48139],[-114.59155,33.49944],[-114.56953,33.50922],[-114.56096,33.51674],[-114.5589,33.53182],[-114.5246,33.55223],[-114.5403,33.58062],[-114.54062,33.59141],[-114.52481,33.61135],[-114.52966,33.62279],[-114.52695,33.63753],[-114.53024,33.65014],[-114.5252,33.66158],[-114.53152,33.67511],[-114.52396,33.68588],[-114.49649,33.6969],[-114.4942,33.70792],[-114.49657,33.71916],[-114.51235,33.73421],[-114.50448,33.751],[-114.50486,33.76047],[-114.52805,33.81496],[-114.51997,33.82538],[-114.5296,33.84806],[-114.52845,33.85493],[-114.52453,33.85848],[-114.51467,33.85864],[-114.50302,33.868],[-114.50434,33.87688],[-114.5165,33.88593],[-114.51893,33.89171],[-114.50792,33.90381],[-114.51843,33.91752],[-114.53368,33.92607],[-114.53548,33.93465],[-114.522,33.95562],[-114.49988,33.96179],[-114.46793,33.99288],[-114.46117,33.99469],[-114.46117,34.01008],[-114.45021,34.01257],[-114.43827,34.02261],[-114.43495,34.03778],[-114.43934,34.05789],[-114.43418,34.08738],[-114.41591,34.10764],[-114.40594,34.11154],[-114.39056,34.11008],[-114.36652,34.11857],[-114.35303,34.13312],[-114.32078,34.13864],[-114.28729,34.17053],[-114.26827,34.17021],[-114.25414,34.17383],[-114.22971,34.18693],[-114.22494,34.1939],[-114.22519,34.20364],[-114.21176,34.21154],[-114.17312,34.24723],[-114.16654,34.24965],[-114.16183,34.25704],[-114.13905,34.25954],[-114.13443,34.26639],[-114.13953,34.29584],[-114.13828,34.30323],[-114.15721,34.31786],[-114.17691,34.34931],[-114.19948,34.36137],[-114.22611,34.36592],[-114.23427,34.37666],[-114.26432,34.40133],[-114.28866,34.40662],[-114.29484,34.42139],[-114.31225,34.43273],[-114.32613,34.43725],[-114.33537,34.45004],[-114.37372,34.44694],[-114.3867,34.45791],[-114.3817,34.47604],[-114.38236,34.49576],[-114.37812,34.50729],[-114.38084,34.52972],[-114.40523,34.56964],[-114.42238,34.58071],[-114.42975,34.59173],[-114.43009,34.59687],[-114.42433,34.60234],[-114.4242,34.61045],[-114.43874,34.62145],[-114.44146,34.64253],[-114.45175,34.65432],[-114.45197,34.6668],[-114.46525,34.6912],[-114.47048,34.71137],[-114.48677,34.7191],[-114.49586,34.72796],[-114.51662,34.73674],[-114.52962,34.75082],[-114.55268,34.76687],[-114.57101,34.79429],[-114.57645,34.8153],[-114.58684,34.83567],[-114.60065,34.84736],[-114.62394,34.85974],[-114.63518,34.875],[-114.63672,34.88911],[-114.63088,34.90726],[-114.63325,34.92461],[-114.62975,34.93868],[-114.63524,34.96515],[-114.62901,34.98615],[-114.63667,35.00881],[-114.63689,35.02837],[-114.62712,35.04472],[-114.60669,35.05894],[-114.60291,35.06859],[-114.60474,35.07483],[-114.61313,35.0831],[-114.64283,35.0965],[-114.64676,35.10187],[-114.62993,35.11827],[-114.61991,35.12163],[-114.59912,35.12105],[-114.57852,35.12875],[-114.57275,35.13873],[-114.56924,35.18348],[-114.57212,35.20059],[-114.57996,35.20964],[-114.58713,35.26238],[-114.5975,35.29695],[-114.59593,35.32523],[-114.60431,35.35358],[-114.62714,35.4095],[-114.65201,35.42916],[-114.66213,35.44424],[-114.66638,35.46686],[-114.67764,35.48974],[-114.67721,35.51349],[-114.66311,35.52449],[-114.6569,35.53439],[-114.662,35.54549],[-114.66618,35.57758],[-114.65431,35.59759],[-114.65341,35.61079],[-114.67711,35.64149],[-114.68941,35.65141],[-114.69001,35.66469],[-114.68061,35.68549],[-114.70121,35.70119],[-114.70541,35.70829],[-114.69731,35.73369],[-114.69571,35.75599],[-114.70141,35.76909],[-114.69891,35.79019],[-114.71211,35.80618],[-114.70371,35.81459],[-114.69571,35.8306],[-114.69985,35.84328],[-114.69777,35.85484],[-114.68201,35.86328],[-114.66969,35.86508],[-114.66719,35.87479],[-114.70027,35.90177],[-114.70852,35.91231],[-114.70753,35.92806],[-114.73116,35.94392],[-114.72832,35.95629],[-114.72994,35.96218],[-114.74059,35.97566],[-114.74376,35.9851],[-114.74278,36.00996],[-114.73116,36.02186],[-114.72971,36.02817],[-114.74062,36.04102],[-114.73625,36.05847],[-114.74334,36.07053],[-114.7541,36.07944],[-114.75562,36.08717],[-114.73616,36.10437],[-114.66654,36.11734],[-114.63172,36.14231],[-114.61669,36.1301],[-114.59721,36.1421],[-114.57203,36.15161],[-114.51172,36.15096],[-114.50463,36.14563],[-114.50577,36.13144],[-114.50217,36.1288],[-114.48703,36.1294],[-114.46364,36.1397],[-114.45837,36.13859],[-114.44661,36.12597],[-114.42717,36.13631],[-114.41695,36.14576],[-114.40547,36.14737],[-114.37211,36.14311],[-114.36311,36.13025],[-114.33727,36.10802],[-114.32878,36.1055],[-114.30843,36.08244],[-114.30574,36.07488],[-114.31421,36.06662],[-114.31556,36.05949],[-114.2802,36.04636],[-114.26672,36.02924],[-114.25265,36.02019],[-114.2388,36.01456],[-114.21369,36.01561],[-114.17682,36.02765],[-114.15413,36.02386],[-114.14819,36.02801],[-114.1382,36.04128],[-114.1369,36.05947],[-114.11453,36.09522],[-114.12322,36.10475],[-114.12314,36.11158],[-114.11101,36.11988],[-114.09987,36.12165],[-114.06803,36.18066],[-114.0603,36.18936],[-114.04684,36.19407],[-114.04851,36.2896],[-114.04583,36.44297],[-114.05056,36.65626],[-114.0506,37.0004],[-111.27829,37.00046],[-110.50069,37.00426],[-110.47019,36.998],[-109.04522,36.99908],[-109.05004,31.3325],[-111.07483,31.33224],[-112.2461,31.70419],[-113.12596,31.97278],[-114.25078,32.32391],[-114.81361,32.49428],[-114.81154,32.52283],[-114.79564,32.55096],[-114.81418,32.56479],[-114.79968,32.59362]]]}},{"type":"Feature","id":5,"properties":{"code":"AR","name":"Arkansas"},"geometry":{"type":"Polygon","coordinates":[[[-94.61792,36.49941],[-90.15248,36.49795],[-90.16017,36.48134],[-90.14227,36.47214],[-90.13414,36.4366],[-90.14374,36.42443],[-90.10949,36.40407],[-90.08043,36.40076],[-90.06614,36.38627],[-90.06353,36.35691],[-90.0774,36.341],[-90.07998,36.31862],[-90.06398,36.30304],[-90.07881,36.28855],[-90.08373,36.27233],[-90.11492,36.26559],[-90.12596,36.24342],[-90.12637,36.22937],[-90.14224,36.22752],[-90.15593,36.21407],[-90.18285,36.20511],[-90.20978,36.182],[-90.22043,36.18476],[-90.23537,36.15915],[-90.23559,36.13947],[-90.2556,36.12709],[-90.29449,36.11295],[-90.29991,36.09824],[-90.31917,36.08998],[-90.31849,36.07551],[-90.33326,36.0675],[-90.33934,36.04711],[-90.35131,36.02688],[-90.37789,35.99568],[-89.7331,36.00061],[-89.72292,35.98906],[-89.72168,35.96767],[-89.71653,35.96153],[-89.65216,35.92911],[-89.64431,35.92094],[-89.64157,35.90026],[-89.64562,35.88583],[-89.66594,35.87445],[-89.67638,35.8767],[-89.71942,35.90831],[-89.72779,35.91124],[-89.74455,35.9107],[-89.7683,35.88936],[-89.77362,35.87571],[-89.7729,35.86563],[-89.76269,35.85741],[-89.69553,35.83567],[-89.69357,35.82911],[-89.69599,35.8213],[-89.72971,35.80212],[-89.7628,35.81097],[-89.77791,35.80628],[-89.79957,35.78833],[-89.79895,35.75936],[-89.81686,35.74869],[-89.84289,35.74272],[-89.85035,35.74649],[-89.85275,35.75545],[-89.86306,35.75713],[-89.89025,35.75079],[-89.90911,35.75896],[-89.93792,35.74417],[-89.93997,35.73943],[-89.95862,35.72602],[-89.95595,35.69076],[-89.93021,35.66135],[-89.90663,35.65143],[-89.89687,35.65122],[-89.88727,35.65359],[-89.87732,35.66607],[-89.86514,35.67044],[-89.85794,35.66831],[-89.85215,35.66027],[-89.85077,35.65032],[-89.85513,35.63622],[-89.89367,35.61534],[-89.91128,35.61759],[-89.9325,35.60786],[-89.94642,35.60113],[-89.95716,35.58942],[-89.9572,35.58301],[-89.93989,35.55567],[-89.91382,35.54948],[-89.91005,35.54538],[-89.90991,35.53794],[-89.90231,35.53023],[-89.90464,35.51935],[-89.91192,35.51284],[-89.92654,35.51161],[-89.95519,35.52249],[-89.95846,35.52607],[-89.95589,35.53504],[-89.95827,35.54141],[-89.98405,35.55779],[-89.99427,35.56097],[-90.03293,35.55346],[-90.03968,35.54772],[-90.04833,35.52373],[-90.04952,35.51036],[-90.04414,35.49462],[-90.03418,35.48192],[-90.01915,35.47258],[-90.0068,35.45325],[-90.00267,35.43053],[-90.01711,35.42194],[-90.05056,35.40964],[-90.04658,35.399],[-90.05126,35.39275],[-90.05949,35.39381],[-90.06953,35.40813],[-90.06492,35.41639],[-90.0741,35.43414],[-90.06724,35.46095],[-90.06904,35.46777],[-90.08002,35.47707],[-90.09014,35.4785],[-90.10875,35.47601],[-90.11903,35.46804],[-90.12944,35.44212],[-90.169,35.42185],[-90.17934,35.38531],[-90.16528,35.37398],[-90.14159,35.37515],[-90.13776,35.37939],[-90.14488,35.39112],[-90.14545,35.40252],[-90.13889,35.4108],[-90.12988,35.41382],[-90.11269,35.4103],[-90.09711,35.39554],[-90.08324,35.38795],[-90.07828,35.37873],[-90.09338,35.35409],[-90.10997,35.30499],[-90.14066,35.29914],[-90.14904,35.30302],[-90.15832,35.30101],[-90.16486,35.29401],[-90.16887,35.28152],[-90.15377,35.2576],[-90.14632,35.25356],[-90.11646,35.25587],[-90.10428,35.25409],[-90.0926,35.24677],[-90.07497,35.21872],[-90.07716,35.21103],[-90.08135,35.20881],[-90.0878,35.21218],[-90.09806,35.19514],[-90.11445,35.19892],[-90.11733,35.18926],[-90.10009,35.17021],[-90.0679,35.15528],[-90.0643,35.14809],[-90.06616,35.13747],[-90.08742,35.11889],[-90.10017,35.11807],[-90.14715,35.13305],[-90.16923,35.12188],[-90.17538,35.11418],[-90.18078,35.09648],[-90.18136,35.08742],[-90.17504,35.0749],[-90.18116,35.05394],[-90.207,35.02585],[-90.24206,35.03268],[-90.25234,35.03175],[-90.26554,35.04058],[-90.29235,35.04136],[-90.29661,35.03867],[-90.30561,35.01958],[-90.3051,35.01385],[-90.30971,35.00848],[-90.3093,34.99569],[-90.29606,34.97647],[-90.26831,34.95738],[-90.2447,34.94703],[-90.24183,34.91566],[-90.24647,34.90339],[-90.25611,34.89455],[-90.31774,34.87106],[-90.31404,34.86371],[-90.30406,34.86007],[-90.30335,34.85195],[-90.3069,34.8467],[-90.31543,34.84434],[-90.32688,34.84865],[-90.33752,34.85765],[-90.38939,34.83067],[-90.41164,34.82606],[-90.4369,34.82554],[-90.44802,34.8416],[-90.42932,34.86685],[-90.43745,34.88371],[-90.46123,34.89173],[-90.47832,34.88417],[-90.48445,34.87437],[-90.48477,34.86571],[-90.45712,34.82005],[-90.46854,34.81331],[-90.47664,34.79713],[-90.47041,34.78088],[-90.45179,34.75423],[-90.44799,34.74199],[-90.46284,34.72826],[-90.48333,34.72222],[-90.5,34.72167],[-90.51667,34.72722],[-90.52417,34.73139],[-90.49495,34.75712],[-90.49278,34.7725],[-90.51134,34.79016],[-90.51111,34.79829],[-90.52111,34.80194],[-90.54083,34.79583],[-90.54778,34.78333],[-90.53944,34.75528],[-90.54556,34.73889],[-90.56361,34.73778],[-90.56795,34.73184],[-90.57199,34.7144],[-90.56146,34.71276],[-90.53338,34.69801],[-90.51667,34.69555],[-90.47417,34.70528],[-90.46618,34.69911],[-90.46283,34.68643],[-90.46587,34.67489],[-90.47254,34.66596],[-90.51323,34.63345],[-90.53211,34.62733],[-90.54239,34.62886],[-90.55164,34.63633],[-90.55492,34.64672],[-90.55349,34.65681],[-90.54237,34.67361],[-90.54075,34.68103],[-90.5529,34.69062],[-90.56996,34.69239],[-90.56757,34.68146],[-90.57184,34.66738],[-90.588,34.63934],[-90.59159,34.62101],[-90.57118,34.58946],[-90.54335,34.56217],[-90.53962,34.55392],[-90.54253,34.54015],[-90.58124,34.51567],[-90.59329,34.48793],[-90.5931,34.47732],[-90.5836,34.44301],[-90.57769,34.43245],[-90.58431,34.41219],[-90.59801,34.39819],[-90.6096,34.39159],[-90.64518,34.38683],[-90.65819,34.37614],[-90.66323,34.35224],[-90.65749,34.32223],[-90.66139,34.3154],[-90.67808,34.31309],[-90.69313,34.32257],[-90.69224,34.33563],[-90.68272,34.36676],[-90.71193,34.36074],[-90.74763,34.36785],[-90.75969,34.3665],[-90.76977,34.35691],[-90.768,34.34617],[-90.73587,34.31069],[-90.73802,34.28928],[-90.75293,34.27461],[-90.76562,34.26951],[-90.81222,34.27951],[-90.82576,34.27989],[-90.83363,34.27407],[-90.84055,34.23454],[-90.83813,34.22],[-90.84586,34.20757],[-90.87912,34.21545],[-90.89658,34.2258],[-90.90492,34.24218],[-90.9101,34.24556],[-90.92315,34.24653],[-90.9364,34.2367],[-90.93522,34.21905],[-90.9118,34.1939],[-90.88788,34.18198],[-90.87745,34.18562],[-90.8694,34.18285],[-90.85441,34.18683],[-90.81749,34.1832],[-90.80914,34.17696],[-90.80756,34.16182],[-90.82259,34.14405],[-90.8361,34.13788],[-90.85347,34.13751],[-90.87069,34.14414],[-90.8991,34.16283],[-90.90996,34.16551],[-90.95706,34.13668],[-90.96104,34.13051],[-90.9586,34.12244],[-90.94769,34.10957],[-90.92129,34.09351],[-90.89321,34.09778],[-90.8828,34.09659],[-90.87427,34.08951],[-90.87108,34.08118],[-90.8881,34.05452],[-90.88809,34.03256],[-90.8926,34.02699],[-90.90795,34.02246],[-90.92621,34.02161],[-90.95911,34.02681],[-90.98806,34.019],[-90.97564,33.99525],[-90.96188,33.98035],[-90.96326,33.96892],[-90.96763,33.96361],[-90.97999,33.96023],[-90.99199,33.96196],[-91.00057,33.96696],[-91.01691,34.00008],[-91.02408,34.00039],[-91.03943,33.99318],[-91.05093,33.99343],[-91.06876,34.00639],[-91.07896,34.00933],[-91.08541,34.0075],[-91.09048,33.99142],[-91.08977,33.96513],[-91.08601,33.95742],[-91.01913,33.94208],[-91.0122,33.93712],[-91.01045,33.92869],[-91.03144,33.90144],[-91.06591,33.87633],[-91.07298,33.86618],[-91.07139,33.84954],[-91.06644,33.838],[-91.04908,33.81603],[-91.0303,33.80726],[-91.00853,33.80282],[-90.99342,33.79422],[-90.98872,33.78349],[-90.99517,33.77254],[-91.00897,33.76597],[-91.02276,33.76431],[-91.05272,33.77793],[-91.10898,33.77198],[-91.12944,33.78373],[-91.13626,33.78103],[-91.14363,33.77017],[-91.14317,33.75369],[-91.14872,33.73213],[-91.12857,33.71109],[-91.11694,33.70527],[-91.10127,33.70503],[-91.07151,33.71522],[-91.05917,33.71452],[-91.04391,33.70325],[-91.0303,33.68334],[-91.03468,33.67288],[-91.08755,33.65739],[-91.12468,33.67155],[-91.13528,33.67886],[-91.16037,33.7066],[-91.17634,33.70181],[-91.2101,33.7005],[-91.2204,33.69654],[-91.22923,33.6863],[-91.2304,33.67557],[-91.22203,33.66271],[-91.20881,33.6561],[-91.18744,33.65457],[-91.17092,33.64916],[-91.13685,33.62623],[-91.12873,33.6092],[-91.13235,33.59553],[-91.14746,33.58097],[-91.16611,33.56971],[-91.18283,33.56717],[-91.22162,33.56862],[-91.23198,33.56454],[-91.23433,33.55611],[-91.22147,33.53308],[-91.21402,33.5247],[-91.18946,33.50952],[-91.18668,33.49967],[-91.21033,33.46753],[-91.23058,33.45772],[-91.23383,33.44299],[-91.22982,33.43729],[-91.20647,33.43392],[-91.18261,33.44042],[-91.17185,33.45032],[-91.17485,33.48],[-91.17052,33.49174],[-91.15837,33.49607],[-91.1344,33.48316],[-91.12328,33.47126],[-91.117,33.45459],[-91.11877,33.44649],[-91.13807,33.42723],[-91.14995,33.4265],[-91.17383,33.41779],[-91.20229,33.41685],[-91.20928,33.40669],[-91.20607,33.39984],[-91.18301,33.38564],[-91.16696,33.3799],[-91.14811,33.37879],[-91.13046,33.38463],[-91.09521,33.41823],[-91.09743,33.43401],[-91.08807,33.45038],[-91.07298,33.45582],[-91.059,33.44915],[-91.05839,33.4282],[-91.07405,33.40785],[-91.12344,33.36132],[-91.1416,33.35019],[-91.14158,33.29975],[-91.12566,33.28036],[-91.1281,33.2687],[-91.11729,33.26064],[-91.10688,33.24244],[-91.09639,33.24296],[-91.08533,33.27551],[-91.07644,33.28441],[-91.06096,33.28712],[-91.04829,33.28284],[-91.0437,33.27178],[-91.05303,33.24751],[-91.08123,33.22246],[-91.09911,33.21961],[-91.0813,33.18428],[-91.08005,33.17031],[-91.08451,33.14108],[-91.08989,33.13441],[-91.10973,33.12945],[-91.14678,33.13005],[-91.16098,33.14143],[-91.18403,33.14168],[-91.1964,33.13286],[-91.20211,33.12231],[-91.1996,33.1065],[-91.18009,33.09732],[-91.17187,33.08808],[-91.14906,33.08131],[-91.12387,33.06323],[-91.12043,33.05463],[-91.12672,33.03625],[-91.16321,33.01791],[-91.16609,33.00429],[-92.22283,33.00908],[-93.07317,33.0179],[-94.04296,33.01922],[-94.04345,33.55225],[-94.05021,33.55108],[-94.0561,33.56725],[-94.07267,33.57223],[-94.10318,33.57035],[-94.1239,33.5521],[-94.14302,33.57773],[-94.16227,33.58891],[-94.1834,33.59221],[-94.21133,33.57377],[-94.22639,33.55291],[-94.2502,33.55676],[-94.23887,33.57672],[-94.25266,33.58614],[-94.27085,33.56478],[-94.2806,33.57491],[-94.29839,33.57622],[-94.30958,33.55167],[-94.33059,33.55269],[-94.33842,33.56708],[-94.35265,33.56061],[-94.35897,33.54323],[-94.39257,33.55114],[-94.38805,33.56551],[-94.37776,33.57461],[-94.38593,33.58189],[-94.41906,33.57722],[-94.43622,33.5942],[-94.45823,33.59827],[-94.45233,33.61882],[-94.4592,33.64515],[-94.48587,33.63787],[-94.45753,34.64296],[-94.43152,35.36959],[-94.43391,35.38739],[-94.43121,35.39429],[-94.5779,36.24955],[-94.61792,36.49941]]]}},{"type":"Feature","id":6,"properties":{"code":"CA","name":"California"},"geometry":{"type":"MultiPolygon","coordinates":[[[[-118.60331,33.47732],[-118.59564,33.47973],[-118.54453,33.47412],[-118.49967,33.44788],[-118.47765,33.44839],[-118.44581,33.42891],[-118.42358,33.42726],[-118.38204,33.40988],[-118.37032,33.40928],[-118.36509,33.38837],[-118.31021,33.33579],[-118.30317,33.32026],[-118.30508,33.31032],[-118.31679,33.30114],[-118.32524,33.29908],[-118.37477,33.32006],[-118.44005,33.31864],[-118.46537,33.32606],[-118.48189,33.34412],[-118.48877,33.35665],[-118.47846,33.38632],[-118.48875,33.41983],[-118.51627,33.42507],[-118.52323,33.43073],[-118.53738,33.43461],[-118.56344,33.43438],[-118.57093,33.43935],[-118.5759,33.44826],[-118.60279,33.46967],[-118.60331,33.47732]]],[[[-118.60553,33.031],[-118.59403,33.03595],[-118.57516,33.03396],[-118.56901,33.02915],[-118.56445,33.02491],[-118.55917,33.00629],[-118.54007,32.98093],[-118.49681,32.93385],[-118.48529,32.92354],[-118.46062,32.90951],[-118.44677,32.89542],[-118.36998,32.83927],[-118.3535,32.82196],[-118.35654,32.81731],[-118.37997,32.82455],[-118.39457,32.82398],[-118.42563,32.8006],[-118.42837,32.80687],[-118.44492,32.82059],[-118.47607,32.84175],[-118.48791,32.84459],[-118.4963,32.85157],[-118.5069,32.8685],[-118.50719,32.87626],[-118.53582,32.90628],[-118.55113,32.94515],[-118.57352,32.96918],[-118.58693,33.00828],[-118.59604,33.01536],[-118.60656,33.01469],[-118.60553,33.031]]],[[[-119.04521,33.48206],[-119.03186,33.48554],[-119.02662,33.47896],[-119.02975,33.46784],[-119.03705,33.46552],[-119.04419,33.46834],[-119.04521,33.48206]]],[[[-119.44109,34.01557],[-119.43647,34.02109],[-119.39748,34.01426],[-119.36733,34.0236],[-119.35746,34.01674],[-119.36202,34.00595],[-119.39481,33.99846],[-119.4388,34.00454],[-119.44293,34.01336],[-119.44109,34.01557]]],[[[-119.57894,33.27863],[-119.56204,33.27113],[-119.54764,33.28033],[-119.52814,33.28493],[-119.50504,33.27283],[-119.46572,33.25924],[-119.42956,33.22817],[-119.44427,33.21919],[-119.47603,33.21552],[-119.54587,33.23341],[-119.56497,33.24744],[-119.57894,33.27863]]],[[[-119.91916,34.07728],[-119.8573,34.0713],[-119.82586,34.05979],[-119.81874,34.053],[-119.80782,34.05213],[-119.7898,34.05726],[-119.75552,34.05672],[-119.73947,34.0493],[-119.71258,34.04326],[-119.68651,34.0198],[-119.63774,34.01318],[-119.61934,34.01647],[-119.61223,34.02126],[-119.60429,34.03156],[-119.60924,34.03735],[-119.59324,34.04962],[-119.57341,34.05011],[-119.5667,34.05345],[-119.5296,34.04116],[-119.52064,34.03426],[-119.54245,34.02108],[-119.54828,34.00982],[-119.54707,34.00547],[-119.56046,33.99553],[-119.57564,33.99601],[-119.59688,33.98861],[-119.66282,33.98589],[-119.69011,33.97223],[-119.70695,33.96918],[-119.7147,33.96144],[-119.72121,33.95958],[-119.74297,33.96388],[-119.75044,33.96376],[-119.75814,33.95921],[-119.79594,33.96293],[-119.84275,33.97034],[-119.87336,33.98038],[-119.8849,34.00881],[-119.87692,34.02353],[-119.87633,34.03209],[-119.89282,34.04553],[-119.91622,34.05835],[-119.92334,34.06936],[-119.91916,34.07728]]],[[[-120.24739,34.00191],[-120.23,34.01014],[-120.19578,34.00428],[-120.16731,34.00822],[-120.15166,34.01813],[-120.14765,34.02483],[-120.14036,34.02597],[-120.11506,34.01987],[-120.09018,34.01981],[-120.07361,34.02448],[-120.05764,34.03734],[-120.04326,34.03581],[-120.044,34.02482],[-120.05038,34.01333],[-120.04658,34.0],[-120.02565,33.98555],[-120.01112,33.97989],[-119.97888,33.98308],[-119.97991,33.96962],[-119.97026,33.94436],[-120.00096,33.94155],[-120.01771,33.93637],[-120.04688,33.9196],[-120.04968,33.91456],[-120.0986,33.90785],[-120.10914,33.89913],[-120.12182,33.89571],[-120.16897,33.91909],[-120.17905,33.92799],[-120.18984,33.9477],[-120.1986,33.95221],[-120.20937,33.97238],[-120.22446,33.98906],[-120.24848,33.99933],[-120.24739,34.00191]]],[[[-120.44911,34.03735],[-120.43501,34.04187],[-120.41529,34.05496],[-120.40361,34.05044],[-120.39091,34.05199],[-120.36881,34.06778],[-120.36828,34.07646],[-120.36225,34.07306],[-120.35498,34.05926],[-120.36029,34.05582],[-120.35861,34.05024],[-120.34695,34.04658],[-120.33116,34.0491],[-120.31903,34.04198],[-120.30212,34.02357],[-120.31705,34.01884],[-120.34771,34.02011],[-120.35793,34.01503],[-120.40937,34.0322],[-120.41523,34.03225],[-120.42741,34.02542],[-120.45413,34.02808],[-120.44911,34.03735]]],[[[-122.37788,37.83065],[-122.36994,37.83214],[-122.36324,37.82395],[-122.35878,37.81428],[-122.36266,37.80758],[-122.37242,37.8113],[-122.37788,37.83065]]],[[[-122.44476,37.86128],[-122.43856,37.86837],[-122.43079,37.87106],[-122.42198,37.86796],[-122.42093,37.85712],[-122.42979,37.85308],[-122.44174,37.85568],[-122.44476,37.86128]]],[[[-124.4086,40.4432],[-124.39664,40.46212],[-124.38494,40.48982],[-124.38322,40.49985],[-124.38702,40.50495],[-124.38282,40.519],[-124.36355,40.5487],[-124.3294,40.61643],[-124.28912,40.67963],[-124.20192,40.80511],[-124.15832,40.87607],[-124.13707,40.92573],[-124.11815,40.98926],[-124.11217,41.02817],[-124.12545,41.0485],[-124.13822,41.05434],[-124.15127,41.0511],[-124.15362,41.05355],[-124.15451,41.08716],[-124.16056,41.09901],[-124.15906,41.12196],[-124.16541,41.12982],[-124.16399,41.13867],[-124.15854,41.14302],[-124.14967,41.14084],[-124.1438,41.14469],[-124.10699,41.22968],[-124.07229,41.37484],[-124.06308,41.43958],[-124.06606,41.47026],[-124.08143,41.51123],[-124.08199,41.54776],[-124.0924,41.55362],[-124.10112,41.56919],[-124.1014,41.57852],[-124.09739,41.58525],[-124.10096,41.6025],[-124.11441,41.61677],[-124.12023,41.64035],[-124.13555,41.65731],[-124.14348,41.70928],[-124.14741,41.71796],[-124.16472,41.74013],[-124.17739,41.74576],[-124.19104,41.73608],[-124.19495,41.73678],[-124.20384,41.74703],[-124.23972,41.7708],[-124.2487,41.77146],[-124.25599,41.78301],[-124.24503,41.7923],[-124.23068,41.81868],[-124.21959,41.84643],[-124.20844,41.88819],[-124.2034,41.94096],[-124.20495,41.98344],[-124.21161,41.99846],[-123.657,41.99514],[-123.62455,41.99984],[-123.43477,42.00164],[-123.34756,41.99911],[-123.14596,42.00925],[-123.04525,42.00305],[-122.89396,42.00261],[-122.37819,42.00952],[-121.0352,41.99332],[-119.99917,41.99454],[-119.99936,40.8731],[-119.99618,40.26246],[-120.00575,39.22521],[-120.00101,38.99957],[-119.33342,38.53833],[-118.71431,38.10218],[-117.87593,37.49727],[-117.50012,37.22038],[-117.00089,36.84769],[-116.54198,36.49995],[-115.85291,35.96966],[-115.10288,35.37937],[-114.63349,35.00186],[-114.62901,34.98615],[-114.63524,34.96515],[-114.62977,34.94304],[-114.63325,34.92461],[-114.63088,34.90726],[-114.63672,34.88911],[-114.63438,34.87289],[-114.62394,34.85974],[-114.60065,34.84736],[-114.58684,34.83567],[-114.57645,34.8153],[-114.57101,34.79429],[-114.55268,34.76687],[-114.52962,34.75082],[-114.51662,34.73674],[-114.49586,34.72796],[-114.48677,34.7191],[-114.47048,34.71137],[-114.46525,34.6912],[-114.45197,34.6668],[-114.45175,34.65432],[-114.44146,34.64253],[-114.43874,34.62145],[-114.4242,34.61045],[-114.42433,34.60234],[-114.43009,34.59687],[-114.42975,34.59173],[-114.42238,34.58071],[-114.40523,34.56964],[-114.38084,34.52972],[-114.37812,34.50729],[-114.38236,34.49576],[-114.3817,34.47604],[-114.3867,34.45791],[-114.37372,34.44694],[-114.33537,34.45004],[-114.32613,34.43725],[-114.31225,34.43273],[-114.29484,34.42139],[-114.28866,34.40662],[-114.26432,34.40133],[-114.23427,34.37666],[-114.22611,34.36592],[-114.19948,34.36137],[-114.17691,34.34931],[-114.15721,34.31786],[-114.13828,34.30323],[-114.13953,34.29584],[-114.13443,34.26639],[-114.13905,34.25954],[-114.16183,34.25704],[-114.16654,34.24965],[-114.17312,34.24723],[-114.21176,34.21154],[-114.22519,34.20364],[-114.22494,34.1939],[-114.22971,34.18693],[-114.25414,34.17383],[-114.26827,34.17021],[-114.28729,34.17053],[-114.32078,34.13864],[-114.35303,34.13312],[-114.36652,34.11857],[-114.39056,34.11008],[-114.41168,34.11003],[-114.43418,34.08738],[-114.43934,34.05789],[-114.43495,34.03778],[-114.43827,34.02261],[-114.45021,34.01257],[-114.46117,34.01008],[-114.46117,33.99469],[-114.46793,33.99288],[-114.49988,33.96179],[-114.522,33.95562],[-114.53548,33.93465],[-114.53368,33.92607],[-114.51843,33.91752],[-114.50792,33.90381],[-114.51893,33.89171],[-114.5165,33.88593],[-114.50434,33.87688],[-114.50302,33.868],[-114.51467,33.85864],[-114.52453,33.85848],[-114.52845,33.85493],[-114.5296,33.84806],[-114.51997,33.82538],[-114.52805,33.81496],[-114.50486,33.76047],[-114.50448,33.751],[-114.51235,33.73421],[-114.49657,33.71916],[-114.4942,33.70792],[-114.49649,33.6969],[-114.52396,33.68588],[-114.53152,33.67511],[-114.5252,33.66158],[-114.53024,33.65014],[-114.52695,33.63753],[-114.52966,33.62279],[-114.52481,33.61135],[-114.54062,33.59141],[-114.5403,33.58062],[-114.5246,33.55223],[-114.5589,33.53182],[-114.56096,33.51674],[-114.56953,33.50922],[-114.59155,33.49944],[-114.6017,33.48139],[-114.62292,33.45656],[-114.62228,33.44756],[-114.62964,33.42814],[-114.6433,33.41674],[-114.65838,33.41304],[-114.6739,33.4183],[-114.68795,33.41794],[-114.69566,33.41513],[-114.70173,33.40839],[-114.72007,33.40789],[-114.72528,33.40505],[-114.72287,33.39878],[-114.70731,33.38254],[-114.69804,33.35244],[-114.70094,33.33701],[-114.70796,33.32342],[-114.72362,33.31211],[-114.73122,33.30243],[-114.72167,33.28698],[-114.68051,33.27358],[-114.67209,33.2585],[-114.68954,33.24643],[-114.67363,33.22312],[-114.67875,33.20345],[-114.67536,33.18549],[-114.68025,33.16972],[-114.67936,33.15952],[-114.68707,33.1422],[-114.69683,33.13121],[-114.70368,33.11377],[-114.7079,33.09743],[-114.70649,33.08816],[-114.68902,33.08404],[-114.68699,33.07097],[-114.6743,33.05717],[-114.67366,33.0419],[-114.66506,33.03391],[-114.65783,33.03383],[-114.64598,33.0489],[-114.63955,33.04529],[-114.62829,33.03105],[-114.61879,33.0272],[-114.58978,33.02623],[-114.57516,33.03654],[-114.52013,33.02998],[-114.51134,33.02345],[-114.50287,33.01115],[-114.49294,32.97178],[-114.48862,32.96995],[-114.47616,32.97517],[-114.46904,32.9723],[-114.46773,32.95632],[-114.48092,32.93525],[-114.47664,32.92363],[-114.46445,32.91313],[-114.46293,32.90794],[-114.46897,32.84515],[-114.49412,32.82329],[-114.51022,32.81642],[-114.53075,32.79348],[-114.53243,32.77692],[-114.52686,32.75709],[-114.53909,32.75695],[-114.61477,32.73409],[-114.61558,32.72845],[-114.61837,32.72825],[-114.68878,32.73768],[-114.70192,32.74555],[-114.71452,32.73039],[-114.71963,32.71876],[-116.04662,32.62335],[-117.12486,32.53416],[-117.13336,32.57563],[-117.13296,32.59705],[-117.13666,32.61875],[-117.16887,32.67195],[-117.18037,32.68165],[-117.19677,32.68885],[-117.21307,32.68775],[-117.22387,32.68305],[-117.23624,32.67135],[-117.24607,32.66935],[-117.25517,32.70005],[-117.25757,32.72605],[-117.25257,32.75295],[-117.25497,32.78695],[-117.26107,32.80315],[-117.28097,32.82225],[-117.28217,32.83955],[-117.27387,32.85145],[-117.26497,32.84895],[-117.25617,32.85945],[-117.25167,32.87435],[-117.25447,32.90015],[-117.28077,33.01234],[-117.29337,33.03464],[-117.31528,33.0935],[-117.32836,33.12184],[-117.36257,33.16844],[-117.46979,33.29642],[-117.50565,33.33406],[-117.54769,33.36549],[-117.57172,33.37899],[-117.59588,33.38663],[-117.60791,33.40632],[-117.64558,33.44073],[-117.68458,33.46193],[-117.68928,33.46016],[-117.69138,33.45403],[-117.71535,33.46056],[-117.72649,33.48343],[-117.78489,33.54153],[-117.81419,33.55222],[-117.84029,33.57352],[-117.87679,33.59232],[-117.92709,33.60552],[-117.94059,33.62002],[-118.00059,33.65432],[-118.02969,33.67642],[-118.0649,33.71102],[-118.0889,33.72982],[-118.1327,33.75322],[-118.1569,33.76032],[-118.18083,33.76307],[-118.19126,33.75013],[-118.18755,33.73603],[-118.19271,33.73167],[-118.22483,33.73213],[-118.24748,33.71557],[-118.29316,33.70504],[-118.31721,33.71282],[-118.36051,33.73682],[-118.38501,33.74142],[-118.39661,33.73592],[-118.41121,33.74198],[-118.42841,33.77472],[-118.40501,33.80022],[-118.39431,33.80432],[-118.39151,33.81542],[-118.39211,33.84092],[-118.44241,33.94031],[-118.46061,33.96911],[-118.48421,33.99771],[-118.51951,34.02751],[-118.54312,34.03851],[-118.56924,34.04164],[-118.60965,34.03642],[-118.66836,34.03889],[-118.67937,34.03325],[-118.70622,34.02938],[-118.74495,34.0321],[-118.78343,34.02154],[-118.80511,34.00124],[-118.84038,34.02753],[-118.85465,34.03422],[-118.92805,34.04585],[-118.93808,34.04338],[-118.97775,34.05982],[-119.00464,34.06623],[-119.03749,34.08311],[-119.06996,34.09047],[-119.08854,34.09831],[-119.09822,34.09933],[-119.10978,34.09457],[-119.13017,34.1001],[-119.18864,34.139],[-119.21644,34.1461],[-119.23714,34.1758],[-119.25704,34.2133],[-119.27014,34.2529],[-119.27864,34.2669],[-119.29094,34.2749],[-119.30213,34.27276],[-119.31303,34.27569],[-119.33747,34.29058],[-119.34919,34.30438],[-119.37036,34.31949],[-119.39045,34.3182],[-119.42777,34.35302],[-119.46104,34.37406],[-119.53696,34.39549],[-119.55946,34.4134],[-119.61686,34.42099],[-119.63886,34.4157],[-119.67187,34.4161],[-119.68817,34.4125],[-119.68467,34.4083],[-119.70907,34.3954],[-119.72937,34.3959],[-119.79477,34.4176],[-119.83577,34.4158],[-119.85377,34.408],[-119.87397,34.40879],[-119.92523,34.43393],[-119.95643,34.43529],[-120.00808,34.46045],[-120.03883,34.46343],[-120.08859,34.46021],[-120.11841,34.46993],[-120.14117,34.4734],[-120.25777,34.46745],[-120.29505,34.47062],[-120.34137,34.45879],[-120.44197,34.45151],[-120.45143,34.44709],[-120.47138,34.44785],[-120.47661,34.47513],[-120.49052,34.49007],[-120.51142,34.52295],[-120.58129,34.55696],[-120.62257,34.55402],[-120.63781,34.56622],[-120.64574,34.58103],[-120.64024,34.60441],[-120.60197,34.6921],[-120.60167,34.70972],[-120.61485,34.73071],[-120.62632,34.73807],[-120.63742,34.7559],[-120.6163,34.81631],[-120.6099,34.84275],[-120.61027,34.85818],[-120.61633,34.86674],[-120.63928,34.88041],[-120.64221,34.89415],[-120.64733,34.90113],[-120.67083,34.90411],[-120.63999,35.00296],[-120.62993,35.06151],[-120.63096,35.10194],[-120.63579,35.1238],[-120.64431,35.13962],[-120.65113,35.14777],[-120.66248,35.15336],[-120.67507,35.15306],[-120.69891,35.17119],[-120.71419,35.176],[-120.74887,35.1778],[-120.75482,35.1747],[-120.75609,35.16046],[-120.76049,35.15971],[-120.779,35.1689],[-120.78608,35.17767],[-120.85605,35.20649],[-120.89679,35.24788],[-120.88935,35.27782],[-120.87957,35.29418],[-120.86268,35.34678],[-120.8661,35.39305],[-120.88476,35.4302],[-120.90794,35.44907],[-120.94655,35.44671],[-120.96944,35.4602],[-121.00336,35.46071],[-121.02562,35.4846],[-121.05308,35.50753],[-121.05991,35.50967],[-121.1016,35.54881],[-121.12603,35.59306],[-121.14356,35.60605],[-121.16671,35.6354],[-121.1889,35.64314],[-121.19529,35.64073],[-121.25103,35.65664],[-121.28497,35.67411],[-121.28979,35.68943],[-121.31463,35.71331],[-121.31579,35.75252],[-121.33245,35.78311],[-121.35674,35.80419],[-121.38805,35.82348],[-121.41315,35.85532],[-121.43958,35.86695],[-121.46226,35.88562],[-121.46123,35.89691],[-121.47244,35.91989],[-121.4862,35.97035],[-121.50311,36.0003],[-121.53188,36.01437],[-121.56961,36.02154],[-121.5746,36.02516],[-121.5904,36.05036],[-121.59285,36.06506],[-121.60685,36.07207],[-121.61867,36.08777],[-121.62963,36.11445],[-121.68014,36.16582],[-121.71718,36.19515],[-121.77985,36.22741],[-121.79706,36.23421],[-121.81373,36.23423],[-121.82643,36.24186],[-121.83579,36.25075],[-121.85197,36.27783],[-121.8748,36.28906],[-121.88849,36.30281],[-121.89471,36.31781],[-121.89292,36.34043],[-121.90545,36.35827],[-121.90267,36.3639],[-121.90319,36.3936],[-121.91438,36.40434],[-121.91746,36.41481],[-121.91474,36.42589],[-121.9416,36.4856],[-121.93876,36.50642],[-121.94368,36.5118],[-121.94467,36.52186],[-121.92594,36.52517],[-121.93251,36.55994],[-121.94253,36.56643],[-121.94966,36.5676],[-121.95146,36.56401],[-121.95734,36.56448],[-121.97259,36.57337],[-121.97859,36.58049],[-121.97043,36.58275],[-121.94167,36.61806],[-121.93643,36.63675],[-121.92387,36.63456],[-121.89016,36.60926],[-121.88906,36.60176],[-121.87136,36.60456],[-121.8606,36.61114],[-121.832,36.64486],[-121.80978,36.69603],[-121.80564,36.75024],[-121.78828,36.80399],[-121.80936,36.84865],[-121.86227,36.93155],[-121.89467,36.96185],[-121.93007,36.97815],[-121.93947,36.97805],[-121.95167,36.97145],[-121.97277,36.95415],[-122.01237,36.96455],[-122.02337,36.96215],[-122.02717,36.95115],[-122.05012,36.94852],[-122.06642,36.94827],[-122.10598,36.95595],[-122.15508,36.98085],[-122.20618,37.01395],[-122.25218,37.05945],[-122.28488,37.10175],[-122.30614,37.11638],[-122.33707,37.11738],[-122.33783,37.13594],[-122.35979,37.15557],[-122.36709,37.17282],[-122.37927,37.18113],[-122.3906,37.18299],[-122.40507,37.19579],[-122.40718,37.21946],[-122.41911,37.24147],[-122.41169,37.26584],[-122.40132,37.33701],[-122.40085,37.35923],[-122.42329,37.39254],[-122.44369,37.43594],[-122.44599,37.46154],[-122.45209,37.48054],[-122.47239,37.50054],[-122.49379,37.49234],[-122.49929,37.49534],[-122.51669,37.52134],[-122.51953,37.5373],[-122.51369,37.55224],[-122.51809,37.57614],[-122.51719,37.59064],[-122.50139,37.59964],[-122.49679,37.61214],[-122.49408,37.64404],[-122.49678,37.68643],[-122.50648,37.72373],[-122.51448,37.78083],[-122.50531,37.78831],[-122.48578,37.79063],[-122.47808,37.81083],[-122.46379,37.80465],[-122.40745,37.81144],[-122.39814,37.80563],[-122.38532,37.79072],[-122.37585,37.73498],[-122.37009,37.73233],[-122.36548,37.73462],[-122.35678,37.72951],[-122.36175,37.71501],[-122.37041,37.71757],[-122.39319,37.70753],[-122.38763,37.67906],[-122.37429,37.66221],[-122.3756,37.65239],[-122.38738,37.64846],[-122.38607,37.63766],[-122.36545,37.62621],[-122.35531,37.61574],[-122.35858,37.61115],[-122.37331,37.61377],[-122.37855,37.60559],[-122.36022,37.5925],[-122.31768,37.59087],[-122.31571,37.58367],[-122.3059,37.57548],[-122.2627,37.57287],[-122.2519,37.56632],[-122.24572,37.55373],[-122.22944,37.54981],[-122.21426,37.53851],[-122.19659,37.5372],[-122.19496,37.52247],[-122.16845,37.50414],[-122.15569,37.5012],[-122.13985,37.50598],[-122.1309,37.50232],[-122.12421,37.48547],[-122.12375,37.47319],[-122.11288,37.46301],[-122.0894,37.45091],[-122.05911,37.44521],[-122.0389,37.45059],[-122.03422,37.46112],[-122.04533,37.46801],[-122.05306,37.47944],[-122.05491,37.49443],[-122.0782,37.50103],[-122.09913,37.4995],[-122.11134,37.50758],[-122.112,37.52885],[-122.12869,37.56059],[-122.13752,37.56747],[-122.14701,37.58841],[-122.14538,37.60085],[-122.15291,37.64077],[-122.16305,37.66793],[-122.20397,37.69777],[-122.21377,37.6987],[-122.24683,37.72193],[-122.25795,37.7396],[-122.25713,37.745],[-122.24264,37.75374],[-122.25375,37.76122],[-122.294,37.77042],[-122.33079,37.78383],[-122.33175,37.79605],[-122.33567,37.79965],[-122.33371,37.8098],[-122.32357,37.82321],[-122.30393,37.83009],[-122.30131,37.84776],[-122.31048,37.87394],[-122.30999,37.89276],[-122.31326,37.89701],[-122.32373,37.90584],[-122.33453,37.90879],[-122.35711,37.90879],[-122.36758,37.90388],[-122.38591,37.90814],[-122.38918,37.9101],[-122.39049,37.92254],[-122.41372,37.93726],[-122.43009,37.96312],[-122.42976,37.9654],[-122.41536,37.96312],[-122.40838,37.95754],[-122.39983,37.95601],[-122.39217,37.96999],[-122.36758,37.97817],[-122.3619,37.98999],[-122.36693,37.99846],[-122.36791,38.01253],[-122.36365,38.01417],[-122.35949,38.00994],[-122.34009,38.00369],[-122.33191,38.00533],[-122.32111,38.01286],[-122.30082,38.01089],[-122.28348,38.02267],[-122.26286,38.0446],[-122.26286,38.05147],[-122.27301,38.07438],[-122.3018,38.10514],[-122.36876,38.13565],[-122.39359,38.14345],[-122.43958,38.11692],[-122.45038,38.11627],[-122.45496,38.11889],[-122.48997,38.11201],[-122.48997,38.09696],[-122.48376,38.07176],[-122.49227,38.05638],[-122.49947,38.03216],[-122.49783,38.0194],[-122.48147,38.00762],[-122.46281,38.00337],[-122.453,37.99617],[-122.44841,37.98471],[-122.45659,37.97882],[-122.47198,37.98177],[-122.48866,37.96671],[-122.4903,37.95919],[-122.48768,37.94872],[-122.48048,37.94544],[-122.47917,37.94152],[-122.48572,37.93759],[-122.49947,37.93923],[-122.50306,37.93661],[-122.50306,37.92875],[-122.49357,37.92188],[-122.47819,37.91861],[-122.47198,37.91043],[-122.4723,37.90257],[-122.45856,37.89406],[-122.44841,37.89341],[-122.43827,37.88097],[-122.45005,37.87116],[-122.46216,37.86887],[-122.48343,37.8901],[-122.50102,37.89366],[-122.49627,37.87078],[-122.4831,37.86396],[-122.47647,37.83251],[-122.47915,37.82543],[-122.52918,37.81903],[-122.53728,37.83033],[-122.54899,37.83623],[-122.56149,37.85183],[-122.58429,37.85923],[-122.60129,37.87513],[-122.62711,37.88608],[-122.63998,37.89735],[-122.65652,37.90452],[-122.68217,37.90645],[-122.70264,37.89382],[-122.7273,37.90463],[-122.7369,37.92583],[-122.75461,37.93553],[-122.76614,37.938],[-122.78324,37.95133],[-122.7974,37.97666],[-122.82138,37.99674],[-122.85657,38.01672],[-122.88211,38.02527],[-122.93971,38.03191],[-122.95681,38.02872],[-122.97238,38.02025],[-122.98342,38.00455],[-122.97751,37.99823],[-122.97763,37.99265],[-122.98467,37.99003],[-123.01962,37.99422],[-123.01898,38.00121],[-123.0102,38.00628],[-122.99242,38.04176],[-122.96089,38.11296],[-122.94907,38.15406],[-122.95363,38.17567],[-122.96541,38.18711],[-122.96811,38.20243],[-122.98959,38.22909],[-122.9865,38.23592],[-122.96981,38.23878],[-122.9672,38.25069],[-122.97708,38.2679],[-122.98632,38.27316],[-123.00412,38.29701],[-123.02433,38.31057],[-123.03874,38.31358],[-123.05106,38.31069],[-123.0535,38.29939],[-123.05824,38.29836],[-123.06367,38.30218],[-123.07468,38.32257],[-123.06844,38.33521],[-123.06826,38.35986],[-123.08557,38.39052],[-123.12238,38.43731],[-123.12883,38.45042],[-123.20228,38.49431],[-123.2498,38.51105],[-123.28716,38.54022],[-123.29715,38.54345],[-123.3319,38.56554],[-123.34334,38.59001],[-123.34961,38.59681],[-123.37188,38.60724],[-123.39817,38.64704],[-123.40301,38.64945],[-123.40566,38.65673],[-123.44177,38.69974],[-123.46129,38.717],[-123.51478,38.74197],[-123.54184,38.77676],[-123.57986,38.80284],[-123.58638,38.80286],[-123.60022,38.81412],[-123.60532,38.82276],[-123.63864,38.84387],[-123.64739,38.84547],[-123.65985,38.87253],[-123.71054,38.91323],[-123.72537,38.91744],[-123.72631,38.93637],[-123.73889,38.95412],[-123.72905,38.95667],[-123.71115,38.97732],[-123.6969,39.0044],[-123.69009,39.03116],[-123.69397,39.05736],[-123.71804,39.12823],[-123.73503,39.14286],[-123.74222,39.16488],[-123.76101,39.19159],[-123.76589,39.19366],[-123.775,39.21208],[-123.77737,39.23721],[-123.78789,39.26433],[-123.79899,39.27135],[-123.80385,39.27877],[-123.80308,39.29175],[-123.81139,39.31282],[-123.80877,39.32437],[-123.82209,39.34386],[-123.82631,39.36871],[-123.82233,39.37999],[-123.81469,39.44654],[-123.76647,39.5528],[-123.78742,39.60455],[-123.78354,39.60952],[-123.78232,39.62149],[-123.78636,39.65993],[-123.79266,39.68412],[-123.80821,39.71072],[-123.82954,39.72307],[-123.83809,39.75241],[-123.8398,39.79564],[-123.85171,39.83204],[-123.88146,39.84542],[-123.90766,39.86303],[-123.93005,39.9097],[-123.95495,39.92237],[-123.98003,39.96246],[-123.99586,39.97304],[-124.0359,40.01332],[-124.05641,40.0243],[-124.06507,40.02479],[-124.06891,40.02131],[-124.07998,40.02977],[-124.08071,40.06611],[-124.08709,40.07844],[-124.11055,40.10377],[-124.13995,40.11635],[-124.18787,40.13054],[-124.21489,40.1609],[-124.2965,40.20882],[-124.32091,40.22662],[-124.32769,40.23737],[-124.34307,40.24398],[-124.36341,40.26097],[-124.36363,40.27621],[-124.34785,40.31463],[-124.3628,40.35005],[-124.36536,40.37485],[-124.3736,40.39292],[-124.3915,40.40705],[-124.40262,40.42211],[-124.40959,40.43808],[-124.4086,40.4432]]]]}},{"type":"Feature","id":8,"properties":{"code":"CO","name":"Colorado"},"geometry":{"type":"Polygon","coordinates":[[[-109.06025,38.59933],[-109.05151,39.12609],[-109.05095,40.44437],[-109.04804,40.61923],[-109.05008,41.00066],[-107.00061,41.00344],[-105.73042,40.99689],[-104.85527,40.99805],[-104.49715,41.00183],[-102.05161,41.00238],[-102.05157,39.84981],[-102.04157,37.68044],[-102.04224,36.99308],[-102.69814,36.99515],[-102.77857,36.99924],[-103.0022,37.0001],[-105.02923,36.99273],[-105.44725,36.99602],[-106.8698,36.99243],[-106.87729,37.00014],[-109.04522,36.99908],[-109.04176,38.16469],[-109.06006,38.27549],[-109.06025,38.59933]]]}},{"type":"Feature","id":9,"properties":{"code":"CT","name":"Connecticut"},"geometry":{"type":"Polygon","coordinates":[[[-73.72777,41.1007],[-73.48271,41.21276],[-73.55096,41.29542],[-73.52104,41.61977],[-73.48731,42.04964],[-73.43281,42.05059],[-73.05325,42.03986],[-72.81354,42.03649],[-72.81674,41.99759],[-72.76674,42.00299],[-72.75974,42.017],[-72.76215,42.02153],[-72.75747,42.02095],[-72.75174,42.03019],[-72.75754,42.0333],[-72.75584,42.03619],[-72.69593,42.03679],[-72.60793,42.03079],[-72.60693,42.02499],[-72.59023,42.0247],[-72.58233,42.0247],[-72.57323,42.03014],[-72.52813,42.0343],[-71.80065,42.02357],[-71.78699,41.65599],[-71.79768,41.41671],[-71.81839,41.4196],[-71.84256,41.40986],[-71.84213,41.39536],[-71.83344,41.38452],[-71.83161,41.3709],[-71.83774,41.36353],[-71.83595,41.35393],[-71.82959,41.34454],[-71.83901,41.33404],[-71.86051,41.32025],[-71.85957,41.3224],[-71.86823,41.33094],[-71.8863,41.33641],[-71.91671,41.33222],[-71.94565,41.3378],[-71.97096,41.32453],[-71.98219,41.32986],[-71.98815,41.32058],[-72.0219,41.31684],[-72.08449,41.31963],[-72.11182,41.2991],[-72.13422,41.2994],[-72.16158,41.31026],[-72.17762,41.3225],[-72.18412,41.324],[-72.19102,41.3232],[-72.20142,41.3157],[-72.20402,41.2991],[-72.21292,41.29136],[-72.22528,41.29905],[-72.24816,41.29949],[-72.2519,41.29862],[-72.25132,41.29],[-72.26149,41.28293],[-72.31776,41.27778],[-72.3276,41.27846],[-72.33389,41.28292],[-72.34864,41.27745],[-72.34807,41.2697],[-72.38663,41.2618],[-72.39869,41.27817],[-72.45193,41.27889],[-72.47254,41.2701],[-72.48569,41.27088],[-72.50663,41.2601],[-72.51866,41.26125],[-72.52131,41.2656],[-72.52942,41.26442],[-72.54724,41.2505],[-72.57114,41.2681],[-72.58334,41.2717],[-72.59804,41.2687],[-72.61724,41.272],[-72.64154,41.267],[-72.65384,41.2659],[-72.66284,41.2692],[-72.67234,41.267],[-72.68494,41.2576],[-72.68554,41.2513],[-72.69474,41.24497],[-72.71059,41.24448],[-72.71367,41.24901],[-72.71246,41.25417],[-72.72244,41.25914],[-72.76034,41.24124],[-72.75444,41.26691],[-72.78614,41.2648],[-72.81874,41.25224],[-72.82688,41.25675],[-72.84777,41.25669],[-72.85406,41.24774],[-72.86134,41.2453],[-72.89439,41.24241],[-72.90407,41.24867],[-72.90305,41.2528],[-72.89475,41.2562],[-72.89384,41.2599],[-72.90548,41.27013],[-72.90315,41.27492],[-72.90762,41.2962],[-72.91309,41.29674],[-72.92723,41.282],[-72.93856,41.28003],[-72.92821,41.26373],[-72.93565,41.2585],[-72.96205,41.2516],[-72.98625,41.2335],[-73.01495,41.2043],[-73.05065,41.2102],[-73.05935,41.2067],[-73.10549,41.17219],[-73.11105,41.1508],[-73.13025,41.1468],[-73.17007,41.16053],[-73.1707,41.16495],[-73.17777,41.1667],[-73.20266,41.1581],[-73.2283,41.1426],[-73.23506,41.144],[-73.24796,41.1264],[-73.26236,41.1175],[-73.28676,41.1279],[-73.33066,41.11],[-73.3723,41.10402],[-73.35423,41.08564],[-73.38723,41.05825],[-73.42217,41.04756],[-73.43506,41.0567],[-73.45036,41.0571],[-73.46824,41.05135],[-73.47736,41.036],[-73.49333,41.04817],[-73.5169,41.03874],[-73.51677,41.0295],[-73.52267,41.0193],[-73.52887,41.0164],[-73.53019,41.02878],[-73.53534,41.03192],[-73.56197,41.0168],[-73.56767,41.0109],[-73.57007,41.0016],[-73.58397,41.0009],[-73.58499,41.01054],[-73.5957,41.01599],[-73.60395,41.01505],[-73.64348,41.00217],[-73.65734,40.98517],[-73.65937,40.9995],[-73.65467,41.0117],[-73.72777,41.1007]]]}},{"type":"Feature","id":10,"properties":{"code":"DE","name":"Delaware"},"geometry":{"type":"MultiPolygon","coordinates":[[[[-75.57219,39.62952],[-75.55827,39.62989],[-75.55587,39.60582],[-75.56572,39.60491],[-75.5715,39.60768],[-75.57669,39.6231],[-75.57219,39.62952]]],[[[-75.78886,39.67848],[-75.7886,39.7222],[-75.77379,39.7222],[-75.76053,39.74759],[-75.74454,39.76821],[-75.70127,39.80292],[-75.64152,39.82862],[-75.57982,39.83871],[-75.51841,39.83643],[-75.46331,39.82387],[-75.40541,39.7964],[-75.4383,39.7844],[-75.45069,39.77506],[-75.45234,39.76901],[-75.46334,39.76121],[-75.47417,39.73547],[-75.47764,39.71501],[-75.48855,39.71483],[-75.49624,39.70141],[-75.50904,39.69451],[-75.50974,39.68611],[-75.52974,39.69261],[-75.56225,39.65671],[-75.58715,39.65101],[-75.61338,39.62029],[-75.61255,39.59691],[-75.56481,39.56321],[-75.57252,39.51709],[-75.58773,39.49635],[-75.59307,39.47919],[-75.5899,39.46202],[-75.57098,39.44249],[-75.57183,39.4389],[-75.53851,39.4165],[-75.52168,39.38787],[-75.513,39.36615],[-75.49416,39.35461],[-75.49169,39.34396],[-75.46042,39.32824],[-75.43903,39.31338],[-75.43537,39.29668],[-75.40296,39.25463],[-75.40572,39.22383],[-75.39689,39.21614],[-75.39302,39.20451],[-75.39479,39.18835],[-75.40014,39.18646],[-75.40827,39.17462],[-75.41062,39.15625],[-75.40119,39.08876],[-75.40203,39.06688],[-75.38791,39.05117],[-75.37987,39.04879],[-75.34576,39.02486],[-75.31835,38.98819],[-75.31161,38.96764],[-75.31154,38.94463],[-75.30255,38.939],[-75.31228,38.92459],[-75.30408,38.91316],[-75.19055,38.80686],[-75.15902,38.79019],[-75.13402,38.78224],[-75.10412,38.78624],[-75.09855,38.80293],[-75.09381,38.80381],[-75.08947,38.7972],[-75.08215,38.77216],[-75.07922,38.73824],[-75.06551,38.66103],[-75.04894,38.45126],[-75.39367,38.45211],[-75.69372,38.46013],[-75.78102,39.5506],[-75.78886,39.67848]]]]}},{"type":"Feature","id":12,"properties":{"code":"FL","name":"Florida"},"geometry":{"type":"MultiPolygon","coordinates":[[[[-80.74309,24.86353],[-80.71375,24.88244],[-80.70526,24.90649],[-80.69847,24.90927],[-80.69134,24.90514],[-80.6886,24.88124],[-80.70687,24.86433],[-80.73659,24.84816],[-80.74549,24.85457],[-80.74309,24.86353]]],[[[-80.85061,24.81352],[-80.81369,24.83719],[-80.79159,24.84361],[-80.78218,24.83764],[-80.78748,24.82172],[-80.7947,24.81221],[-80.82452,24.80911],[-80.84431,24.8008],[-80.85034,24.8026],[-80.85061,24.81352]]],[[[-81.11398,24.71116],[-81.08402,24.71978],[-81.0251,24.74557],[-80.96032,24.7685],[-80.91477,24.78307],[-80.90494,24.77902],[-80.9068,24.76784],[-80.95284,24.75328],[-81.02459,24.71655],[-81.07689,24.70464],[-81.08047,24.69362],[-81.10885,24.68925],[-81.11942,24.69934],[-81.11398,24.71116]]],[[[-81.81215,24.56143],[-81.81169,24.56874],[-81.79949,24.59417],[-81.74565,24.65988],[-81.67234,24.69951],[-81.5846,24.7367],[-81.57115,24.75635],[-81.53607,24.76598],[-81.4981,24.79257],[-81.4427,24.8135],[-81.37783,24.78217],[-81.32513,24.76712],[-81.30505,24.75519],[-81.29236,24.71052],[-81.24435,24.6755],[-81.2444,24.66731],[-81.27913,24.6541],[-81.31307,24.64725],[-81.39548,24.62208],[-81.41254,24.64673],[-81.44392,24.64268],[-81.4773,24.64565],[-81.50801,24.6424],[-81.5174,24.62124],[-81.55918,24.60957],[-81.61185,24.58558],[-81.64413,24.57492],[-81.66514,24.57326],[-81.68524,24.55868],[-81.77522,24.55041],[-81.80501,24.54398],[-81.8129,24.54939],[-81.81215,24.56143]]],[[[-82.00732,24.54011],[-81.92307,24.5525],[-81.89212,24.56564],[-81.88336,24.56088],[-81.88626,24.55173],[-81.9188,24.5277],[-81.96389,24.52115],[-82.00651,24.52711],[-82.01166,24.53423],[-82.00732,24.54011]]],[[[-82.16443,24.56338],[-82.15068,24.57633],[-82.14307,24.5934],[-82.13542,24.59688],[-82.12527,24.59743],[-82.10105,24.58468],[-82.09942,24.57252],[-82.10443,24.56117],[-82.11679,24.54914],[-82.15944,24.54821],[-82.16521,24.55216],[-82.16443,24.56338]]],[[[-82.26734,26.68383],[-82.26334,26.69851],[-82.25377,26.70743],[-82.24514,26.7057],[-82.24255,26.69665],[-82.24596,26.68861],[-82.21354,26.62702],[-82.18305,26.53762],[-82.17463,26.49874],[-82.14937,26.47761],[-82.13155,26.47703],[-82.11475,26.47131],[-82.09564,26.45675],[-82.0863,26.45644],[-82.07661,26.46549],[-82.05998,26.46909],[-82.04209,26.45863],[-82.02241,26.45765],[-82.01708,26.45423],[-82.01699,26.44739],[-82.06003,26.42661],[-82.08291,26.42206],[-82.12667,26.43628],[-82.14479,26.45283],[-82.17292,26.46766],[-82.18894,26.49029],[-82.21097,26.57323],[-82.22645,26.58933],[-82.22683,26.61974],[-82.25359,26.6659],[-82.2637,26.67266],[-82.26734,26.68383]]],[[[-82.85499,28.20798],[-82.84867,28.21325],[-82.83694,28.21018],[-82.83458,28.16751],[-82.84362,28.16376],[-82.85142,28.1674],[-82.85499,28.20798]]],[[[-82.92679,24.63159],[-82.91992,24.63687],[-82.86836,24.63439],[-82.8616,24.6265],[-82.86951,24.61817],[-82.92294,24.62212],[-82.92679,24.63159]]],[[[-84.67065,29.79198],[-84.63975,29.79817],[-84.58193,29.8286],[-84.57229,29.82788],[-84.56912,29.81343],[-84.58449,29.80087],[-84.62423,29.78618],[-84.66378,29.77499],[-84.6746,29.78307],[-84.67065,29.79198]]],[[[-87.63484,30.86611],[-87.62946,30.88009],[-87.62079,30.88746],[-87.62221,30.89748],[-87.61602,30.90142],[-87.60782,30.92446],[-87.59206,30.95146],[-87.5892,30.96443],[-87.59894,30.99742],[-87.23771,30.99636],[-87.04002,30.99957],[-86.52,30.99322],[-85.99873,30.99286],[-85.24375,31.00088],[-85.0019,31.00068],[-85.00606,30.97704],[-85.00006,30.97118],[-84.98496,30.96748],[-84.98026,30.96129],[-84.98326,30.93478],[-84.97116,30.92818],[-84.96685,30.91728],[-84.93554,30.88248],[-84.93853,30.87304],[-84.93412,30.86329],[-84.93538,30.85432],[-84.92846,30.84253],[-84.93428,30.83403],[-84.93617,30.82067],[-84.92845,30.80508],[-84.92845,30.79308],[-84.91815,30.77808],[-84.92025,30.76598],[-84.91515,30.76118],[-84.91445,30.75358],[-84.89625,30.75058],[-84.88765,30.74178],[-84.88395,30.73258],[-84.86988,30.72189],[-84.86469,30.71154],[-84.25,30.68414],[-83.49995,30.64566],[-82.21487,30.56858],[-82.23194,30.55626],[-82.23585,30.53718],[-82.22696,30.51027],[-82.20144,30.48515],[-82.20096,30.47443],[-82.20773,30.46049],[-82.204,30.44449],[-82.2099,30.43281],[-82.21032,30.42458],[-82.20418,30.40132],[-82.19297,30.37877],[-82.18382,30.3737],[-82.17153,30.35985],[-82.16178,30.35784],[-82.14331,30.36338],[-82.10486,30.3683],[-82.09471,30.36077],[-82.06006,30.36031],[-82.04794,30.36325],[-82.03684,30.37787],[-82.03589,30.38527],[-82.04201,30.40325],[-82.03999,30.41427],[-82.03402,30.42234],[-82.03723,30.43451],[-82.02823,30.44739],[-82.02375,30.46728],[-82.0178,30.47507],[-82.01479,30.513],[-82.01838,30.53118],[-82.01324,30.55008],[-82.0055,30.56349],[-82.01573,30.6017],[-82.02736,30.60672],[-82.02852,30.62182],[-82.03996,30.63714],[-82.04229,30.64945],[-82.04953,30.65554],[-82.05045,30.67626],[-82.03645,30.70658],[-82.03759,30.71864],[-82.04382,30.72964],[-82.03899,30.74926],[-82.01794,30.75526],[-82.01162,30.76312],[-82.02406,30.78316],[-82.02289,30.78799],[-82.00789,30.79294],[-81.98129,30.77677],[-81.97388,30.77849],[-81.96255,30.79653],[-81.96219,30.818],[-81.94981,30.8275],[-81.9384,30.82575],[-81.93467,30.82043],[-81.91094,30.81589],[-81.89574,30.8211],[-81.86862,30.79276],[-81.85264,30.79444],[-81.84039,30.78639],[-81.80667,30.78968],[-81.79278,30.78443],[-81.77918,30.76806],[-81.76338,30.77382],[-81.74632,30.76589],[-81.73224,30.74964],[-81.71994,30.74463],[-81.69479,30.74842],[-81.68893,30.74143],[-81.67283,30.73894],[-81.66734,30.74566],[-81.66218,30.74652],[-81.65213,30.74244],[-81.65178,30.73228],[-81.64614,30.72759],[-81.62511,30.73302],[-81.61767,30.72205],[-81.6095,30.7207],[-81.60121,30.72814],[-81.57142,30.72164],[-81.56171,30.7156],[-81.55257,30.71697],[-81.54093,30.71334],[-81.53053,30.72286],[-81.48733,30.72608],[-81.4726,30.71331],[-81.44412,30.70971],[-81.43273,30.70302],[-81.42742,30.69802],[-81.4431,30.60094],[-81.44256,30.55519],[-81.43406,30.52257],[-81.44709,30.50368],[-81.44011,30.49768],[-81.42601,30.49674],[-81.41081,30.48204],[-81.40701,30.42204],[-81.39742,30.40063],[-81.39641,30.34004],[-81.3855,30.27384],[-81.30898,29.96944],[-81.29527,29.92861],[-81.28896,29.91518],[-81.27654,29.90046],[-81.27044,29.88311],[-81.26469,29.85821],[-81.2634,29.82066],[-81.25671,29.78469],[-81.24092,29.73922],[-81.16358,29.55529],[-81.04668,29.30786],[-80.96618,29.14796],[-80.94438,29.11086],[-80.90727,29.06426],[-80.87828,29.01056],[-80.70973,28.75669],[-80.61679,28.63456],[-80.57487,28.58517],[-80.56097,28.53074],[-80.52509,28.45945],[-80.52673,28.45171],[-80.56288,28.43778],[-80.58781,28.41086],[-80.60337,28.36398],[-80.60687,28.33648],[-80.60807,28.31129],[-80.60421,28.25773],[-80.58997,28.17799],[-80.56643,28.09563],[-80.54767,28.04879],[-80.50887,27.97048],[-80.44697,27.86195],[-80.3837,27.74004],[-80.35172,27.64262],[-80.35055,27.62836],[-80.33096,27.59754],[-80.31176,27.52463],[-80.30117,27.50031],[-80.29317,27.50031],[-80.25366,27.37979],[-80.23354,27.34131],[-80.19309,27.24955],[-80.16147,27.19281],[-80.15337,27.16931],[-80.15955,27.16333],[-80.1386,27.11152],[-80.11677,27.0724],[-80.09391,27.01859],[-80.04626,26.85924],[-80.03136,26.79634],[-80.03212,26.77153],[-80.03636,26.77124],[-80.03746,26.76634],[-80.03286,26.71524],[-80.03886,26.56935],[-80.06056,26.44465],[-80.07986,26.26436],[-80.08937,26.23186],[-80.10137,26.14776],[-80.10527,26.09626],[-80.10957,26.08716],[-80.11778,25.98637],[-80.11968,25.84104],[-80.12799,25.77225],[-80.144,25.74081],[-80.1529,25.70285],[-80.1523,25.67676],[-80.15497,25.66549],[-80.1609,25.6649],[-80.17692,25.68506],[-80.17039,25.71056],[-80.16446,25.72183],[-80.16624,25.72895],[-80.17276,25.73785],[-80.18463,25.74556],[-80.19767,25.74437],[-80.22911,25.73251],[-80.24038,25.72421],[-80.24453,25.71709],[-80.25046,25.68803],[-80.26707,25.65185],[-80.27715,25.63702],[-80.29672,25.6222],[-80.30146,25.6133],[-80.30562,25.59313],[-80.30562,25.57534],[-80.30206,25.56763],[-80.31392,25.53916],[-80.32875,25.53264],[-80.33942,25.49943],[-80.33705,25.46562],[-80.32815,25.44308],[-80.32044,25.43715],[-80.32637,25.42292],[-80.32578,25.39801],[-80.32044,25.39149],[-80.31036,25.38971],[-80.3068,25.38437],[-80.31036,25.3731],[-80.33527,25.3387],[-80.36166,25.32743],[-80.37412,25.31735],[-80.37706,25.30219],[-80.36591,25.28538],[-80.33832,25.29009],[-80.29019,25.31932],[-80.27179,25.34844],[-80.24958,25.39494],[-80.22947,25.40419],[-80.21496,25.43009],[-80.1899,25.49211],[-80.18984,25.50379],[-80.18239,25.50778],[-80.17553,25.5037],[-80.17394,25.48908],[-80.20383,25.4145],[-80.3274,25.22381],[-80.35818,25.15323],[-80.40708,25.10435],[-80.44884,25.07338],[-80.49249,25.02734],[-80.57153,24.95373],[-80.65633,24.89744],[-80.66453,24.90138],[-80.66437,24.9105],[-80.54476,25.01215],[-80.49674,25.04701],[-80.46883,25.09203],[-80.46134,25.13249],[-80.46112,25.16178],[-80.44292,25.18928],[-80.46455,25.20907],[-80.49539,25.19981],[-80.51454,25.21918],[-80.52163,25.22154],[-80.54239,25.20638],[-80.60977,25.20036],[-80.63889,25.19068],[-80.66403,25.18726],[-80.67762,25.16935],[-80.7031,25.15356],[-80.71304,25.1522],[-80.72441,25.16634],[-80.7435,25.16398],[-80.74393,25.1498],[-80.74775,25.14744],[-80.78512,25.16893],[-80.79458,25.18237],[-80.81213,25.18604],[-80.82227,25.17424],[-80.84894,25.17828],[-80.87546,25.17432],[-80.90007,25.16203],[-80.90058,25.13967],[-80.91592,25.1413],[-80.94322,25.13444],[-80.97177,25.13396],[-80.99918,25.12422],[-81.02299,25.12939],[-81.05051,25.12827],[-81.07986,25.1188],[-81.09452,25.12705],[-81.12062,25.1523],[-81.13357,25.1563],[-81.14102,25.16387],[-81.14228,25.183],[-81.14674,25.19314],[-81.15548,25.2081],[-81.17204,25.22228],[-81.17091,25.24586],[-81.16207,25.28983],[-81.15929,25.29859],[-81.1523,25.30554],[-81.14892,25.31807],[-81.15192,25.32477],[-81.1401,25.34112],[-81.13391,25.343],[-81.12141,25.33875],[-81.11727,25.35495],[-81.12849,25.38051],[-81.1414,25.38136],[-81.15051,25.38725],[-81.15066,25.39921],[-81.14677,25.40758],[-81.16865,25.46385],[-81.19192,25.48475],[-81.2082,25.50494],[-81.21015,25.51689],[-81.20318,25.53416],[-81.20932,25.54861],[-81.22556,25.55847],[-81.2327,25.57337],[-81.23305,25.58659],[-81.24052,25.59904],[-81.27149,25.61434],[-81.27282,25.63796],[-81.28942,25.65796],[-81.29033,25.68751],[-81.3119,25.70291],[-81.35056,25.68983],[-81.35599,25.70353],[-81.35525,25.72873],[-81.38226,25.74947],[-81.38381,25.77675],[-81.41438,25.78353],[-81.42399,25.79372],[-81.46849,25.80332],[-81.47224,25.81693],[-81.51498,25.83864],[-81.54789,25.84961],[-81.58248,25.87671],[-81.61473,25.89398],[-81.64455,25.89795],[-81.65449,25.89358],[-81.66382,25.88561],[-81.67829,25.8453],[-81.68954,25.85271],[-81.71317,25.89757],[-81.72782,25.90783],[-81.73195,25.93151],[-81.74558,25.94964],[-81.74972,25.96046],[-81.74783,25.99427],[-81.76244,26.00607],[-81.80166,26.08823],[-81.80883,26.15225],[-81.81461,26.17317],[-81.82067,26.23673],[-81.83314,26.29452],[-81.84455,26.32771],[-81.86898,26.37865],[-81.90191,26.41086],[-81.90271,26.41616],[-81.91171,26.42716],[-81.92361,26.43666],[-81.96421,26.45796],[-81.96951,26.4765],[-81.99701,26.48486],[-82.00896,26.48405],[-82.01368,26.49083],[-82.00908,26.5052],[-82.0153,26.52884],[-82.04014,26.52528],[-82.0478,26.53837],[-82.05991,26.54297],[-82.06674,26.53679],[-82.06382,26.51235],[-82.05758,26.49779],[-82.05892,26.49336],[-82.09889,26.48394],[-82.10697,26.48678],[-82.112,26.54085],[-82.13787,26.63744],[-82.14994,26.65412],[-82.18157,26.68171],[-82.17984,26.69666],[-82.17352,26.70184],[-82.13902,26.70299],[-82.12579,26.69954],[-82.10625,26.66734],[-82.09992,26.66274],[-82.09302,26.66561],[-82.0867,26.68516],[-82.08497,26.70241],[-82.06658,26.74266],[-82.0614,26.78923],[-82.05508,26.80245],[-82.0591,26.87662],[-82.06658,26.88237],[-82.09072,26.88869],[-82.09302,26.90652],[-82.09015,26.92319],[-82.08325,26.92779],[-82.06772,26.92779],[-82.06198,26.93124],[-82.06313,26.95021],[-82.07635,26.95826],[-82.10797,26.95769],[-82.11717,26.95424],[-82.13729,26.92607],[-82.16202,26.92549],[-82.16949,26.92319],[-82.17524,26.91687],[-82.17294,26.89732],[-82.15627,26.8519],[-82.14707,26.7898],[-82.15109,26.78348],[-82.17294,26.77888],[-82.17869,26.77256],[-82.20886,26.76716],[-82.22743,26.77114],[-82.24358,26.7676],[-82.24989,26.76295],[-82.25347,26.71942],[-82.26167,26.71719],[-82.26836,26.72122],[-82.2656,26.76099],[-82.2695,26.78467],[-82.28909,26.82778],[-82.35165,26.90838],[-82.44572,27.06063],[-82.46032,27.09993],[-82.46889,27.11361],[-82.47702,27.14123],[-82.53972,27.25433],[-82.56975,27.27945],[-82.56925,27.29859],[-82.59763,27.33575],[-82.62386,27.36221],[-82.64282,27.38972],[-82.67512,27.42432],[-82.69182,27.43722],[-82.691,27.44433],[-82.71452,27.50042],[-82.74302,27.53109],[-82.74575,27.53883],[-82.70812,27.52351],[-82.70303,27.49795],[-82.68642,27.49722],[-82.68692,27.50802],[-82.68362,27.51311],[-82.67462,27.51961],[-82.65072,27.52312],[-82.63205,27.55191],[-82.61202,27.57123],[-82.61172,27.58528],[-82.59649,27.59405],[-82.58463,27.59602],[-82.57061,27.60888],[-82.56567,27.61571],[-82.55854,27.63868],[-82.51426,27.70559],[-82.49489,27.71896],[-82.47764,27.723],[-82.47713,27.73522],[-82.4823,27.74265],[-82.43464,27.76435],[-82.43198,27.76809],[-82.43398,27.77409],[-82.41907,27.79377],[-82.4184,27.80319],[-82.41084,27.81087],[-82.40286,27.81267],[-82.39338,27.83752],[-82.40261,27.8826],[-82.41392,27.9014],[-82.43232,27.9013],[-82.45958,27.90994],[-82.46197,27.91441],[-82.4597,27.93167],[-82.46247,27.93648],[-82.46891,27.93647],[-82.48912,27.92105],[-82.4915,27.91549],[-82.48742,27.895],[-82.48806,27.86357],[-82.46884,27.8433],[-82.47244,27.82256],[-82.48985,27.82261],[-82.51119,27.82802],[-82.55395,27.84846],[-82.55292,27.8627],[-82.53862,27.8649],[-82.52992,27.8775],[-82.54282,27.8906],[-82.53132,27.9039],[-82.53372,27.933],[-82.55392,27.967],[-82.576,27.96942],[-82.62569,28.0001],[-82.64111,28.01677],[-82.66963,28.03041],[-82.69007,28.02747],[-82.67924,28.00002],[-82.69268,27.98382],[-82.70611,27.95986],[-82.72052,27.9558],[-82.72412,27.9481],[-82.72012,27.9364],[-82.68512,27.9163],[-82.63422,27.9037],[-82.63212,27.8911],[-82.61002,27.8735],[-82.59844,27.85758],[-82.59482,27.8434],[-82.58932,27.8357],[-82.58652,27.8167],[-82.60742,27.7989],[-82.62272,27.77987],[-82.63052,27.7539],[-82.62572,27.72701],[-82.63982,27.70391],[-82.65252,27.70031],[-82.67732,27.70621],[-82.67925,27.69467],[-82.69375,27.70022],[-82.71363,27.69866],[-82.71882,27.69201],[-82.72302,27.67121],[-82.72162,27.66391],[-82.71632,27.65141],[-82.69966,27.63477],[-82.70497,27.62479],[-82.73215,27.61345],[-82.73699,27.61691],[-82.73605,27.62517],[-82.74403,27.63758],[-82.73847,27.6785],[-82.73802,27.70681],[-82.74622,27.73131],[-82.76092,27.7452],[-82.77002,27.7679],[-82.78312,27.7838],[-82.82856,27.82225],[-82.84653,27.8543],[-82.85113,27.8863],[-82.84088,27.93716],[-82.83139,27.96212],[-82.82271,28.0486],[-82.83639,28.06418],[-82.84082,28.08391],[-82.83597,28.08892],[-82.82788,28.08737],[-82.81938,28.06398],[-82.79564,28.05399],[-82.78352,28.06006],[-82.78132,28.12759],[-82.79072,28.15249],[-82.80847,28.1548],[-82.8051,28.17218],[-82.79776,28.18779],[-82.76264,28.21901],[-82.7641,28.24434],[-82.75907,28.25402],[-82.74619,28.26119],[-82.73279,28.29193],[-82.73546,28.30039],[-82.73146,28.32507],[-82.71582,28.3455],[-82.70611,28.36806],[-82.70632,28.40132],[-82.69743,28.42017],[-82.68414,28.42802],[-82.67479,28.44196],[-82.6804,28.45719],[-82.67241,28.46475],[-82.66505,28.48443],[-82.66639,28.49733],[-82.67015,28.50077],[-82.66942,28.51988],[-82.66804,28.5282],[-82.6637,28.53019],[-82.65669,28.54481],[-82.66173,28.54974],[-82.66165,28.55414],[-82.65414,28.59084],[-82.66406,28.60658],[-82.67467,28.64759],[-82.66872,28.69566],[-82.71237,28.72092],[-82.69828,28.75701],[-82.73024,28.85016],[-82.68886,28.90561],[-82.70262,28.93295],[-82.70879,28.93598],[-82.72386,28.95351],[-82.73575,28.97371],[-82.73787,28.9957],[-82.76055,28.99309],[-82.76405,28.99971],[-82.75351,29.0265],[-82.7597,29.05419],[-82.78333,29.06462],[-82.78056,29.07358],[-82.81692,29.07622],[-82.82366,29.0989],[-82.80117,29.1051],[-82.79912,29.11065],[-82.8057,29.12985],[-82.80474,29.14662],[-82.82707,29.15843],[-82.85818,29.16228],[-82.88721,29.16174],[-82.92261,29.16977],[-82.9453,29.16782],[-82.97468,29.17091],[-82.99165,29.18066],[-83.01821,29.15142],[-83.01907,29.14132],[-83.03045,29.13402],[-83.05321,29.13084],[-83.05687,29.14626],[-83.06825,29.15313],[-83.06116,29.17611],[-83.06524,29.18449],[-83.07899,29.19694],[-83.08784,29.21642],[-83.07473,29.24798],[-83.07726,29.25533],[-83.08901,29.2665],[-83.10748,29.26889],[-83.12803,29.28273],[-83.14644,29.28919],[-83.16073,29.28661],[-83.16958,29.29036],[-83.17826,29.32792],[-83.17552,29.34469],[-83.2007,29.37385],[-83.20245,29.39442],[-83.21807,29.42049],[-83.24051,29.43318],[-83.26396,29.43581],[-83.27202,29.43226],[-83.29475,29.43792],[-83.30709,29.45965],[-83.31155,29.47567],[-83.33113,29.47559],[-83.35007,29.48936],[-83.35672,29.4999],[-83.37029,29.4999],[-83.37925,29.50356],[-83.38397,29.513],[-83.40025,29.51724],[-83.40526,29.57832],[-83.40507,29.59557],[-83.39948,29.61296],[-83.40408,29.6408],[-83.41277,29.66849],[-83.43626,29.67739],[-83.45536,29.67644],[-83.48314,29.69048],[-83.48357,29.69854],[-83.49373,29.70839],[-83.53764,29.72306],[-83.55499,29.7426],[-83.56602,29.76143],[-83.57895,29.76838],[-83.58472,29.77608],[-83.58609,29.78464],[-83.5819,29.79206],[-83.5859,29.81175],[-83.59549,29.82798],[-83.61857,29.84234],[-83.63798,29.88607],[-83.65995,29.89952],[-83.67922,29.91851],[-83.78873,29.97698],[-83.82869,29.98319],[-83.84543,29.99807],[-83.93151,30.03907],[-83.93343,30.04631],[-83.99161,30.08392],[-84.00072,30.09621],[-84.02427,30.10327],[-84.06299,30.10138],[-84.08306,30.09229],[-84.10273,30.09361],[-84.11384,30.08548],[-84.12489,30.0906],[-84.15728,30.07271],[-84.16788,30.07142],[-84.17915,30.07319],[-84.19853,30.08794],[-84.20801,30.08478],[-84.23701,30.08556],[-84.24567,30.09302],[-84.24749,30.10114],[-84.25644,30.10379],[-84.26936,30.09766],[-84.27251,30.09236],[-84.274,30.08308],[-84.27079,30.06809],[-84.27717,30.06026],[-84.29784,30.05745],[-84.33713,30.03235],[-84.36611,30.00866],[-84.35999,29.98474],[-84.3477,29.98412],[-84.34304,29.9751],[-84.33943,29.94601],[-84.33651,29.94251],[-84.33375,29.92372],[-84.33595,29.91296],[-84.34339,29.89954],[-84.34907,29.89681],[-84.37894,29.89311],[-84.40496,29.90123],[-84.42383,29.903],[-84.43429,29.90633],[-84.44365,29.91379],[-84.45171,29.92909],[-84.49456,29.91396],[-84.512,29.91657],[-84.53587,29.91009],[-84.6033,29.87612],[-84.64796,29.8471],[-84.65645,29.83428],[-84.66973,29.82891],[-84.68393,29.83133],[-84.69205,29.82906],[-84.75559,29.78854],[-84.763,29.78885],[-84.8242,29.75829],[-84.83717,29.75593],[-84.86827,29.74245],[-84.88178,29.73388],[-84.88803,29.72241],[-84.89249,29.72266],[-84.90178,29.73572],[-84.87711,29.77289],[-84.89399,29.78518],[-84.90413,29.78628],[-84.91511,29.7833],[-84.93837,29.75021],[-84.9466,29.74503],[-84.96401,29.74242],[-84.96884,29.72708],[-84.99326,29.71496],[-85.03721,29.71107],[-85.07212,29.71903],[-85.10168,29.71875],[-85.13598,29.71218],[-85.145,29.70276],[-85.13394,29.69139],[-85.10041,29.68469],[-85.07431,29.67398],[-85.07163,29.632],[-85.01364,29.61351],[-84.90153,29.66788],[-84.8027,29.69898],[-84.70172,29.77038],[-84.69374,29.76785],[-84.69246,29.75923],[-84.77695,29.69219],[-84.87673,29.65576],[-84.94159,29.62111],[-84.98371,29.60424],[-85.0494,29.58695],[-85.08423,29.61516],[-85.14101,29.63404],[-85.17055,29.65557],[-85.22201,29.67798],[-85.29074,29.68408],[-85.31921,29.68149],[-85.34362,29.672],[-85.34771,29.66719],[-85.3564,29.66912],[-85.36942,29.68105],[-85.40318,29.73672],[-85.422,29.82759],[-85.4147,29.8551],[-85.40694,29.86797],[-85.39753,29.86818],[-85.39371,29.86266],[-85.40197,29.83179],[-85.40247,29.8029],[-85.37576,29.72199],[-85.35839,29.69334],[-85.34175,29.68818],[-85.32341,29.69783],[-85.306,29.7252],[-85.30236,29.80938],[-85.31119,29.81566],[-85.31455,29.82228],[-85.31143,29.83235],[-85.32205,29.84467],[-85.3339,29.84744],[-85.33978,29.85445],[-85.36373,29.89891],[-85.40505,29.93849],[-85.42596,29.94989],[-85.46049,29.95958],[-85.46943,29.95779],[-85.48776,29.96123],[-85.50915,29.97147],[-85.54118,29.99579],[-85.57191,30.02644],[-85.58139,30.03778],[-85.58824,30.05554],[-85.60118,30.05634],[-85.69681,30.09689],[-85.73005,30.11815],[-85.77541,30.15629],[-85.9226,30.23802],[-85.99994,30.27078],[-86.08996,30.30357],[-86.22256,30.34359],[-86.2987,30.36305],[-86.41208,30.38035],[-86.47085,30.3839],[-86.50615,30.3823],[-86.52907,30.3869],[-86.63295,30.3963],[-86.75091,30.39188],[-86.90968,30.37242],[-87.20625,30.32094],[-87.26783,30.31548],[-87.29542,30.3235],[-87.41986,30.29713],[-87.51832,30.28044],[-87.51838,30.2839],[-87.50941,30.29219],[-87.4669,30.30226],[-87.46414,30.3118],[-87.48567,30.30894],[-87.49285,30.3118],[-87.49616,30.31799],[-87.49064,30.32323],[-87.46298,30.334],[-87.45228,30.3441],[-87.45138,30.3672],[-87.43868,30.38079],[-87.44068,30.39149],[-87.42958,30.40649],[-87.42268,30.41009],[-87.40349,30.41019],[-87.39568,30.41759],[-87.37118,30.43049],[-87.3666,30.43664],[-87.37078,30.44686],[-87.39989,30.45099],[-87.42509,30.46559],[-87.43559,30.48049],[-87.43119,30.49579],[-87.4397,30.50664],[-87.44771,30.51045],[-87.44495,30.51493],[-87.44659,30.52706],[-87.43545,30.54913],[-87.4279,30.55415],[-87.42605,30.56006],[-87.41866,30.56182],[-87.41836,30.57003],[-87.41272,30.57322],[-87.40875,30.58369],[-87.40657,30.59991],[-87.39732,30.60871],[-87.3936,30.63087],[-87.39619,30.65044],[-87.40589,30.6666],[-87.40697,30.67515],[-87.41954,30.67996],[-87.43038,30.68863],[-87.43982,30.69046],[-87.45141,30.69979],[-87.45696,30.69754],[-87.46635,30.70082],[-87.48123,30.71649],[-87.50233,30.72157],[-87.51174,30.73351],[-87.53262,30.74347],[-87.53654,30.76136],[-87.54617,30.772],[-87.54505,30.77864],[-87.57205,30.80051],[-87.58188,30.81238],[-87.60049,30.8206],[-87.60578,30.83128],[-87.61593,30.83467],[-87.61729,30.84033],[-87.62733,30.84793],[-87.62623,30.8571],[-87.63484,30.86611]]]]}},{"type":"Feature","id":13,"properties":{"code":"GA","name":"Georgia"},"geometry":{"type":"Polygon","coordinates":[[[-85.60516,34.98468],[-85.38497,34.98299],[-84.62148,34.98833],[-83.61998,34.98659],[-83.62019,34.99209],[-83.10861,35.00066],[-83.1046,34.99278],[-83.10699,34.98272],[-83.12039,34.96841],[-83.12114,34.95897],[-83.12704,34.95378],[-83.12111,34.93913],[-83.12949,34.9374],[-83.13055,34.93093],[-83.14062,34.92491],[-83.15325,34.92634],[-83.16094,34.91827],[-83.16852,34.91788],[-83.18654,34.89953],[-83.20335,34.89372],[-83.20118,34.88465],[-83.20563,34.88014],[-83.21332,34.8828],[-83.2201,34.87812],[-83.22924,34.87991],[-83.23751,34.87706],[-83.23842,34.86977],[-83.2456,34.86552],[-83.2546,34.8464],[-83.26766,34.84529],[-83.26998,34.8372],[-83.26729,34.83275],[-83.26816,34.82139],[-83.27566,34.81686],[-83.28991,34.82448],[-83.29429,34.81473],[-83.30297,34.81221],[-83.30118,34.80401],[-83.31378,34.79991],[-83.32387,34.78971],[-83.32006,34.75962],[-83.33867,34.74229],[-83.34883,34.73719],[-83.35324,34.72865],[-83.35249,34.71599],[-83.34772,34.70547],[-83.34998,34.69915],[-83.34038,34.689],[-83.33869,34.682],[-83.32146,34.67754],[-83.3164,34.66932],[-83.30464,34.66956],[-83.29288,34.6542],[-83.27198,34.6419],[-83.25528,34.6377],[-83.24067,34.62451],[-83.24338,34.618],[-83.23178,34.6113],[-83.16999,34.60544],[-83.17028,34.5924],[-83.15458,34.5882],[-83.15258,34.5783],[-83.12968,34.5617],[-83.1229,34.56013],[-83.10399,34.54017],[-83.10218,34.53218],[-83.08779,34.53208],[-83.07811,34.52484],[-83.08719,34.51594],[-83.06945,34.50213],[-83.05446,34.50289],[-83.04377,34.48882],[-83.03471,34.48349],[-83.02931,34.48415],[-83.00292,34.47213],[-82.99509,34.47248],[-82.99267,34.47907],[-82.97957,34.4827],[-82.96067,34.482],[-82.95467,34.4773],[-82.94087,34.4861],[-82.92287,34.4814],[-82.90266,34.4859],[-82.87686,34.4753],[-82.87383,34.47151],[-82.87546,34.4635],[-82.86071,34.45743],[-82.85443,34.43227],[-82.84865,34.42384],[-82.84152,34.39013],[-82.83661,34.38268],[-82.835,34.36607],[-82.79405,34.33977],[-82.78684,34.31038],[-82.78031,34.2967],[-82.77093,34.2854],[-82.75503,34.27607],[-82.74666,34.26641],[-82.74876,34.26341],[-82.74406,34.25241],[-82.74192,34.21006],[-82.73276,34.19534],[-82.73188,34.17836],[-82.71751,34.1505],[-82.70414,34.14101],[-82.69215,34.13899],[-82.67732,34.13166],[-82.65908,34.10354],[-82.64155,34.09221],[-82.64034,34.0863],[-82.64566,34.07605],[-82.64398,34.07224],[-82.63599,34.06494],[-82.62696,34.06346],[-82.60966,34.03992],[-82.59455,34.02872],[-82.59565,34.01612],[-82.58925,34.00012],[-82.57554,33.99205],[-82.58,33.98701],[-82.57958,33.97976],[-82.56829,33.96877],[-82.56458,33.95581],[-82.55684,33.94535],[-82.54313,33.94095],[-82.52451,33.94336],[-82.50764,33.93146],[-82.49293,33.90975],[-82.45511,33.88165],[-82.4228,33.86375],[-82.40388,33.86548],[-82.37177,33.84381],[-82.34693,33.8343],[-82.32448,33.82003],[-82.30021,33.80063],[-82.29829,33.78352],[-82.2858,33.78006],[-82.24747,33.75259],[-82.2391,33.73087],[-82.23458,33.70022],[-82.20072,33.66464],[-82.20119,33.6469],[-82.19658,33.63058],[-82.18615,33.62088],[-82.17435,33.61312],[-82.15629,33.60863],[-82.14287,33.59428],[-82.12908,33.58993],[-82.11655,33.59649],[-82.10624,33.59564],[-82.09413,33.58274],[-82.0731,33.57751],[-82.05773,33.56677],[-82.04633,33.56383],[-82.03302,33.54645],[-82.01154,33.53173],[-82.00764,33.52334],[-82.00134,33.52014],[-81.99194,33.50444],[-81.99094,33.49424],[-81.98594,33.48654],[-81.93414,33.46834],[-81.92634,33.46294],[-81.91336,33.43742],[-81.92679,33.42658],[-81.92489,33.41931],[-81.91933,33.41561],[-81.92012,33.41075],[-81.93696,33.4042],[-81.93086,33.38008],[-81.92484,33.37414],[-81.93063,33.36816],[-81.93964,33.37254],[-81.94634,33.37064],[-81.94474,33.36404],[-81.93484,33.35604],[-81.93974,33.34494],[-81.92474,33.34534],[-81.91797,33.34159],[-81.91914,33.33444],[-81.90928,33.32418],[-81.9003,33.33112],[-81.89694,33.32764],[-81.89733,33.32233],[-81.88664,33.31694],[-81.88414,33.31044],[-81.87584,33.30744],[-81.86794,33.31404],[-81.8473,33.30678],[-81.84614,33.30384],[-81.84964,33.29954],[-81.86154,33.29794],[-81.86324,33.28884],[-81.83826,33.27298],[-81.84008,33.26704],[-81.84734,33.26635],[-81.85214,33.24754],[-81.82794,33.22875],[-81.80964,33.22265],[-81.80524,33.21145],[-81.78454,33.20815],[-81.77754,33.21135],[-81.78014,33.22115],[-81.76893,33.21745],[-81.76354,33.20365],[-81.75693,33.19785],[-81.76063,33.18925],[-81.76574,33.18795],[-81.77244,33.18045],[-81.76314,33.15945],[-81.74384,33.14145],[-81.70463,33.11645],[-81.68353,33.11265],[-81.65843,33.10315],[-81.64643,33.09455],[-81.61272,33.09395],[-81.60948,33.08986],[-81.60984,33.08216],[-81.60165,33.08469],[-81.59816,33.08108],[-81.59925,33.07181],[-81.58854,33.07085],[-81.57288,33.05418],[-81.5605,33.05521],[-81.55701,33.0451],[-81.54426,33.04691],[-81.53879,33.03919],[-81.51125,33.02779],[-81.50203,33.01511],[-81.49225,33.00934],[-81.49474,32.979],[-81.49983,32.96382],[-81.50645,32.96242],[-81.50844,32.95835],[-81.50705,32.95119],[-81.49945,32.94499],[-81.50243,32.93535],[-81.4832,32.9218],[-81.47918,32.90564],[-81.46407,32.89781],[-81.4771,32.88747],[-81.47944,32.88108],[-81.47592,32.87764],[-81.45392,32.87407],[-81.45135,32.86858],[-81.45598,32.85411],[-81.45395,32.84976],[-81.4512,32.84792],[-81.4436,32.85063],[-81.42647,32.84077],[-81.42161,32.83518],[-81.41798,32.8182],[-81.42377,32.81051],[-81.425,32.79033],[-81.42902,32.78551],[-81.42113,32.77804],[-81.4262,32.76832],[-81.41761,32.76268],[-81.4162,32.75043],[-81.41028,32.74465],[-81.41854,32.73259],[-81.42119,32.71198],[-81.42752,32.7019],[-81.4131,32.69265],[-81.40831,32.69491],[-81.40103,32.67749],[-81.40719,32.66052],[-81.40527,32.65652],[-81.39831,32.65631],[-81.39303,32.65154],[-81.40511,32.64269],[-81.40285,32.63621],[-81.40727,32.63174],[-81.41026,32.63139],[-81.41476,32.63744],[-81.41843,32.6347],[-81.41866,32.62939],[-81.41191,32.61841],[-81.38934,32.59544],[-81.37922,32.58902],[-81.36976,32.59123],[-81.36696,32.57706],[-81.32875,32.56123],[-81.32059,32.55953],[-81.29796,32.56303],[-81.28132,32.55646],[-81.27493,32.54416],[-81.27713,32.53542],[-81.25288,32.51833],[-81.23466,32.51627],[-81.23873,32.5089],[-81.23359,32.49849],[-81.20003,32.46798],[-81.18683,32.46409],[-81.19263,32.45629],[-81.20236,32.45045],[-81.20159,32.44136],[-81.20843,32.43599],[-81.20513,32.42379],[-81.17723,32.39169],[-81.18107,32.3804],[-81.16933,32.36944],[-81.17013,32.36132],[-81.15503,32.35009],[-81.15443,32.34609],[-81.14253,32.35089],[-81.13363,32.34129],[-81.13303,32.33479],[-81.13763,32.32819],[-81.12233,32.30539],[-81.11963,32.2876],[-81.12803,32.2763],[-81.13653,32.2727],[-81.14583,32.2634],[-81.15659,32.24391],[-81.14314,32.22173],[-81.12315,32.20133],[-81.11823,32.1892],[-81.11943,32.1754],[-81.12963,32.1656],[-81.12203,32.1618],[-81.11723,32.1176],[-81.11113,32.11201],[-81.0915,32.11078],[-81.08823,32.10395],[-81.06691,32.09035],[-81.05023,32.08531],[-81.03267,32.08545],[-81.01196,32.10018],[-81.0023,32.10005],[-80.99433,32.09461],[-80.98313,32.07961],[-80.95448,32.06862],[-80.92279,32.03915],[-80.89193,32.03388],[-80.87981,32.01937],[-80.86721,32.01882],[-80.85228,32.02668],[-80.84313,32.02423],[-80.84191,32.00264],[-80.84844,31.98828],[-80.86281,31.96935],[-80.91121,31.94377],[-80.9291,31.94496],[-80.93028,31.9567],[-80.94849,31.95723],[-80.97239,31.94127],[-80.97571,31.9236],[-80.96849,31.91582],[-80.95447,31.91177],[-80.94136,31.91298],[-80.93451,31.90918],[-80.99269,31.85764],[-81.00032,31.85674],[-81.01448,31.86747],[-81.04155,31.8762],[-81.06525,31.8771],[-81.0586,31.85781],[-81.05907,31.85011],[-81.07618,31.83613],[-81.07581,31.82903],[-81.05718,31.82269],[-81.04794,31.82488],[-81.03981,31.823],[-81.03687,31.81272],[-81.04735,31.80287],[-81.06812,31.76873],[-81.07706,31.76126],[-81.0974,31.75313],[-81.13063,31.72269],[-81.13845,31.72093],[-81.16067,31.72814],[-81.19278,31.73325],[-81.20357,31.71945],[-81.1863,31.70151],[-81.16108,31.6914],[-81.14937,31.6993],[-81.13939,31.69992],[-81.13114,31.69577],[-81.13641,31.67483],[-81.13173,31.65448],[-81.13349,31.62335],[-81.16036,31.57044],[-81.17308,31.55591],[-81.17882,31.55553],[-81.18611,31.56803],[-81.20431,31.56818],[-81.21454,31.5576],[-81.2407,31.55231],[-81.25422,31.55594],[-81.26008,31.54828],[-81.2639,31.53258],[-81.25881,31.52906],[-81.21795,31.52728],[-81.19952,31.5376],[-81.18159,31.5277],[-81.17725,31.51707],[-81.18964,31.50359],[-81.20488,31.47312],[-81.24691,31.42278],[-81.2788,31.36721],[-81.28292,31.32649],[-81.26803,31.32422],[-81.25482,31.31545],[-81.26096,31.30391],[-81.27469,31.28945],[-81.27686,31.25473],[-81.28914,31.22549],[-81.2884,31.21107],[-81.29336,31.20633],[-81.31418,31.20794],[-81.33903,31.18692],[-81.35488,31.1672],[-81.36079,31.1559],[-81.35935,31.14917],[-81.36824,31.13653],[-81.39968,31.13411],[-81.40373,31.10712],[-81.40127,31.07278],[-81.42047,31.0167],[-81.43247,31.01299],[-81.43492,31.0178],[-81.45144,31.01552],[-81.4693,30.99603],[-81.49059,30.98495],[-81.49365,30.97753],[-81.48697,30.9696],[-81.47579,30.96598],[-81.46681,30.97091],[-81.45357,30.96557],[-81.44739,30.95673],[-81.42693,30.95661],[-81.42011,30.97408],[-81.40848,30.97772],[-81.40341,30.95791],[-81.40515,30.9082],[-81.42858,30.83634],[-81.44693,30.81039],[-81.46006,30.76991],[-81.45947,30.74198],[-81.44938,30.7156],[-81.44412,30.70971],[-81.4726,30.71331],[-81.48733,30.72608],[-81.53053,30.72286],[-81.54093,30.71334],[-81.55257,30.71697],[-81.56171,30.7156],[-81.57142,30.72164],[-81.60121,30.72814],[-81.6095,30.7207],[-81.61767,30.72205],[-81.62511,30.73302],[-81.64614,30.72759],[-81.65178,30.73228],[-81.65213,30.74244],[-81.66218,30.74652],[-81.66734,30.74566],[-81.67283,30.73894],[-81.68893,30.74143],[-81.69479,30.74842],[-81.71994,30.74463],[-81.73224,30.74964],[-81.74632,30.76589],[-81.76338,30.77382],[-81.77918,30.76806],[-81.79278,30.78443],[-81.80667,30.78968],[-81.84039,30.78639],[-81.85264,30.79444],[-81.86862,30.79276],[-81.89574,30.8211],[-81.91094,30.81589],[-81.93467,30.82043],[-81.9384,30.82575],[-81.94981,30.8275],[-81.96219,30.818],[-81.96255,30.79653],[-81.97388,30.77849],[-81.98129,30.77677],[-82.00789,30.79294],[-82.02289,30.78799],[-82.02406,30.78316],[-82.01162,30.76312],[-82.01794,30.75526],[-82.03899,30.74926],[-82.04382,30.72964],[-82.03759,30.71864],[-82.03645,30.70658],[-82.05045,30.67626],[-82.04953,30.65554],[-82.04229,30.64945],[-82.03996,30.63714],[-82.02852,30.62182],[-82.02736,30.60672],[-82.01573,30.6017],[-82.0055,30.56349],[-82.01324,30.55008],[-82.01838,30.53118],[-82.01479,30.513],[-82.0178,30.47507],[-82.02375,30.46728],[-82.02823,30.44739],[-82.03723,30.43451],[-82.03402,30.42234],[-82.03999,30.41427],[-82.04201,30.40325],[-82.03589,30.38527],[-82.03684,30.37787],[-82.04794,30.36325],[-82.06006,30.36031],[-82.09471,30.36077],[-82.10486,30.3683],[-82.14331,30.36338],[-82.16178,30.35784],[-82.17153,30.35985],[-82.18382,30.3737],[-82.19297,30.37877],[-82.20418,30.40132],[-82.21032,30.42458],[-82.2099,30.43281],[-82.204,30.44449],[-82.20773,30.46049],[-82.20096,30.47443],[-82.20144,30.48515],[-82.22696,30.51027],[-82.23585,30.53718],[-82.23194,30.55626],[-82.21487,30.56858],[-83.49995,30.64566],[-84.25,30.68414],[-84.86469,30.71154],[-84.86988,30.72189],[-84.88395,30.73258],[-84.88765,30.74178],[-84.89625,30.75058],[-84.91365,30.75228],[-84.91515,30.76118],[-84.92025,30.76598],[-84.91815,30.77808],[-84.92845,30.79308],[-84.92845,30.80508],[-84.93617,30.82067],[-84.93428,30.83403],[-84.92846,30.84253],[-84.93538,30.85432],[-84.93412,30.86329],[-84.93853,30.87304],[-84.93554,30.88248],[-84.96685,30.91728],[-84.97116,30.92818],[-84.98326,30.93478],[-84.97976,30.95468],[-84.98266,30.96559],[-85.00524,30.9747],[-85.0015,31.00504],[-85.01139,31.05355],[-85.0266,31.08096],[-85.03562,31.10819],[-85.05287,31.11949],[-85.07663,31.15693],[-85.09341,31.16233],[-85.10752,31.18645],[-85.09977,31.20975],[-85.09884,31.23252],[-85.11455,31.2763],[-85.08977,31.29503],[-85.08666,31.33999],[-85.09249,31.36288],[-85.07758,31.39812],[-85.07998,31.41047],[-85.06601,31.43136],[-85.07162,31.46838],[-85.04499,31.51823],[-85.04188,31.54468],[-85.05796,31.57084],[-85.06216,31.62291],[-85.08273,31.64977],[-85.12553,31.69496],[-85.11893,31.73266],[-85.13653,31.78896],[-85.13123,31.81526],[-85.14183,31.83926],[-85.12984,31.88351],[-85.08213,31.94466],[-85.05382,32.0135],[-85.04706,32.08739],[-85.05875,32.13602],[-85.01127,32.18049],[-84.96173,32.19865],[-84.96463,32.20355],[-84.97933,32.20725],[-84.96743,32.21935],[-84.92503,32.22215],[-84.91403,32.24875],[-84.88943,32.26194],[-84.9338,32.29826],[-85.00187,32.32202],[-85.0081,32.33668],[-84.98347,32.36319],[-84.97517,32.41493],[-84.96343,32.42254],[-84.97183,32.44284],[-84.99533,32.45324],[-84.99523,32.47524],[-85.0071,32.52387],[-85.02251,32.54292],[-85.06766,32.58001],[-85.08974,32.6316],[-85.10534,32.64484],[-85.08853,32.65796],[-85.09354,32.66973],[-85.11474,32.68563],[-85.12274,32.71573],[-85.11425,32.73045],[-85.11855,32.74082],[-85.13888,32.76006],[-85.12219,32.77335],[-85.16794,32.81161],[-85.1535,32.84278],[-85.1844,32.86132],[-85.4295,34.1251],[-85.56142,34.75008],[-85.60516,34.98468]]]}},{"type":"Feature","id":15,"properties":{"code":"HI","name":"Hawaii"},"geometry":{"type":"MultiPolygon","coordinates":[[[[-156.05437,19.73881],[-156.04877,19.77161],[-156.0374,19.78707],[-156.00947,19.80882],[-155.97365,19.84744],[-155.94842,19.85337],[-155.93658,19.84946],[-155.92271,19.85577],[-155.92399,19.86775],[-155.90504,19.89231],[-155.89955,19.90784],[-155.88937,19.91364],[-155.88924,19.92802],[-155.86307,19.95129],[-155.853,19.96573],[-155.8313,19.97607],[-155.82301,20.02651],[-155.88188,20.10605],[-155.89534,20.14313],[-155.90363,20.19746],[-155.89866,20.23284],[-155.88788,20.25229],[-155.87113,20.26479],[-155.85051,20.2686],[-155.80784,20.25601],[-155.77904,20.24283],[-155.77038,20.24451],[-155.73348,20.21846],[-155.73117,20.20432],[-155.65219,20.16424],[-155.6344,20.14339],[-155.62382,20.14358],[-155.60534,20.13379],[-155.59563,20.121],[-155.57927,20.12007],[-155.56578,20.12748],[-155.55634,20.1285],[-155.45651,20.09754],[-155.4018,20.07449],[-155.39798,20.06922],[-155.29623,20.02277],[-155.276,20.01655],[-155.23848,19.98762],[-155.20494,19.96935],[-155.19515,19.95556],[-155.17994,19.94937],[-155.14143,19.91723],[-155.12462,19.89729],[-155.11858,19.88333],[-155.09872,19.86781],[-155.08508,19.85124],[-155.08441,19.83443],[-155.09315,19.81075],[-155.08796,19.80037],[-155.09238,19.73659],[-155.08622,19.72575],[-155.07937,19.72293],[-155.04089,19.73744],[-155.00221,19.73523],[-154.98717,19.70852],[-154.97956,19.68548],[-154.98472,19.67216],[-154.98378,19.64165],[-154.97455,19.63075],[-154.95879,19.62358],[-154.94938,19.62387],[-154.94562,19.6188],[-154.95018,19.60861],[-154.94619,19.60248],[-154.92559,19.58978],[-154.92031,19.58147],[-154.88198,19.55564],[-154.84994,19.54507],[-154.83343,19.53497],[-154.81442,19.53009],[-154.80804,19.51547],[-154.8227,19.47936],[-154.84459,19.45534],[-154.8934,19.41422],[-154.92791,19.39578],[-154.93616,19.38432],[-154.96952,19.35561],[-155.00664,19.33467],[-155.08962,19.30111],[-155.13328,19.27392],[-155.15684,19.26727],[-155.19138,19.25954],[-155.22891,19.26182],[-155.25805,19.27037],[-155.29634,19.26347],[-155.31844,19.24266],[-155.33847,19.23226],[-155.34791,19.21481],[-155.3594,19.20598],[-155.38947,19.19823],[-155.39839,19.19028],[-155.4152,19.18443],[-155.448,19.15326],[-155.48849,19.1386],[-155.5009,19.13722],[-155.51214,19.12817],[-155.51818,19.11538],[-155.52466,19.11424],[-155.54426,19.08722],[-155.5505,19.0873],[-155.55634,19.07985],[-155.55336,19.05149],[-155.55556,19.04413],[-155.56468,19.02952],[-155.57902,19.02121],[-155.58572,19.00557],[-155.59523,18.99493],[-155.59652,18.98065],[-155.60187,18.97157],[-155.61943,18.96943],[-155.63908,18.93783],[-155.67113,18.91373],[-155.67969,18.91314],[-155.6841,18.91882],[-155.6833,18.93089],[-155.69746,18.94748],[-155.72303,18.96741],[-155.75972,18.97911],[-155.79866,19.01074],[-155.8492,19.02073],[-155.87846,19.03512],[-155.88144,19.03822],[-155.88177,19.04938],[-155.8997,19.07737],[-155.90741,19.08426],[-155.91782,19.11573],[-155.91717,19.13431],[-155.91049,19.14497],[-155.91239,19.15414],[-155.90563,19.20166],[-155.89953,19.21255],[-155.90162,19.22691],[-155.89835,19.25568],[-155.89058,19.2749],[-155.88884,19.31911],[-155.88398,19.33299],[-155.89607,19.37148],[-155.89554,19.37816],[-155.91079,19.3973],[-155.90589,19.41327],[-155.92009,19.4304],[-155.92539,19.45785],[-155.92039,19.47016],[-155.92119,19.4787],[-155.92807,19.4828],[-155.93714,19.48057],[-155.9502,19.48649],[-155.9501,19.50068],[-155.96023,19.51829],[-155.95556,19.52372],[-155.95936,19.5499],[-155.96538,19.55301],[-155.96728,19.58021],[-155.97821,19.60816],[-155.99483,19.64015],[-156.00306,19.63896],[-156.01802,19.64808],[-156.02574,19.64757],[-156.03236,19.65724],[-156.03019,19.66563],[-156.02574,19.66954],[-156.02663,19.67632],[-156.0376,19.68985],[-156.04356,19.69287],[-156.048,19.70072],[-156.04895,19.7155],[-156.06109,19.72777],[-156.05437,19.73881]]],[[[-156.69979,20.52939],[-156.67448,20.55507],[-156.64812,20.56197],[-156.59928,20.59478],[-156.57597,20.60345],[-156.56624,20.60178],[-156.5527,20.59161],[-156.54213,20.577],[-156.54092,20.56945],[-156.54633,20.56521],[-156.55672,20.54328],[-156.55683,20.53639],[-156.55154,20.53355],[-156.54442,20.53634],[-156.53651,20.53351],[-156.53466,20.52534],[-156.5458,20.51515],[-156.57129,20.51553],[-156.58544,20.50821],[-156.59444,20.51993],[-156.6018,20.52047],[-156.63823,20.5088],[-156.65048,20.51272],[-156.66377,20.50313],[-156.68049,20.50643],[-156.68449,20.51319],[-156.69875,20.5236],[-156.69979,20.52939]]],[[[-156.69989,20.92063],[-156.69411,20.95271],[-156.66551,21.00705],[-156.65242,21.00899],[-156.64597,21.01442],[-156.64281,21.02758],[-156.61958,21.02779],[-156.61201,21.02477],[-156.60624,21.03437],[-156.59226,21.03288],[-156.58045,21.02017],[-156.56277,21.01617],[-156.54981,21.00494],[-156.54629,21.00508],[-156.52825,20.96776],[-156.51871,20.95466],[-156.51223,20.95128],[-156.51039,20.94036],[-156.49948,20.93458],[-156.49326,20.91601],[-156.48105,20.8982],[-156.4748,20.89455],[-156.42267,20.91163],[-156.38604,20.91956],[-156.37073,20.93267],[-156.35265,20.94141],[-156.34237,20.93874],[-156.32458,20.95018],[-156.3072,20.94274],[-156.28633,20.9477],[-156.27512,20.93736],[-156.26311,20.94089],[-156.24256,20.93784],[-156.23016,20.93194],[-156.23009,20.91786],[-156.21795,20.91657],[-156.21634,20.90704],[-156.1731,20.87693],[-156.16675,20.86565],[-156.13267,20.86137],[-156.12938,20.84751],[-156.11574,20.8273],[-156.09029,20.83187],[-156.05979,20.81054],[-156.03329,20.80825],[-156.00353,20.79555],[-156.00295,20.78942],[-155.98794,20.77655],[-155.98459,20.7675],[-155.98722,20.72272],[-156.00187,20.69806],[-156.01415,20.68568],[-156.02004,20.68686],[-156.0307,20.68245],[-156.05338,20.65432],[-156.05975,20.65204],[-156.08147,20.65439],[-156.1299,20.62752],[-156.14266,20.62361],[-156.14809,20.62907],[-156.16973,20.62736],[-156.17339,20.6241],[-156.19294,20.63177],[-156.21026,20.62852],[-156.30269,20.5862],[-156.35172,20.58697],[-156.35963,20.58198],[-156.37763,20.57843],[-156.41531,20.5861],[-156.4178,20.59868],[-156.42314,20.60208],[-156.43187,20.59814],[-156.44424,20.60794],[-156.44288,20.61384],[-156.45065,20.64221],[-156.44367,20.65602],[-156.44866,20.70474],[-156.45104,20.72547],[-156.45844,20.73668],[-156.46224,20.75395],[-156.46404,20.78167],[-156.47356,20.79076],[-156.4895,20.79834],[-156.50169,20.79993],[-156.51599,20.79423],[-156.52522,20.78082],[-156.53775,20.77841],[-156.63179,20.82124],[-156.67863,20.87054],[-156.68897,20.88867],[-156.68813,20.90632],[-156.69989,20.92063]]],[[[-157.06251,20.90439],[-157.05913,20.91341],[-157.03579,20.92708],[-156.98981,20.93213],[-156.9716,20.92625],[-156.91845,20.92255],[-156.89717,20.9154],[-156.82524,20.85073],[-156.80958,20.82604],[-156.80946,20.80917],[-156.83832,20.76458],[-156.84641,20.7602],[-156.86975,20.7547],[-156.90908,20.73953],[-156.94901,20.739],[-156.96789,20.73508],[-156.98475,20.75668],[-156.994,20.78667],[-156.98893,20.8155],[-156.99183,20.8266],[-157.01091,20.85448],[-157.05455,20.87722],[-157.05966,20.88463],[-157.06251,20.90439]]],[[[-157.31075,21.10163],[-157.29875,21.12075],[-157.28843,21.14683],[-157.27722,21.15843],[-157.26985,21.16043],[-157.25672,21.17107],[-157.2497,21.1844],[-157.25026,21.20774],[-157.26316,21.22087],[-157.25708,21.22727],[-157.24153,21.22097],[-157.21208,21.22185],[-157.20212,21.2193],[-157.19244,21.20764],[-157.18555,21.2056],[-157.1571,21.20071],[-157.14463,21.20256],[-157.11344,21.19738],[-157.09797,21.19801],[-157.06426,21.18908],[-157.03999,21.19091],[-156.99911,21.18222],[-156.98777,21.18935],[-156.98234,21.2078],[-156.98403,21.2122],[-156.974,21.2185],[-156.96285,21.21213],[-156.94616,21.17596],[-156.90347,21.16421],[-156.89817,21.16594],[-156.89654,21.17221],[-156.86794,21.16452],[-156.84159,21.16793],[-156.82194,21.17469],[-156.77149,21.18005],[-156.74223,21.17621],[-156.73834,21.17202],[-156.73665,21.16188],[-156.71939,21.16391],[-156.70911,21.15865],[-156.71243,21.14402],[-156.73934,21.11134],[-156.8022,21.06709],[-156.83318,21.05732],[-156.85775,21.05573],[-156.87714,21.0493],[-157.00052,21.07675],[-157.03205,21.09109],[-157.08066,21.10198],[-157.09558,21.10358],[-157.14906,21.09154],[-157.25253,21.08767],[-157.29884,21.09337],[-157.31075,21.10163]]],[[[-158.27768,21.57879],[-158.25442,21.58268],[-158.1907,21.58589],[-158.17,21.5823],[-158.12561,21.58674],[-158.10672,21.59658],[-158.10818,21.60749],[-158.07989,21.6281],[-158.0668,21.6437],[-158.0639,21.6584],[-158.01813,21.69995],[-157.9923,21.708],[-157.98703,21.71249],[-157.96863,21.7127],[-157.94717,21.68957],[-157.939,21.669],[-157.92459,21.65118],[-157.9238,21.6293],[-157.9108,21.61118],[-157.90057,21.60589],[-157.87735,21.57528],[-157.8786,21.56018],[-157.87253,21.55757],[-157.8669,21.5637],[-157.85614,21.56066],[-157.83694,21.52995],[-157.83737,21.51208],[-157.84958,21.5096],[-157.85262,21.49997],[-157.84549,21.46675],[-157.84099,21.45948],[-157.8163,21.4502],[-157.8139,21.4403],[-157.8059,21.4301],[-157.77804,21.41182],[-157.76309,21.43781],[-157.77892,21.4464],[-157.77221,21.45774],[-157.76457,21.46133],[-157.745,21.45353],[-157.73762,21.45909],[-157.72251,21.45922],[-157.72576,21.44997],[-157.73582,21.43842],[-157.74076,21.42405],[-157.7386,21.4043],[-157.72254,21.40304],[-157.7089,21.3833],[-157.7126,21.3689],[-157.7088,21.3534],[-157.6938,21.3329],[-157.6619,21.3131],[-157.6518,21.3139],[-157.65103,21.29882],[-157.7001,21.264],[-157.7139,21.2638],[-157.7114,21.272],[-157.71793,21.27827],[-157.73217,21.28201],[-157.765,21.2789],[-157.77994,21.26525],[-157.8096,21.2577],[-157.8211,21.2606],[-157.8319,21.2795],[-157.85105,21.28453],[-157.89,21.3065],[-157.95226,21.30653],[-157.95188,21.31874],[-157.96797,21.32799],[-157.97416,21.31958],[-157.98153,21.3159],[-158.0883,21.2988],[-158.1033,21.2979],[-158.1127,21.3019],[-158.1211,21.3169],[-158.13324,21.35921],[-158.1403,21.3738],[-158.16174,21.39628],[-158.1792,21.4043],[-158.18265,21.43007],[-158.19235,21.44804],[-158.21945,21.46978],[-158.233,21.4876],[-158.23117,21.52386],[-158.23431,21.54006],[-158.25067,21.55737],[-158.27951,21.57579],[-158.27768,21.57879]]],[[[-159.78756,22.02982],[-159.78375,22.0649],[-159.74525,22.09751],[-159.73054,22.13995],[-159.71939,22.15161],[-159.65271,22.17594],[-159.58106,22.22349],[-159.55359,22.22552],[-159.54455,22.22128],[-159.54141,22.21464],[-159.51941,22.2142],[-159.51638,22.20546],[-159.50712,22.20159],[-159.49913,22.20485],[-159.49848,22.22069],[-159.48794,22.22951],[-159.46083,22.22435],[-159.44913,22.22515],[-159.42905,22.21823],[-159.39921,22.22964],[-159.38633,22.22426],[-159.38483,22.21729],[-159.36128,22.2118],[-159.35146,22.21459],[-159.33157,22.20002],[-159.31329,22.18258],[-159.3126,22.1729],[-159.3058,22.15794],[-159.30589,22.14877],[-159.2966,22.14565],[-159.29401,22.14037],[-159.29606,22.10682],[-159.30389,22.09914],[-159.30738,22.08793],[-159.31663,22.07542],[-159.31828,22.06142],[-159.32469,22.05396],[-159.33271,22.05071],[-159.33859,22.02344],[-159.33037,21.99106],[-159.33368,21.98319],[-159.33068,21.96679],[-159.33547,21.95803],[-159.34841,21.95425],[-159.3482,21.93693],[-159.38323,21.9195],[-159.3895,21.90525],[-159.39688,21.90296],[-159.44487,21.86863],[-159.47281,21.88081],[-159.51221,21.88809],[-159.52692,21.88389],[-159.56086,21.89],[-159.58811,21.89976],[-159.60446,21.89257],[-159.63623,21.91624],[-159.66978,21.95554],[-159.70704,21.96181],[-159.7548,21.97777],[-159.76359,21.98441],[-159.77283,22.00451],[-159.78466,22.01421],[-159.78756,22.02982]]],[[[-160.24495,21.84098],[-160.23229,21.86411],[-160.22856,21.88267],[-160.2093,21.89688],[-160.18557,21.92113],[-160.16452,21.92907],[-160.16057,21.93614],[-160.13532,21.94461],[-160.12198,21.95376],[-160.10969,21.99172],[-160.08975,21.99988],[-160.07045,21.99889],[-160.055,21.99275],[-160.05041,21.98197],[-160.05486,21.97651],[-160.0623,21.97559],[-160.07557,21.95268],[-160.08303,21.92422],[-160.07683,21.89977],[-160.09419,21.88603],[-160.11965,21.87705],[-160.14761,21.87281],[-160.15971,21.8639],[-160.17508,21.84001],[-160.20252,21.78273],[-160.20824,21.78201],[-160.23258,21.79068],[-160.24386,21.81811],[-160.24495,21.84098]]]]}},{"type":"Feature","id":16,"properties":{"code":"ID","name":"Idaho"},"geometry":{"type":"Polygon","coordinates":[[[-117.24268,44.39655],[-117.22698,44.40558],[-117.21507,44.42716],[-117.21557,44.45375],[-117.22576,44.47722],[-117.22508,44.48235],[-117.20894,44.48566],[-117.20024,44.49203],[-117.18976,44.51338],[-117.18158,44.52296],[-117.16103,44.52517],[-117.14924,44.53615],[-117.14416,44.54565],[-117.14293,44.55724],[-117.14826,44.56437],[-117.12475,44.58383],[-117.12052,44.61466],[-117.11475,44.62488],[-117.10823,44.62711],[-117.09822,44.64069],[-117.09497,44.65201],[-117.09587,44.66474],[-117.08077,44.68416],[-117.07912,44.69217],[-117.0618,44.70665],[-117.06227,44.72714],[-117.03827,44.74818],[-117.0138,44.75684],[-116.9989,44.75638],[-116.9709,44.77388],[-116.9347,44.78388],[-116.9307,44.78988],[-116.9338,44.79678],[-116.9311,44.80478],[-116.9205,44.81438],[-116.89625,44.84833],[-116.86534,44.8706],[-116.85243,44.88758],[-116.83847,44.9236],[-116.83199,44.93301],[-116.85074,44.95811],[-116.85831,44.97876],[-116.84462,45.00144],[-116.84794,45.0226],[-116.84131,45.03091],[-116.82513,45.03784],[-116.79733,45.06027],[-116.78371,45.07697],[-116.78354,45.0936],[-116.77485,45.10554],[-116.75464,45.11397],[-116.72961,45.14209],[-116.7242,45.1715],[-116.70954,45.20302],[-116.70975,45.21724],[-116.70361,45.23976],[-116.69139,45.26374],[-116.67449,45.27635],[-116.67216,45.28894],[-116.67379,45.32151],[-116.61906,45.39821],[-116.59745,45.41277],[-116.58819,45.44292],[-116.56399,45.46017],[-116.55483,45.46293],[-116.5588,45.48119],[-116.55347,45.49911],[-116.52364,45.54661],[-116.50276,45.56661],[-116.48194,45.5779],[-116.46363,45.60278],[-116.4635,45.61579],[-116.46981,45.6206],[-116.48789,45.64977],[-116.52396,45.67764],[-116.5354,45.69173],[-116.53801,45.71493],[-116.5357,45.73423],[-116.54664,45.75097],[-116.55944,45.75519],[-116.593,45.77854],[-116.63203,45.78498],[-116.64634,45.77981],[-116.66534,45.782],[-116.68014,45.79359],[-116.69719,45.82014],[-116.71182,45.82627],[-116.73627,45.82618],[-116.75979,45.81617],[-116.78268,45.82538],[-116.78907,45.83347],[-116.78779,45.84427],[-116.79605,45.85847],[-116.81414,45.87755],[-116.84355,45.89227],[-116.8598,45.90726],[-116.86965,45.9238],[-116.87571,45.94501],[-116.88684,45.95862],[-116.89293,45.9744],[-116.91718,45.99657],[-116.92301,46.01829],[-116.94266,46.061],[-116.95737,46.07545],[-116.97894,46.08001],[-116.98196,46.08492],[-116.9825,46.09135],[-116.97882,46.09573],[-116.95526,46.10224],[-116.95028,46.12346],[-116.92265,46.16074],[-116.92187,46.16781],[-116.96584,46.20342],[-116.96613,46.20945],[-116.95526,46.23088],[-116.96674,46.25692],[-116.99113,46.27634],[-116.98491,46.28974],[-116.98669,46.29666],[-117.00749,46.3053],[-117.02066,46.31479],[-117.02384,46.33598],[-117.03067,46.34031],[-117.05598,46.34553],[-117.06263,46.35252],[-117.06279,46.36529],[-117.04691,46.37958],[-117.0347,46.41832],[-117.03981,46.42542],[-117.03995,47.47782],[-117.04266,47.76086],[-117.04111,48.1249],[-117.03518,48.37088],[-117.03235,48.99919],[-116.04909,49.00085],[-116.04911,47.97684],[-116.03851,47.97134],[-116.03039,47.97262],[-116.00748,47.95078],[-116.0072,47.94631],[-115.98312,47.91718],[-115.96897,47.91403],[-115.96504,47.9099],[-115.96301,47.89814],[-115.93922,47.88187],[-115.91597,47.85345],[-115.90846,47.85208],[-115.9014,47.8431],[-115.88141,47.84944],[-115.87104,47.83521],[-115.85176,47.82694],[-115.84603,47.81365],[-115.84738,47.785],[-115.84053,47.78021],[-115.83165,47.75556],[-115.82499,47.75237],[-115.80342,47.7583],[-115.79688,47.75646],[-115.78148,47.74391],[-115.78339,47.72908],[-115.77369,47.71771],[-115.75882,47.719],[-115.73065,47.7042],[-115.72277,47.69531],[-115.73616,47.65453],[-115.72986,47.64192],[-115.70793,47.63483],[-115.69444,47.62376],[-115.69284,47.59939],[-115.70504,47.58053],[-115.7307,47.56958],[-115.75514,47.55153],[-115.75238,47.54339],[-115.71681,47.53393],[-115.70589,47.5348],[-115.69592,47.52794],[-115.70988,47.52355],[-115.71079,47.51628],[-115.69331,47.50181],[-115.68543,47.4846],[-115.66729,47.48823],[-115.66002,47.47805],[-115.6346,47.48162],[-115.62949,47.47961],[-115.63935,47.4611],[-115.64901,47.45622],[-115.67323,47.45364],[-115.6819,47.45666],[-115.71809,47.4519],[-115.74756,47.44193],[-115.75922,47.42376],[-115.72107,47.42481],[-115.71308,47.41595],[-115.69829,47.41597],[-115.67533,47.4089],[-115.67366,47.4025],[-115.6573,47.40021],[-115.64241,47.37765],[-115.61714,47.38229],[-115.57699,47.3666],[-115.57643,47.35709],[-115.56555,47.35242],[-115.55621,47.35285],[-115.54891,47.34703],[-115.55047,47.33426],[-115.53978,47.32764],[-115.52875,47.30268],[-115.48038,47.28164],[-115.4687,47.28629],[-115.45293,47.27743],[-115.43099,47.27964],[-115.42063,47.27595],[-115.41913,47.27043],[-115.40734,47.26414],[-115.38427,47.26713],[-115.35922,47.25964],[-115.33915,47.26226],[-115.3193,47.2544],[-115.32443,47.24575],[-115.31183,47.23014],[-115.29878,47.2255],[-115.292,47.20963],[-115.30123,47.19279],[-115.30039,47.18791],[-115.26242,47.18169],[-115.25603,47.17315],[-115.2542,47.16204],[-115.24311,47.15073],[-115.22147,47.14875],[-115.20289,47.13976],[-115.18666,47.12976],[-115.17217,47.10715],[-115.14368,47.10104],[-115.14085,47.09622],[-115.14154,47.08687],[-115.12854,47.067],[-115.10436,47.04778],[-115.08804,47.04588],[-115.07504,47.02583],[-115.06586,47.00085],[-115.04786,46.96953],[-115.03197,46.97157],[-115.02839,46.97566],[-115.00127,46.9719],[-114.99944,46.96603],[-114.98643,46.95187],[-114.95932,46.9329],[-114.9606,46.93001],[-114.9244,46.91785],[-114.92183,46.9127],[-114.92784,46.90972],[-114.9367,46.89715],[-114.93095,46.88188],[-114.93294,46.87533],[-114.94457,46.86786],[-114.94826,46.86001],[-114.92996,46.8552],[-114.92426,46.84753],[-114.92834,46.84301],[-114.9268,46.83344],[-114.91527,46.82541],[-114.89957,46.8226],[-114.89547,46.81591],[-114.89799,46.80784],[-114.89059,46.80369],[-114.87924,46.81131],[-114.86478,46.81417],[-114.85997,46.80483],[-114.84468,46.79407],[-114.83665,46.79249],[-114.82961,46.78297],[-114.80796,46.78221],[-114.79622,46.77724],[-114.78899,46.77956],[-114.78254,46.76883],[-114.76535,46.75791],[-114.76707,46.7386],[-114.77988,46.72981],[-114.78746,46.71494],[-114.7849,46.71001],[-114.76929,46.70198],[-114.76601,46.69702],[-114.7501,46.69791],[-114.74056,46.71166],[-114.7161,46.71426],[-114.6989,46.73999],[-114.69576,46.7401],[-114.66161,46.73621],[-114.64665,46.73025],[-114.63383,46.71578],[-114.62212,46.70824],[-114.62354,46.69093],[-114.64144,46.67949],[-114.63578,46.65948],[-114.61461,46.65503],[-114.61157,46.64747],[-114.61604,46.644],[-114.61066,46.63756],[-114.59091,46.63352],[-114.5803,46.6346],[-114.56624,46.64194],[-114.54403,46.64761],[-114.51775,46.63979],[-114.49914,46.63923],[-114.48066,46.63203],[-114.46447,46.63373],[-114.45264,46.64156],[-114.45313,46.64904],[-114.42432,46.66042],[-114.4108,46.65724],[-114.39441,46.66462],[-114.35948,46.66885],[-114.33166,46.66054],[-114.32445,46.65335],[-114.32241,46.61084],[-114.34228,46.58856],[-114.33123,46.57755],[-114.33164,46.57168],[-114.34708,46.55062],[-114.34434,46.54083],[-114.3491,46.52928],[-114.34196,46.51945],[-114.35242,46.50749],[-114.37524,46.50162],[-114.38446,46.50491],[-114.40065,46.50192],[-114.40329,46.49818],[-114.39996,46.47695],[-114.39434,46.46932],[-114.38294,46.46617],[-114.37946,46.46009],[-114.38314,46.45053],[-114.37451,46.44318],[-114.37278,46.4359],[-114.38317,46.43159],[-114.38433,46.41519],[-114.38742,46.40987],[-114.4077,46.40101],[-114.42235,46.38687],[-114.41057,46.36044],[-114.41365,46.33572],[-114.43337,46.30527],[-114.42548,46.28767],[-114.4272,46.28339],[-114.44122,46.27357],[-114.45315,46.27071],[-114.46492,46.2729],[-114.47037,46.26709],[-114.46815,46.24857],[-114.4518,46.24102],[-114.44593,46.22099],[-114.44912,46.21655],[-114.44311,46.20271],[-114.44582,46.1737],[-114.45213,46.1686],[-114.46324,46.16783],[-114.47822,46.16065],[-114.48914,46.16745],[-114.51066,46.16614],[-114.52484,46.14203],[-114.52067,46.12744],[-114.49262,46.11559],[-114.47431,46.11228],[-114.45994,46.09687],[-114.46175,46.07834],[-114.46745,46.06616],[-114.50473,46.0401],[-114.50621,46.03061],[-114.49329,46.02794],[-114.48013,46.0301],[-114.4737,46.01638],[-114.48385,46.00817],[-114.48665,46.00036],[-114.47839,45.99253],[-114.46551,45.99637],[-114.4561,45.9949],[-114.44878,45.98794],[-114.43084,45.98684],[-114.41178,45.97765],[-114.4036,45.96682],[-114.4046,45.95567],[-114.42357,45.94387],[-114.43105,45.93551],[-114.41306,45.91125],[-114.40421,45.90327],[-114.39495,45.90123],[-114.38706,45.88893],[-114.38813,45.88211],[-114.40601,45.86483],[-114.40918,45.85306],[-114.44325,45.86179],[-114.47108,45.84988],[-114.50218,45.84829],[-114.51478,45.84079],[-114.51693,45.83292],[-114.5144,45.82713],[-114.52951,45.81927],[-114.54458,45.79122],[-114.55538,45.78602],[-114.56606,45.77363],[-114.54597,45.75632],[-114.54466,45.74216],[-114.52443,45.72718],[-114.51088,45.72499],[-114.50153,45.71559],[-114.49531,45.70309],[-114.50766,45.68978],[-114.50841,45.68353],[-114.49923,45.67938],[-114.49953,45.6688],[-114.50754,45.65872],[-114.52203,45.64911],[-114.52957,45.65209],[-114.53566,45.65038],[-114.56354,45.63718],[-114.5632,45.63138],[-114.55383,45.61907],[-114.5448,45.61644],[-114.53802,45.6066],[-114.55814,45.58487],[-114.55893,45.56548],[-114.5494,45.56036],[-114.52597,45.57054],[-114.49807,45.55524],[-114.47365,45.56305],[-114.46043,45.56105],[-114.45665,45.54375],[-114.43888,45.53585],[-114.41569,45.50952],[-114.38851,45.50267],[-114.36841,45.49249],[-114.36061,45.47389],[-114.34491,45.45969],[-114.33311,45.45909],[-114.27061,45.48589],[-114.26151,45.49559],[-114.24771,45.52405],[-114.24807,45.533],[-114.25173,45.53758],[-114.24801,45.54565],[-114.22783,45.54619],[-114.20356,45.53534],[-114.19269,45.53637],[-114.17993,45.5512],[-114.13514,45.55723],[-114.12899,45.56526],[-114.13136,45.57421],[-114.12221,45.58403],[-114.1002,45.58612],[-114.08647,45.59095],[-114.08199,45.59673],[-114.08168,45.6111],[-114.06751,45.62748],[-114.03335,45.6484],[-114.01862,45.64839],[-114.01486,45.65378],[-114.01368,45.65801],[-114.01996,45.6701],[-114.02042,45.68099],[-114.01921,45.69271],[-114.01552,45.6959],[-113.98655,45.70433],[-113.96987,45.69736],[-113.96079,45.68996],[-113.93836,45.69581],[-113.93143,45.67304],[-113.91109,45.65318],[-113.90048,45.64803],[-113.89709,45.64126],[-113.90458,45.62178],[-113.8859,45.61679],[-113.86129,45.62343],[-113.82296,45.61226],[-113.80662,45.60192],[-113.80147,45.58455],[-113.81976,45.5661],[-113.83445,45.5205],[-113.80903,45.51968],[-113.80274,45.52293],[-113.77825,45.52318],[-113.76981,45.52195],[-113.76788,45.51899],[-113.76691,45.5018],[-113.76014,45.48634],[-113.78405,45.45472],[-113.76448,45.43117],[-113.76422,45.42225],[-113.77693,45.4154],[-113.77415,45.40655],[-113.76081,45.40627],[-113.73298,45.38994],[-113.74009,45.34536],[-113.73862,45.32951],[-113.68925,45.28332],[-113.68797,45.27618],[-113.69193,45.26496],[-113.68484,45.25348],[-113.65692,45.24121],[-113.63678,45.21275],[-113.5994,45.19088],[-113.58978,45.17676],[-113.59452,45.1658],[-113.56939,45.14076],[-113.57456,45.12818],[-113.54939,45.11287],[-113.52873,45.11632],[-113.50976,45.11474],[-113.50597,45.10803],[-113.52029,45.0898],[-113.48881,45.07179],[-113.47885,45.06227],[-113.46047,45.06465],[-113.45186,45.05902],[-113.4498,45.03494],[-113.43762,45.00674],[-113.44678,44.99831],[-113.44367,44.95966],[-113.44885,44.95331],[-113.46736,44.94783],[-113.49434,44.94837],[-113.49864,44.94208],[-113.45706,44.87394],[-113.42219,44.84014],[-113.37695,44.83317],[-113.35595,44.81957],[-113.34599,44.80038],[-113.35465,44.79524],[-113.35393,44.79151],[-113.34159,44.78462],[-113.3014,44.79875],[-113.27827,44.81248],[-113.24706,44.82272],[-113.23862,44.81391],[-113.20951,44.80884],[-113.19425,44.80192],[-113.17926,44.78691],[-113.1637,44.77869],[-113.1581,44.78062],[-113.13134,44.77261],[-113.13128,44.76451],[-113.1376,44.75988],[-113.13471,44.75253],[-113.10203,44.7288],[-113.09795,44.69725],[-113.0818,44.69116],[-113.07047,44.67943],[-113.06548,44.64914],[-113.05139,44.63672],[-113.04924,44.62915],[-113.05666,44.61843],[-113.07365,44.6137],[-113.08371,44.60199],[-113.08237,44.59546],[-113.07025,44.5899],[-113.06096,44.5771],[-113.0374,44.56413],[-113.03841,44.55832],[-113.04599,44.55074],[-113.04224,44.54192],[-113.00709,44.52573],[-113.00672,44.51821],[-113.01694,44.50375],[-113.02604,44.49679],[-113.01853,44.48144],[-113.00674,44.47149],[-113.00343,44.45058],[-112.98157,44.43405],[-112.95144,44.41797],[-112.91768,44.40516],[-112.8847,44.39814],[-112.88166,44.38009],[-112.85529,44.35974],[-112.84475,44.35799],[-112.82038,44.37072],[-112.81313,44.37787],[-112.8125,44.39205],[-112.83593,44.42242],[-112.82808,44.44224],[-112.79692,44.46451],[-112.77603,44.48411],[-112.7489,44.491],[-112.719,44.50411],[-112.67106,44.49103],[-112.66438,44.48622],[-112.60175,44.49079],[-112.58409,44.48114],[-112.54188,44.48374],[-112.51876,44.47555],[-112.51193,44.47019],[-112.5116,44.46621],[-112.5002,44.46282],[-112.4731,44.4798],[-112.43523,44.46199],[-112.38728,44.44783],[-112.36866,44.46692],[-112.35882,44.48605],[-112.35649,44.4929],[-112.35881,44.52862],[-112.3541,44.53541],[-112.34869,44.53846],[-112.31909,44.53888],[-112.3149,44.54167],[-112.31279,44.55331],[-112.28608,44.56824],[-112.24268,44.56786],[-112.23001,44.56253],[-112.22673,44.55501],[-112.22937,44.54926],[-112.22159,44.54329],[-112.18383,44.53284],[-112.16449,44.54144],[-112.13635,44.53968],[-112.12897,44.53607],[-112.12499,44.5283],[-112.10665,44.5206],[-112.09619,44.52298],[-112.09319,44.52977],[-112.0689,44.53687],[-112.03683,44.53009],[-112.0326,44.54641],[-111.99512,44.53521],[-111.98072,44.53645],[-111.95141,44.54983],[-111.94783,44.55655],[-111.90346,44.557],[-111.88774,44.56318],[-111.8704,44.5638],[-111.84918,44.53961],[-111.84243,44.52584],[-111.82138,44.50906],[-111.80781,44.51149],[-111.80627,44.52208],[-111.7618,44.52961],[-111.74629,44.54054],[-111.73708,44.54283],[-111.71537,44.54331],[-111.70411,44.55998],[-111.68146,44.55963],[-111.6143,44.54876],[-111.58565,44.56261],[-111.5627,44.55498],[-111.54653,44.55687],[-111.5239,44.54816],[-111.51601,44.53753],[-111.47157,44.54059],[-111.46763,44.54429],[-111.46908,44.55181],[-111.49192,44.56058],[-111.50528,44.56197],[-111.50776,44.56785],[-111.50464,44.57476],[-111.51781,44.58217],[-111.52424,44.60409],[-111.52113,44.6153],[-111.50547,44.62522],[-111.51264,44.63915],[-111.50394,44.64474],[-111.49491,44.6448],[-111.47307,44.66525],[-111.46961,44.67785],[-111.48479,44.68735],[-111.49012,44.69999],[-111.48923,44.70472],[-111.43868,44.72032],[-111.4295,44.71992],[-111.4241,44.71379],[-111.41416,44.71051],[-111.39847,44.72311],[-111.39435,44.74435],[-111.3977,44.74651],[-111.39374,44.75232],[-111.3849,44.7549],[-111.37465,44.75006],[-111.35566,44.72737],[-111.3471,44.72628],[-111.3357,44.73265],[-111.32356,44.72424],[-111.26864,44.66805],[-111.27685,44.6554],[-111.26919,44.64704],[-111.25257,44.65086],[-111.22405,44.62317],[-111.23759,44.60878],[-111.23109,44.58628],[-111.22462,44.57625],[-111.20135,44.57547],[-111.18666,44.57099],[-111.18065,44.56431],[-111.18075,44.55488],[-111.17375,44.54933],[-111.13236,44.53278],[-111.13862,44.51685],[-111.12838,44.49973],[-111.1087,44.48786],[-111.05243,44.47841],[-111.04897,44.47407],[-111.04356,42.72262],[-111.0468,42.50495],[-111.04669,42.00157],[-112.17335,41.99657],[-112.19298,42.00117],[-112.70937,42.00031],[-113.89326,41.98806],[-114.06176,41.99394],[-114.59827,41.99451],[-114.83108,42.00221],[-115.03178,41.99601],[-115.98688,41.99853],[-116.36848,41.99628],[-117.0262,41.99989],[-117.02684,43.73291],[-117.02663,43.8081],[-117.02188,43.81816],[-117.02358,43.82381],[-117.03288,43.83002],[-117.02956,43.83906],[-117.02516,43.84133],[-117.01283,43.84],[-117.009,43.84232],[-117.0077,43.84624],[-117.0107,43.84975],[-117.02271,43.8544],[-117.02107,43.85896],[-116.98294,43.86771],[-116.97602,43.89555],[-116.97958,43.91525],[-116.96583,43.91714],[-116.9601,43.92123],[-116.95999,43.93065],[-116.96764,43.93479],[-116.969,43.93921],[-116.96148,43.95266],[-116.95921,43.96636],[-116.96984,43.96759],[-116.97586,43.97391],[-116.95987,43.98293],[-116.93819,43.98459],[-116.93638,43.99157],[-116.94316,44.00154],[-116.93676,44.01061],[-116.93473,44.02381],[-116.94336,44.03565],[-116.97319,44.04942],[-116.97735,44.08536],[-116.9672,44.09094],[-116.94313,44.09406],[-116.9337,44.10004],[-116.89408,44.16019],[-116.89576,44.17127],[-116.9001,44.17685],[-116.92539,44.19154],[-116.93544,44.19396],[-116.94759,44.19126],[-116.97168,44.19726],[-116.97395,44.22593],[-116.97196,44.23568],[-116.9759,44.24284],[-117.03186,44.24864],[-117.04228,44.24278],[-117.04706,44.22974],[-117.05303,44.22908],[-117.06728,44.24401],[-117.0895,44.25823],[-117.09457,44.27098],[-117.10421,44.27994],[-117.12104,44.27759],[-117.13398,44.26297],[-117.14339,44.25826],[-117.17034,44.25889],[-117.19815,44.27383],[-117.21697,44.28836],[-117.22265,44.29758],[-117.2168,44.30824],[-117.20332,44.31302],[-117.18977,44.33658],[-117.19734,44.34741],[-117.23512,44.37385],[-117.24303,44.39097],[-117.24268,44.39655]]]}},{"type":"Feature","id":17,"properties":{"code":"IL","name":"Illinois"},"geometry":{"type":"Polygon","coordinates":[[[-91.51297,40.18106],[-91.50448,40.19826],[-91.50727,40.20934],[-91.50428,40.2243],[-91.50583,40.23884],[-91.49052,40.2595],[-91.49273,40.27822],[-91.47183,40.31734],[-91.46214,40.34241],[-91.44483,40.36317],[-91.42663,40.37199],[-91.41569,40.38138],[-91.38196,40.38763],[-91.37575,40.39188],[-91.37292,40.39911],[-91.37372,40.41789],[-91.38177,40.44255],[-91.36491,40.48417],[-91.36421,40.50004],[-91.36906,40.51253],[-91.38453,40.53095],[-91.40412,40.53913],[-91.40685,40.54756],[-91.40524,40.55464],[-91.37975,40.57445],[-91.35987,40.6018],[-91.33972,40.61349],[-91.30652,40.62623],[-91.25307,40.63796],[-91.18698,40.6373],[-91.12393,40.66915],[-91.11194,40.69702],[-91.1111,40.70828],[-91.11574,40.72517],[-91.11042,40.74553],[-91.09811,40.76323],[-91.0917,40.77971],[-91.09226,40.79291],[-91.09765,40.80557],[-91.09299,40.82108],[-91.05643,40.84839],[-91.04465,40.86836],[-91.02156,40.88402],[-91.00954,40.90057],[-90.9985,40.90812],[-90.969,40.91913],[-90.96292,40.92496],[-90.95223,40.95405],[-90.95814,40.97977],[-90.94595,41.0065],[-90.94225,41.0347],[-90.94938,41.07271],[-90.94663,41.09663],[-90.99496,41.16062],[-91.00759,41.16618],[-91.02721,41.16337],[-91.04154,41.16614],[-91.07298,41.20715],[-91.11365,41.2414],[-91.11419,41.25003],[-91.10114,41.26717],[-91.09203,41.28691],[-91.07484,41.30558],[-91.06652,41.36525],[-91.05158,41.38528],[-91.04589,41.41409],[-91.02779,41.4236],[-91.00585,41.42614],[-90.97982,41.43432],[-90.94979,41.42416],[-90.93002,41.4214],[-90.90047,41.43115],[-90.85755,41.45275],[-90.84656,41.45514],[-90.75014,41.44963],[-90.65584,41.46213],[-90.60594,41.49423],[-90.60214,41.50603],[-90.59524,41.51103],[-90.56724,41.51753],[-90.55624,41.52423],[-90.54094,41.52613],[-90.50063,41.51803],[-90.46143,41.52353],[-90.43273,41.54953],[-90.42223,41.55423],[-90.41283,41.56533],[-90.34323,41.58783],[-90.33953,41.59863],[-90.34345,41.64696],[-90.33452,41.67956],[-90.31731,41.69167],[-90.31343,41.69808],[-90.31289,41.70753],[-90.31767,41.72269],[-90.31071,41.74221],[-90.27863,41.76736],[-90.26329,41.77211],[-90.21689,41.79534],[-90.18797,41.80316],[-90.18095,41.80935],[-90.18397,41.83307],[-90.1819,41.84322],[-90.17301,41.8574],[-90.17004,41.87644],[-90.15358,41.90661],[-90.1516,41.931],[-90.16385,41.94493],[-90.16414,41.95618],[-90.15383,41.97412],[-90.14623,41.98133],[-90.14006,42.00325],[-90.15158,42.03063],[-90.16448,42.0421],[-90.16836,42.07578],[-90.1615,42.09891],[-90.1629,42.11672],[-90.17097,42.1252],[-90.19045,42.12578],[-90.2014,42.13094],[-90.20742,42.14911],[-90.21611,42.15673],[-90.25013,42.17147],[-90.28217,42.17885],[-90.32827,42.20105],[-90.35696,42.20544],[-90.39111,42.22547],[-90.40065,42.23929],[-90.41933,42.25447],[-90.43088,42.27823],[-90.43073,42.28421],[-90.42045,42.30537],[-90.42105,42.31611],[-90.4162,42.32131],[-90.41903,42.3285],[-90.43055,42.33686],[-90.44387,42.35522],[-90.46262,42.36725],[-90.47728,42.38379],[-90.48715,42.38514],[-90.50683,42.39879],[-90.55502,42.41614],[-90.56044,42.4329],[-90.56797,42.44039],[-90.60633,42.4515],[-90.64673,42.4719],[-90.65403,42.4785],[-90.65653,42.4892],[-90.64284,42.50848],[-89.69009,42.50519],[-88.78668,42.49198],[-88.63865,42.49504],[-88.11529,42.49622],[-87.80048,42.49192],[-87.79807,42.47172],[-87.80537,42.38472],[-87.81653,42.36382],[-87.82376,42.36187],[-87.83477,42.30152],[-87.82857,42.26992],[-87.80007,42.20802],[-87.74166,42.12823],[-87.71096,42.09533],[-87.68236,42.07573],[-87.67146,42.05833],[-87.66898,42.02914],[-87.63095,41.93313],[-87.62405,41.90423],[-87.61166,41.89222],[-87.61654,41.8824],[-87.61625,41.86893],[-87.60945,41.84523],[-87.60055,41.82683],[-87.58149,41.80367],[-87.57639,41.78357],[-87.56024,41.76465],[-87.54284,41.75214],[-87.53074,41.74824],[-87.52414,41.72399],[-87.52638,40.49157],[-87.53323,39.88313],[-87.53165,39.34789],[-87.54401,39.35291],[-87.5544,39.34049],[-87.57833,39.34034],[-87.58908,39.33383],[-87.6004,39.3129],[-87.59754,39.29639],[-87.61005,39.28223],[-87.60554,39.26112],[-87.59349,39.24745],[-87.58353,39.24358],[-87.57456,39.2184],[-87.57703,39.21112],[-87.58861,39.19782],[-87.6208,39.17479],[-87.64043,39.16673],[-87.64599,39.1449],[-87.64315,39.12856],[-87.63224,39.1187],[-87.63038,39.1043],[-87.61913,39.10056],[-87.61351,39.08557],[-87.59637,39.07964],[-87.57259,39.05729],[-87.57503,39.03406],[-87.5697,39.01941],[-87.57912,39.00161],[-87.57832,38.98879],[-87.5295,38.97192],[-87.51219,38.95442],[-87.51883,38.92321],[-87.52765,38.90769],[-87.54409,38.89509],[-87.54737,38.87561],[-87.55338,38.86334],[-87.55052,38.85956],[-87.52589,38.8488],[-87.52168,38.82658],[-87.52734,38.81812],[-87.49654,38.77857],[-87.49895,38.75777],[-87.49649,38.74273],[-87.51671,38.71633],[-87.51961,38.6972],[-87.53123,38.68404],[-87.54554,38.67761],[-87.59368,38.6674],[-87.62012,38.63949],[-87.62238,38.61887],[-87.62735,38.60544],[-87.62389,38.59398],[-87.63775,38.58851],[-87.65153,38.56817],[-87.6507,38.55624],[-87.66073,38.54109],[-87.65417,38.51191],[-87.6637,38.50293],[-87.67837,38.49844],[-87.69319,38.48804],[-87.71405,38.47988],[-87.73952,38.47507],[-87.74353,38.46777],[-87.74317,38.45902],[-87.73013,38.44652],[-87.7307,38.44291],[-87.74104,38.43558],[-87.74525,38.409],[-87.78,38.37084],[-87.80608,38.36314],[-87.82272,38.34691],[-87.83272,38.32485],[-87.83095,38.29937],[-87.84098,38.2801],[-87.85464,38.27538],[-87.86307,38.28027],[-87.86625,38.28998],[-87.86045,38.30537],[-87.86889,38.31228],[-87.88085,38.30373],[-87.88785,38.2853],[-87.90854,38.26858],[-87.91761,38.27008],[-87.91929,38.27591],[-87.90985,38.28934],[-87.90934,38.29572],[-87.91649,38.29937],[-87.92497,38.29866],[-87.93733,38.29243],[-87.94227,38.27898],[-87.95192,38.27425],[-87.9489,38.26412],[-87.94207,38.2603],[-87.94607,38.25532],[-87.95615,38.25165],[-87.96022,38.23712],[-87.96897,38.23739],[-87.96995,38.24335],[-87.98187,38.25644],[-87.9871,38.25773],[-87.98879,38.24874],[-87.98423,38.20996],[-87.97582,38.19783],[-87.9595,38.18438],[-87.93716,38.17219],[-87.93377,38.15632],[-87.92747,38.15195],[-87.9255,38.14625],[-87.94547,38.12662],[-87.95587,38.1329],[-87.96735,38.13214],[-87.97445,38.12084],[-87.97422,38.11138],[-87.97993,38.10802],[-87.99831,38.10849],[-88.01312,38.10353],[-88.01673,38.09726],[-88.01213,38.08528],[-88.0047,38.08396],[-87.96221,38.10005],[-87.95688,38.08828],[-87.96723,38.0671],[-88.00133,38.05154],[-88.03533,38.05114],[-88.04184,38.03818],[-88.03088,38.03071],[-88.01763,38.03475],[-88.00763,38.02914],[-88.02333,38.01544],[-88.02188,37.99596],[-88.01257,37.97706],[-88.01293,37.96654],[-88.02087,37.95935],[-88.03669,37.95687],[-88.03612,37.94275],[-88.06895,37.92856],[-88.06519,37.91968],[-88.02006,37.9129],[-88.01336,37.89485],[-88.01869,37.8884],[-88.02657,37.89102],[-88.05537,37.89124],[-88.07145,37.89581],[-88.08624,37.90571],[-88.09566,37.90581],[-88.09789,37.90152],[-88.09496,37.89369],[-88.07853,37.87912],[-88.06736,37.85605],[-88.05758,37.84789],[-88.03331,37.84192],[-88.02638,37.83111],[-88.04027,37.82234],[-88.04795,37.82173],[-88.08367,37.83017],[-88.09088,37.82447],[-88.0832,37.8109],[-88.06892,37.80098],[-88.03546,37.80952],[-88.02803,37.79922],[-88.03583,37.79192],[-88.0426,37.76712],[-88.05959,37.74261],[-88.07254,37.73329],[-88.12241,37.70969],[-88.13428,37.6915],[-88.15165,37.6751],[-88.16019,37.65759],[-88.15683,37.6328],[-88.14222,37.60374],[-88.13997,37.58645],[-88.13339,37.57424],[-88.10559,37.55618],[-88.08805,37.53512],[-88.06902,37.5253],[-88.06129,37.50523],[-88.06423,37.48455],[-88.06773,37.48159],[-88.07239,37.48356],[-88.08766,37.47106],[-88.13514,37.47163],[-88.18861,37.4619],[-88.28167,37.4526],[-88.31258,37.44059],[-88.33318,37.42721],[-88.3484,37.41073],[-88.36547,37.40166],[-88.37121,37.40273],[-88.38767,37.41648],[-88.40881,37.42522],[-88.45013,37.41172],[-88.47022,37.39625],[-88.47659,37.38688],[-88.48446,37.34561],[-88.5115,37.29853],[-88.51594,37.28404],[-88.50694,37.26666],[-88.50803,37.26026],[-88.48728,37.24408],[-88.47175,37.22015],[-88.44776,37.20353],[-88.43378,37.16407],[-88.4244,37.15243],[-88.44354,37.10919],[-88.4446,37.0986],[-88.45895,37.0738],[-88.47613,37.06822],[-88.50444,37.06526],[-88.5454,37.07],[-88.57672,37.08585],[-88.58921,37.09965],[-88.62589,37.11946],[-88.64487,37.12284],[-88.69398,37.14115],[-88.72022,37.14064],[-88.73211,37.14396],[-88.80572,37.18859],[-88.91693,37.22429],[-88.96683,37.22989],[-89.00097,37.2244],[-89.04126,37.20288],[-89.08653,37.1656],[-89.11119,37.11905],[-89.13493,37.10328],[-89.14132,37.09387],[-89.1545,37.08891],[-89.16809,37.07422],[-89.18137,37.0463],[-89.17897,37.02093],[-89.16645,37.00334],[-89.13291,36.98206],[-89.17001,36.9703],[-89.18549,36.97352],[-89.1921,36.98],[-89.20079,37.01616],[-89.23405,37.03728],[-89.25493,37.07201],[-89.25994,37.06407],[-89.30829,37.06837],[-89.31082,37.0579],[-89.30475,37.04756],[-89.27772,37.03614],[-89.26,37.02329],[-89.25761,37.0155],[-89.26353,37.00005],[-89.27863,36.98867],[-89.29213,36.99219],[-89.32298,37.01609],[-89.3624,37.03016],[-89.37828,37.03961],[-89.38394,37.04644],[-89.38543,37.05513],[-89.37571,37.08051],[-89.37871,37.09459],[-89.38805,37.10748],[-89.41173,37.12251],[-89.42558,37.13824],[-89.46186,37.19952],[-89.4675,37.22184],[-89.4583,37.24037],[-89.45883,37.24866],[-89.47052,37.25336],[-89.48991,37.25131],[-89.51834,37.2855],[-89.51184,37.31083],[-89.48901,37.33337],[-89.47457,37.33816],[-89.44756,37.34047],[-89.43284,37.34706],[-89.42105,37.38767],[-89.42594,37.40747],[-89.43977,37.4372],[-89.47553,37.47139],[-89.51705,37.53728],[-89.52192,37.56074],[-89.51981,37.58275],[-89.51394,37.58481],[-89.48606,37.58085],[-89.47755,37.58588],[-89.47593,37.593],[-89.48579,37.60716],[-89.50656,37.62505],[-89.51772,37.64122],[-89.51615,37.66797],[-89.51204,37.68098],[-89.51426,37.68992],[-89.52573,37.69844],[-89.58332,37.71326],[-89.59657,37.73289],[-89.61559,37.74235],[-89.61728,37.74972],[-89.64953,37.7455],[-89.66335,37.75005],[-89.66799,37.75948],[-89.66119,37.77573],[-89.66038,37.7863],[-89.66964,37.79992],[-89.71748,37.82572],[-89.73987,37.84693],[-89.7541,37.84636],[-89.78203,37.85509],[-89.78637,37.85173],[-89.79609,37.8595],[-89.80036,37.86863],[-89.79768,37.8742],[-89.79933,37.88152],[-89.84265,37.9052],[-89.85105,37.90398],[-89.86295,37.89691],[-89.88147,37.87959],[-89.90183,37.86982],[-89.92319,37.87067],[-89.95059,37.88153],[-89.97364,37.91766],[-89.97492,37.92672],[-89.96227,37.93436],[-89.95965,37.9402],[-89.94743,37.94034],[-89.93247,37.9475],[-89.92539,37.95413],[-89.92508,37.96002],[-89.93589,37.95958],[-89.9421,37.97012],[-89.97892,37.96279],[-89.9971,37.96323],[-90.00835,37.97018],[-90.03241,37.99526],[-90.05136,38.00358],[-90.05937,38.01554],[-90.08826,38.01577],[-90.11052,38.02655],[-90.12619,38.0407],[-90.1264,38.0549],[-90.13079,38.06234],[-90.15853,38.07473],[-90.17222,38.06964],[-90.21871,38.09437],[-90.24312,38.11267],[-90.27493,38.15761],[-90.29076,38.17045],[-90.33155,38.18758],[-90.35956,38.22452],[-90.37393,38.28185],[-90.37252,38.32335],[-90.36822,38.34025],[-90.34974,38.37761],[-90.29532,38.42675],[-90.28521,38.44345],[-90.27921,38.47245],[-90.26031,38.52835],[-90.22421,38.57505],[-90.19601,38.59445],[-90.18451,38.61155],[-90.17801,38.63375],[-90.18111,38.65955],[-90.18641,38.67475],[-90.20921,38.70275],[-90.21201,38.71175],[-90.20991,38.72605],[-90.17631,38.75445],[-90.16641,38.77265],[-90.12311,38.79805],[-90.11471,38.81505],[-90.10941,38.84355],[-90.11333,38.84931],[-90.16641,38.87635],[-90.19761,38.88765],[-90.22304,38.90739],[-90.25025,38.91934],[-90.27747,38.92372],[-90.30945,38.92412],[-90.39582,38.96004],[-90.44008,38.96736],[-90.45079,38.96776],[-90.47212,38.95884],[-90.48242,38.94446],[-90.48273,38.93471],[-90.48697,38.92598],[-90.50012,38.91041],[-90.54587,38.87401],[-90.56656,38.86885],[-90.58339,38.86903],[-90.62848,38.89162],[-90.63992,38.90827],[-90.65316,38.91614],[-90.66337,38.92804],[-90.67595,38.96214],[-90.67819,38.99185],[-90.71363,39.05398],[-90.70214,39.06557],[-90.70042,39.07179],[-90.68274,39.08835],[-90.68109,39.10059],[-90.68605,39.11778],[-90.70292,39.13875],[-90.7079,39.15086],[-90.71048,39.17637],[-90.7174,39.19741],[-90.71711,39.21391],[-90.72996,39.25589],[-90.7516,39.26543],[-90.76765,39.28003],[-90.77567,39.29281],[-90.79067,39.30291],[-90.79346,39.3095],[-90.81685,39.3205],[-90.8475,39.34527],[-90.89378,39.36734],[-90.90486,39.3794],[-90.92875,39.38754],[-90.94077,39.40398],[-90.99379,39.42296],[-91.03827,39.44844],[-91.05944,39.46886],[-91.06431,39.49464],[-91.07977,39.50773],[-91.10031,39.53869],[-91.15363,39.54825],[-91.16842,39.56493],[-91.17465,39.59331],[-91.18194,39.60268],[-91.22932,39.62085],[-91.27614,39.66576],[-91.30249,39.67963],[-91.3453,39.7094],[-91.36775,39.72903],[-91.36995,39.74504],[-91.36513,39.75872],[-91.36569,39.77491],[-91.36157,39.78755],[-91.36344,39.7928],[-91.37797,39.81127],[-91.43292,39.84055],[-91.44639,39.87039],[-91.44784,39.87795],[-91.44351,39.89358],[-91.42088,39.91486],[-91.41936,39.92772],[-91.42578,39.93776],[-91.44156,39.9513],[-91.45885,39.97901],[-91.46532,39.984],[-91.46925,39.99533],[-91.49488,40.03645],[-91.48961,40.05743],[-91.50925,40.12188],[-91.51175,40.14709],[-91.50822,40.15767],[-91.51297,40.18106]]]}},{"type":"Feature","id":18,"properties":{"code":"IN","name":"Indiana"},"geometry":{"type":"Polygon","coordinates":[[[-88.09566,37.90581],[-88.08624,37.90571],[-88.07145,37.89581],[-88.05537,37.89124],[-88.02657,37.89102],[-88.01869,37.8884],[-88.01336,37.89485],[-88.02006,37.9129],[-88.06519,37.91968],[-88.06895,37.92856],[-88.03612,37.94275],[-88.03669,37.95687],[-88.02087,37.95935],[-88.01293,37.96654],[-88.01257,37.97706],[-88.02188,37.99596],[-88.02333,38.01544],[-88.00763,38.02914],[-88.01763,38.03475],[-88.03088,38.03071],[-88.04184,38.03818],[-88.03533,38.05114],[-88.00133,38.05154],[-87.96723,38.0671],[-87.95688,38.08828],[-87.96221,38.10005],[-88.0047,38.08396],[-88.01213,38.08528],[-88.01673,38.09726],[-88.01312,38.10353],[-87.99831,38.10849],[-87.97993,38.10802],[-87.97422,38.11138],[-87.97445,38.12084],[-87.96735,38.13214],[-87.95587,38.1329],[-87.94547,38.12662],[-87.9255,38.14625],[-87.92747,38.15195],[-87.93377,38.15632],[-87.93716,38.17219],[-87.9595,38.18438],[-87.97582,38.19783],[-87.98423,38.20996],[-87.98879,38.24874],[-87.9871,38.25773],[-87.98187,38.25644],[-87.96995,38.24335],[-87.96897,38.23739],[-87.96022,38.23712],[-87.95615,38.25165],[-87.94607,38.25532],[-87.94207,38.2603],[-87.9489,38.26412],[-87.95192,38.27425],[-87.94227,38.27898],[-87.93733,38.29243],[-87.92497,38.29866],[-87.91649,38.29937],[-87.90934,38.29572],[-87.90985,38.28934],[-87.91929,38.27591],[-87.91761,38.27008],[-87.90854,38.26858],[-87.88785,38.2853],[-87.88085,38.30373],[-87.86889,38.31228],[-87.86045,38.30537],[-87.86625,38.28998],[-87.86307,38.28027],[-87.85464,38.27538],[-87.84098,38.2801],[-87.83095,38.29937],[-87.83272,38.32485],[-87.82272,38.34691],[-87.80608,38.36314],[-87.78,38.37084],[-87.74525,38.409],[-87.74104,38.43558],[-87.7307,38.44291],[-87.73013,38.44652],[-87.74317,38.45902],[-87.74353,38.46777],[-87.73952,38.47507],[-87.71405,38.47988],[-87.69319,38.48804],[-87.67837,38.49844],[-87.6637,38.50293],[-87.65417,38.51191],[-87.66073,38.54109],[-87.6507,38.55624],[-87.65153,38.56817],[-87.63775,38.58851],[-87.62389,38.59398],[-87.62735,38.60544],[-87.62238,38.61887],[-87.62012,38.63949],[-87.59368,38.6674],[-87.54554,38.67761],[-87.53123,38.68404],[-87.51961,38.6972],[-87.51671,38.71633],[-87.49649,38.74273],[-87.49895,38.75777],[-87.49654,38.77857],[-87.52734,38.81812],[-87.52168,38.82658],[-87.52589,38.8488],[-87.55052,38.85956],[-87.55338,38.86334],[-87.54737,38.87561],[-87.54409,38.89509],[-87.52765,38.90769],[-87.51883,38.92321],[-87.51219,38.95442],[-87.5295,38.97192],[-87.57832,38.98879],[-87.57912,39.00161],[-87.5697,39.01941],[-87.57503,39.03406],[-87.57259,39.05729],[-87.59637,39.07964],[-87.61351,39.08557],[-87.61913,39.10056],[-87.63038,39.1043],[-87.63224,39.1187],[-87.64315,39.12856],[-87.64599,39.1449],[-87.64043,39.16673],[-87.6208,39.17479],[-87.58861,39.19782],[-87.57703,39.21112],[-87.57456,39.2184],[-87.58353,39.24358],[-87.59349,39.24745],[-87.60554,39.26112],[-87.61005,39.28223],[-87.59754,39.29639],[-87.6004,39.3129],[-87.58908,39.33383],[-87.57833,39.34034],[-87.5544,39.34049],[-87.54401,39.35291],[-87.53165,39.34789],[-87.53323,39.88313],[-87.52638,40.49157],[-87.52404,41.70833],[-87.511,41.70597],[-87.50236,41.69003],[-87.47535,41.67337],[-87.46658,41.67324],[-87.44886,41.68406],[-87.43631,41.68402],[-87.42488,41.69007],[-87.4165,41.68838],[-87.40764,41.68101],[-87.4052,41.67373],[-87.42115,41.65952],[-87.43361,41.65645],[-87.43408,41.64959],[-87.42344,41.64283],[-87.36544,41.62954],[-87.27844,41.61974],[-87.18765,41.62965],[-87.16062,41.63727],[-87.16078,41.64538],[-87.12583,41.6503],[-87.12032,41.6457],[-87.06603,41.66184],[-86.93483,41.70964],[-86.90913,41.72694],[-86.87543,41.73794],[-86.82483,41.76024],[-84.80588,41.76022],[-84.80255,40.50181],[-84.81418,39.81421],[-84.82016,39.10548],[-84.8312,39.10192],[-84.86069,39.07814],[-84.88887,39.06638],[-84.89736,39.05738],[-84.89717,39.05241],[-84.88907,39.04082],[-84.87017,39.02555],[-84.83712,38.98806],[-84.82986,38.96939],[-84.83516,38.95796],[-84.86473,38.93489],[-84.87776,38.92036],[-84.87703,38.90902],[-84.86778,38.89913],[-84.81275,38.89513],[-84.80025,38.89107],[-84.78523,38.88044],[-84.7858,38.8695],[-84.791,38.86057],[-84.82336,38.8392],[-84.82996,38.83063],[-84.8271,38.81863],[-84.81394,38.80021],[-84.81288,38.78609],[-84.82871,38.78321],[-84.88792,38.79465],[-84.94107,38.77563],[-84.99001,38.77838],[-85.10096,38.7268],[-85.13868,38.69917],[-85.17253,38.68808],[-85.19051,38.68795],[-85.21326,38.69545],[-85.22606,38.70546],[-85.2465,38.73182],[-85.27545,38.74117],[-85.30605,38.74165],[-85.36383,38.73048],[-85.41093,38.73708],[-85.43407,38.72946],[-85.45211,38.70935],[-85.45698,38.68914],[-85.45549,38.68209],[-85.43874,38.65932],[-85.43745,38.60172],[-85.41582,38.56356],[-85.4156,38.54634],[-85.42308,38.53158],[-85.43314,38.52391],[-85.47222,38.50628],[-85.4829,38.4857],[-85.49887,38.46824],[-85.53654,38.45608],[-85.58776,38.45049],[-85.60763,38.4393],[-85.62052,38.4231],[-85.63294,38.39567],[-85.63804,38.38034],[-85.63878,38.36144],[-85.65364,38.32711],[-85.67502,38.30132],[-85.68356,38.29547],[-85.74486,38.26717],[-85.76106,38.27257],[-85.76596,38.28047],[-85.78096,38.28847],[-85.81616,38.28297],[-85.82936,38.27677],[-85.83806,38.25737],[-85.83966,38.23977],[-85.84546,38.23027],[-85.89476,38.18847],[-85.90876,38.16117],[-85.90946,38.14007],[-85.90456,38.10027],[-85.90616,38.08617],[-85.91564,38.06647],[-85.92137,38.03213],[-85.92542,38.02346],[-85.93948,38.01095],[-85.95147,38.00561],[-86.00913,37.99853],[-86.02951,37.99264],[-86.03501,37.98481],[-86.03436,37.96462],[-86.04235,37.95802],[-86.04846,37.95937],[-86.06173,37.97133],[-86.07539,37.99695],[-86.09577,38.00893],[-86.12757,38.01601],[-86.16731,38.00988],[-86.17898,38.01131],[-86.22037,38.02792],[-86.23306,38.0393],[-86.26127,38.05272],[-86.27358,38.06744],[-86.27872,38.0893],[-86.2718,38.13787],[-86.28777,38.15805],[-86.31714,38.17291],[-86.34774,38.19536],[-86.36038,38.1988],[-86.3738,38.19335],[-86.37815,38.18585],[-86.37743,38.17138],[-86.37174,38.16418],[-86.32594,38.15432],[-86.32127,38.14742],[-86.32345,38.13903],[-86.33514,38.12924],[-86.37977,38.12927],[-86.38722,38.12463],[-86.39621,38.10779],[-86.40165,38.1054],[-86.43175,38.12612],[-86.44979,38.12722],[-86.46325,38.11928],[-86.46608,38.11444],[-86.46386,38.10118],[-86.45879,38.0964],[-86.43405,38.08676],[-86.43009,38.07864],[-86.43279,38.06717],[-86.45219,38.05049],[-86.4719,38.04622],[-86.51176,38.04445],[-86.52183,38.03833],[-86.52497,38.02788],[-86.52517,37.96823],[-86.5205,37.95444],[-86.50939,37.94249],[-86.50662,37.93072],[-86.511,37.92612],[-86.53416,37.91701],[-86.56626,37.92216],[-86.58858,37.92116],[-86.59985,37.90675],[-86.59811,37.86738],[-86.60916,37.85541],[-86.63827,37.84272],[-86.65252,37.84164],[-86.66164,37.84971],[-86.66123,37.86276],[-86.64475,37.89481],[-86.64708,37.90862],[-86.68093,37.91501],[-86.71614,37.89407],[-86.73146,37.89434],[-86.75099,37.91289],[-86.76505,37.93251],[-86.79498,37.98898],[-86.82007,37.99939],[-86.85595,37.98729],[-86.88496,37.96437],[-86.90241,37.94616],[-86.91933,37.93666],[-86.96904,37.93286],[-87.01032,37.91967],[-87.03344,37.90659],[-87.0451,37.89377],[-87.04385,37.8708],[-87.06784,37.80606],[-87.09064,37.78781],[-87.11113,37.78251],[-87.12963,37.78661],[-87.14195,37.81618],[-87.16232,37.84016],[-87.20224,37.84379],[-87.22094,37.84913],[-87.25525,37.86733],[-87.27437,37.88294],[-87.30232,37.89845],[-87.34493,37.91116],[-87.38025,37.9356],[-87.41858,37.94476],[-87.44779,37.94243],[-87.50113,37.90916],[-87.5115,37.90643],[-87.55934,37.93115],[-87.57203,37.94747],[-87.57471,37.96774],[-87.58982,37.97604],[-87.60142,37.97254],[-87.60522,37.96514],[-87.60352,37.95894],[-87.60622,37.94964],[-87.62562,37.93344],[-87.62896,37.92671],[-87.62027,37.90692],[-87.59158,37.88719],[-87.58843,37.86879],[-87.5915,37.85664],[-87.6154,37.83197],[-87.64586,37.8259],[-87.66652,37.82746],[-87.67554,37.83173],[-87.68069,37.84062],[-87.68163,37.85592],[-87.66282,37.88145],[-87.66502,37.89351],[-87.67573,37.90193],[-87.68402,37.9035],[-87.71797,37.89257],[-87.74015,37.89465],[-87.76226,37.89091],[-87.7909,37.87571],[-87.83058,37.87652],[-87.84119,37.88233],[-87.84469,37.89205],[-87.85724,37.90065],[-87.8631,37.91186],[-87.87254,37.921],[-87.88332,37.92624],[-87.89806,37.92751],[-87.90479,37.92489],[-87.93678,37.89259],[-87.94084,37.88334],[-87.93623,37.86794],[-87.91028,37.84342],[-87.9046,37.81253],[-87.91109,37.80516],[-87.93255,37.79767],[-87.94451,37.77526],[-87.95259,37.77174],[-87.96003,37.77322],[-87.97639,37.788],[-87.9971,37.79767],[-88.01514,37.80193],[-88.02803,37.79922],[-88.03546,37.80952],[-88.06892,37.80098],[-88.0832,37.8109],[-88.09088,37.82447],[-88.08367,37.83017],[-88.04795,37.82173],[-88.04027,37.82234],[-88.02638,37.83111],[-88.03331,37.84192],[-88.05758,37.84789],[-88.06736,37.85605],[-88.07853,37.87912],[-88.09496,37.89369],[-88.09789,37.90152],[-88.09566,37.90581]]]}},{"type":"Feature","id":19,"properties":{"code":"IA","name":"Iowa"},"geometry":{"type":"Polygon","coordinates":[[[-96.6397,42.73707],[-96.63231,42.74564],[-96.62874,42.75753],[-96.63221,42.76151],[-96.63214,42.77086],[-96.62641,42.77352],[-96.61949,42.78403],[-96.60456,42.78303],[-96.59528,42.79298],[-96.59076,42.80826],[-96.59566,42.81043],[-96.59601,42.81504],[-96.5857,42.81804],[-96.57794,42.82764],[-96.58238,42.83366],[-96.5816,42.83752],[-96.56284,42.83631],[-96.55218,42.84186],[-96.55377,42.8475],[-96.54432,42.85128],[-96.55047,42.86374],[-96.54733,42.87371],[-96.53785,42.87848],[-96.54012,42.88968],[-96.52636,42.89185],[-96.52889,42.89795],[-96.53601,42.9009],[-96.54169,42.92258],[-96.50947,42.94515],[-96.50031,42.95939],[-96.50503,42.97084],[-96.51592,42.97289],[-96.52077,42.98038],[-96.51224,42.98594],[-96.50999,42.99513],[-96.4967,42.99881],[-96.49167,43.00971],[-96.49919,43.01921],[-96.51099,43.0247],[-96.51292,43.02996],[-96.50915,43.0373],[-96.51843,43.04207],[-96.51026,43.04992],[-96.49036,43.05079],[-96.47691,43.06238],[-96.46085,43.06403],[-96.45409,43.0842],[-96.45534,43.08813],[-96.46286,43.09142],[-96.43933,43.11392],[-96.43659,43.12084],[-96.4408,43.12313],[-96.44343,43.13383],[-96.45036,43.14224],[-96.45998,43.14352],[-96.46654,43.15028],[-96.4649,43.18203],[-96.4724,43.18564],[-96.47383,43.1898],[-96.47063,43.20723],[-96.47557,43.22105],[-96.49645,43.22365],[-96.51927,43.21769],[-96.53574,43.22764],[-96.56044,43.22422],[-96.56851,43.23155],[-96.57119,43.23896],[-96.56525,43.24424],[-96.55296,43.24728],[-96.55322,43.25914],[-96.56417,43.26024],[-96.5768,43.26831],[-96.58522,43.26888],[-96.58632,43.27432],[-96.58353,43.27688],[-96.5809,43.2748],[-96.57759,43.2788],[-96.58035,43.2982],[-96.57356,43.29917],[-96.56911,43.29554],[-96.55309,43.29286],[-96.53039,43.30003],[-96.52556,43.31247],[-96.53491,43.33647],[-96.52429,43.34721],[-96.52734,43.36811],[-96.52132,43.37461],[-96.52157,43.38564],[-96.52545,43.39632],[-96.53712,43.39506],[-96.57358,43.41923],[-96.57022,43.4286],[-96.59425,43.43415],[-96.60286,43.45091],[-96.60004,43.45708],[-96.58793,43.46488],[-96.5846,43.46961],[-96.58636,43.47825],[-96.581,43.48138],[-96.58627,43.4911],[-96.5984,43.49507],[-96.59893,43.50046],[-91.21771,43.50055],[-91.21604,43.48114],[-91.23337,43.45517],[-91.22875,43.44554],[-91.20714,43.42503],[-91.20036,43.4127],[-91.19895,43.38983],[-91.20607,43.37498],[-91.21499,43.36801],[-91.20662,43.35252],[-91.13281,43.32803],[-91.10724,43.31365],[-91.08565,43.29187],[-91.07371,43.27475],[-91.07265,43.26213],[-91.05975,43.25907],[-91.05792,43.25537],[-91.0664,43.23929],[-91.12217,43.19725],[-91.12443,43.18789],[-91.13865,43.16999],[-91.1462,43.15241],[-91.1562,43.14294],[-91.17525,43.13466],[-91.17825,43.12498],[-91.17519,43.10377],[-91.17946,43.06743],[-91.17469,43.03871],[-91.15749,42.99148],[-91.15656,42.97823],[-91.14543,42.95821],[-91.14988,42.94196],[-91.1438,42.92288],[-91.14556,42.90798],[-91.14338,42.90467],[-91.11741,42.89584],[-91.10057,42.88308],[-91.09766,42.85987],[-91.0914,42.84986],[-91.09406,42.83081],[-91.07867,42.82768],[-91.0781,42.80653],[-91.06955,42.76963],[-91.06026,42.76185],[-91.06143,42.75797],[-91.06549,42.75708],[-91.06468,42.75091],[-91.0563,42.74734],[-91.05373,42.73824],[-91.03542,42.73734],[-91.02679,42.72423],[-91.00013,42.71619],[-90.97773,42.69682],[-90.94921,42.68557],[-90.93704,42.6834],[-90.92115,42.68541],[-90.88743,42.67247],[-90.73113,42.64344],[-90.7063,42.63417],[-90.69203,42.61037],[-90.68698,42.59177],[-90.67705,42.57921],[-90.66153,42.568],[-90.65413,42.5499],[-90.64393,42.5404],[-90.63693,42.5132],[-90.65593,42.4917],[-90.65403,42.4785],[-90.62433,42.4589],[-90.56797,42.44039],[-90.56044,42.4329],[-90.55502,42.41614],[-90.50683,42.39879],[-90.48715,42.38514],[-90.47728,42.38379],[-90.46262,42.36725],[-90.44387,42.35522],[-90.41594,42.3227],[-90.42105,42.31611],[-90.42045,42.30537],[-90.43073,42.28421],[-90.43088,42.27823],[-90.41933,42.25447],[-90.40065,42.23929],[-90.39111,42.22547],[-90.35696,42.20544],[-90.32827,42.20105],[-90.28217,42.17885],[-90.23492,42.16543],[-90.20948,42.15268],[-90.2014,42.13094],[-90.19734,42.12816],[-90.17097,42.1252],[-90.16753,42.12248],[-90.1629,42.11672],[-90.16116,42.10637],[-90.1634,42.08761],[-90.16836,42.07578],[-90.16448,42.0421],[-90.15092,42.02944],[-90.14117,42.00893],[-90.14061,41.996],[-90.14603,41.98814],[-90.14623,41.98133],[-90.15383,41.97412],[-90.16414,41.95618],[-90.16385,41.94493],[-90.1516,41.931],[-90.15358,41.90661],[-90.17004,41.87644],[-90.17301,41.8574],[-90.1819,41.84322],[-90.18397,41.83307],[-90.18197,41.80707],[-90.22226,41.79313],[-90.26329,41.77211],[-90.27863,41.76736],[-90.31071,41.74221],[-90.31767,41.72269],[-90.31289,41.70753],[-90.31343,41.69808],[-90.31731,41.69167],[-90.33452,41.67956],[-90.34345,41.64696],[-90.33953,41.59863],[-90.34323,41.58783],[-90.41283,41.56533],[-90.42223,41.55423],[-90.43273,41.54953],[-90.46143,41.52353],[-90.50063,41.51803],[-90.54094,41.52613],[-90.55624,41.52423],[-90.56724,41.51753],[-90.59104,41.51283],[-90.60214,41.50603],[-90.60594,41.49423],[-90.65584,41.46213],[-90.75014,41.44963],[-90.84656,41.45514],[-90.85755,41.45275],[-90.90047,41.43115],[-90.93002,41.4214],[-90.94979,41.42416],[-90.97982,41.43432],[-91.00585,41.42614],[-91.02779,41.4236],[-91.04589,41.41409],[-91.05158,41.38528],[-91.06652,41.36525],[-91.07484,41.30558],[-91.09203,41.28691],[-91.10114,41.26717],[-91.11419,41.25003],[-91.11365,41.2414],[-91.07298,41.20715],[-91.04154,41.16614],[-91.02721,41.16337],[-91.00759,41.16618],[-90.99496,41.16062],[-90.94663,41.09663],[-90.94938,41.07271],[-90.94225,41.0347],[-90.94595,41.0065],[-90.95814,40.97977],[-90.95223,40.95405],[-90.96534,40.92163],[-90.9985,40.90812],[-91.00954,40.90057],[-91.02156,40.88402],[-91.04465,40.86836],[-91.05643,40.84839],[-91.09299,40.82108],[-91.09765,40.80557],[-91.09226,40.79291],[-91.0917,40.77971],[-91.09811,40.76323],[-91.11042,40.74553],[-91.11574,40.72517],[-91.1111,40.70828],[-91.11194,40.69702],[-91.12393,40.66915],[-91.18698,40.6373],[-91.25307,40.63796],[-91.30652,40.62623],[-91.33972,40.61349],[-91.35987,40.6018],[-91.37975,40.57445],[-91.40524,40.55464],[-91.40685,40.54756],[-91.40412,40.53913],[-91.38453,40.53095],[-91.36906,40.51253],[-91.36421,40.50004],[-91.36491,40.48417],[-91.38177,40.44255],[-91.37372,40.41789],[-91.37292,40.39911],[-91.37575,40.39188],[-91.38836,40.38493],[-91.41301,40.38228],[-91.41942,40.37826],[-91.44124,40.38625],[-91.48451,40.3839],[-91.48848,40.40432],[-91.49809,40.40193],[-91.52461,40.41076],[-91.52656,40.41987],[-91.51913,40.43282],[-91.52913,40.43427],[-91.53362,40.43832],[-91.52327,40.45006],[-91.52509,40.45784],[-91.55269,40.45877],[-91.57475,40.46566],[-91.58153,40.47288],[-91.59082,40.49229],[-91.61282,40.50238],[-91.62135,40.51007],[-91.61803,40.53403],[-91.62007,40.54082],[-91.68171,40.55304],[-91.6887,40.55739],[-91.69156,40.56487],[-91.68636,40.58087],[-91.71677,40.59853],[-91.72911,40.61364],[-91.94771,40.60547],[-92.68669,40.58981],[-93.26061,40.5808],[-93.5608,40.5803],[-94.29481,40.57134],[-94.63203,40.57119],[-95.76565,40.58521],[-95.75315,40.59284],[-95.74863,40.60336],[-95.75127,40.60906],[-95.76893,40.62126],[-95.77133,40.63939],[-95.77625,40.64746],[-95.79549,40.66238],[-95.82291,40.66724],[-95.8428,40.6775],[-95.85262,40.70226],[-95.85938,40.70806],[-95.88318,40.71758],[-95.88891,40.73186],[-95.88669,40.7421],[-95.87903,40.75308],[-95.86998,40.75964],[-95.84662,40.76862],[-95.83523,40.77915],[-95.83452,40.78778],[-95.84534,40.81132],[-95.83719,40.83535],[-95.84859,40.86106],[-95.84252,40.87027],[-95.81593,40.87985],[-95.80947,40.89123],[-95.8143,40.90294],[-95.83644,40.92164],[-95.83974,40.93278],[-95.83795,40.95062],[-95.82983,40.96386],[-95.82907,40.97569],[-95.83891,40.98648],[-95.86012,40.99524],[-95.86729,41.0016],[-95.86949,41.0094],[-95.85992,41.0254],[-95.85965,41.03569],[-95.87949,41.0533],[-95.88241,41.06041],[-95.8781,41.06959],[-95.86546,41.08037],[-95.86259,41.0884],[-95.86589,41.1179],[-95.88209,41.144],[-95.88349,41.1549],[-95.87191,41.16812],[-95.84619,41.1667],[-95.84129,41.175],[-95.84409,41.1806],[-95.85679,41.1871],[-95.90969,41.1844],[-95.91829,41.1867],[-95.92599,41.1957],[-95.92489,41.2112],[-95.91259,41.227],[-95.91089,41.234],[-95.92869,41.2814],[-95.92749,41.2984],[-95.90589,41.3009],[-95.89907,41.28386],[-95.89015,41.27831],[-95.87689,41.2851],[-95.87149,41.2958],[-95.87469,41.3071],[-95.88309,41.3167],[-95.89929,41.3212],[-95.92569,41.3222],[-95.94689,41.3341],[-95.95669,41.3455],[-95.95489,41.3518],[-95.93549,41.3606],[-95.92879,41.3701],[-95.93749,41.3931],[-95.92972,41.41133],[-95.93317,41.42943],[-95.92058,41.4443],[-95.92253,41.45577],[-95.9368,41.46519],[-95.96233,41.46281],[-96.01176,41.47621],[-96.01922,41.4893],[-95.9979,41.50479],[-95.9926,41.51417],[-95.99953,41.53868],[-96.00508,41.544],[-96.01969,41.54574],[-96.02729,41.54108],[-96.03431,41.51285],[-96.0407,41.50708],[-96.05369,41.50886],[-96.07307,41.52505],[-96.08822,41.53059],[-96.09409,41.53927],[-96.09619,41.54719],[-96.09361,41.55827],[-96.08241,41.57123],[-96.08115,41.57729],[-96.08577,41.58575],[-96.10939,41.59687],[-96.11756,41.61],[-96.11623,41.62157],[-96.1007,41.63551],[-96.09505,41.64737],[-96.09984,41.66103],[-96.12098,41.67786],[-96.1214,41.68852],[-96.11197,41.69777],[-96.10512,41.69992],[-96.08243,41.69816],[-96.07306,41.705],[-96.07338,41.71067],[-96.07968,41.71796],[-96.10261,41.72802],[-96.10643,41.73789],[-96.10277,41.74634],[-96.07991,41.75789],[-96.07754,41.77782],[-96.06454,41.793],[-96.06733,41.80063],[-96.07555,41.80781],[-96.09827,41.81421],[-96.10759,41.82068],[-96.11081,41.82817],[-96.10791,41.84034],[-96.11025,41.84885],[-96.14204,41.86886],[-96.14883,41.88813],[-96.16176,41.90182],[-96.1591,41.91006],[-96.14226,41.91538],[-96.13674,41.92083],[-96.13661,41.92717],[-96.14458,41.94154],[-96.13332,41.95573],[-96.1295,41.97167],[-96.14123,41.97806],[-96.15654,41.98014],[-96.18627,41.97742],[-96.19214,41.98446],[-96.18357,41.99999],[-96.18807,42.00632],[-96.19456,42.00866],[-96.21523,42.0067],[-96.22546,41.99473],[-96.23649,41.99643],[-96.24204,42.00091],[-96.24193,42.00697],[-96.23886,42.01232],[-96.22361,42.02265],[-96.22382,42.03335],[-96.23839,42.04109],[-96.25609,42.03808],[-96.27143,42.04499],[-96.27845,42.0604],[-96.27934,42.07028],[-96.27676,42.08142],[-96.26764,42.09618],[-96.2689,42.11359],[-96.2792,42.12348],[-96.31009,42.13252],[-96.31953,42.14665],[-96.34239,42.16049],[-96.34969,42.17204],[-96.34807,42.19475],[-96.35987,42.21055],[-96.35659,42.21518],[-96.33632,42.21892],[-96.32372,42.22989],[-96.32287,42.23364],[-96.33,42.24022],[-96.32891,42.25473],[-96.336,42.26481],[-96.35639,42.27648],[-96.36579,42.28587],[-96.36921,42.30834],[-96.37531,42.31834],[-96.38417,42.32587],[-96.408,42.33741],[-96.41779,42.35145],[-96.41709,42.36144],[-96.40844,42.37609],[-96.41498,42.39344],[-96.41361,42.40789],[-96.38761,42.43249],[-96.38071,42.44639],[-96.38131,42.46169],[-96.38601,42.47449],[-96.39611,42.4841],[-96.40941,42.48759],[-96.45635,42.49248],[-96.47334,42.50354],[-96.47938,42.51114],[-96.49009,42.51244],[-96.49297,42.51728],[-96.4908,42.52033],[-96.47901,42.5264],[-96.47695,42.55608],[-96.4947,42.55674],[-96.499,42.56083],[-96.4858,42.575],[-96.49545,42.57947],[-96.49478,42.58574],[-96.50104,42.58925],[-96.50018,42.59411],[-96.51634,42.63043],[-96.52677,42.64118],[-96.53788,42.64645],[-96.53788,42.65543],[-96.54237,42.66074],[-96.56055,42.6692],[-96.5753,42.68267],[-96.59641,42.68851],[-96.63062,42.70588],[-96.62445,42.71429],[-96.6247,42.7255],[-96.63193,42.72509],[-96.6397,42.73707]]]}},{"type":"Feature","id":20,"properties":{"code":"KS","name":"Kansas"},"geometry":{"type":"Polygon","coordinates":[[[-102.05174,40.00308],[-95.30829,40.0],[-95.30778,39.99062],[-95.30251,39.98436],[-95.26989,39.9694],[-95.25025,39.94864],[-95.23676,39.94393],[-95.21644,39.94395],[-95.20443,39.93895],[-95.20069,39.92815],[-95.2062,39.90956],[-95.20194,39.90405],[-95.17945,39.90006],[-95.15983,39.90698],[-95.14966,39.90595],[-95.1438,39.90192],[-95.14272,39.88589],[-95.13709,39.87835],[-95.09016,39.86314],[-95.03777,39.86554],[-95.02793,39.87152],[-95.02524,39.8897],[-95.01315,39.89995],[-94.98698,39.89667],[-94.95928,39.90167],[-94.94387,39.89813],[-94.93449,39.89337],[-94.92736,39.88397],[-94.92847,39.87634],[-94.94241,39.86107],[-94.93977,39.85193],[-94.91692,39.83614],[-94.88693,39.8331],[-94.87704,39.82375],[-94.87594,39.81329],[-94.87634,39.80689],[-94.88408,39.79423],[-94.92965,39.78828],[-94.93521,39.78313],[-94.9353,39.77561],[-94.92623,39.76649],[-94.91229,39.75934],[-94.89916,39.76126],[-94.88146,39.77126],[-94.86964,39.77289],[-94.86074,39.76309],[-94.85944,39.75369],[-94.86294,39.74299],[-94.87564,39.73049],[-94.89932,39.72404],[-94.91832,39.72879],[-94.94873,39.74559],[-94.95529,39.74569],[-94.96532,39.73906],[-94.97121,39.7293],[-94.96845,39.7074],[-94.97132,39.68641],[-94.98415,39.67785],[-95.01531,39.67426],[-95.02764,39.66545],[-95.04952,39.63788],[-95.05492,39.62499],[-95.04645,39.60161],[-95.04928,39.58958],[-95.0569,39.58057],[-95.06452,39.57711],[-95.07669,39.57676],[-95.08952,39.58103],[-95.10323,39.57778],[-95.11308,39.55913],[-95.1093,39.54228],[-95.08271,39.51671],[-95.05218,39.5],[-95.04713,39.47497],[-95.0375,39.46369],[-95.01583,39.45281],[-94.99017,39.44619],[-94.98214,39.44055],[-94.97295,39.42171],[-94.94786,39.4086],[-94.94623,39.39565],[-94.94204,39.3895],[-94.92311,39.38449],[-94.90182,39.3928],[-94.89185,39.39331],[-94.88503,39.3898],[-94.87928,39.37978],[-94.88136,39.37038],[-94.9025,39.36038],[-94.91002,39.35254],[-94.90533,39.31195],[-94.90005,39.30019],[-94.88706,39.28648],[-94.84632,39.26848],[-94.83147,39.25627],[-94.82566,39.24173],[-94.8349,39.22384],[-94.83168,39.21594],[-94.82379,39.20987],[-94.81166,39.20659],[-94.78152,39.20615],[-94.76314,39.1799],[-94.75234,39.1732],[-94.73654,39.1692],[-94.71414,39.1704],[-94.68034,39.1843],[-94.66384,39.1791],[-94.66031,39.16805],[-94.66244,39.1576],[-94.64003,39.1531],[-94.61583,39.16],[-94.60173,39.1596],[-94.59193,39.155],[-94.58993,39.1404],[-94.60573,39.1222],[-94.60735,39.11344],[-94.61772,37.77297],[-94.61796,36.99891],[-98.2195,36.99782],[-100.11572,37.00221],[-102.04224,36.99308],[-102.04157,37.68044],[-102.05174,40.00308]]]}},{"type":"Feature","id":21,"properties":{"code":"KY","name":"Kentucky"},"geometry":{"type":"MultiPolygon","coordinates":[[[[-89.40565,36.52817],[-89.39869,36.54233],[-89.39591,36.55965],[-89.38276,36.5836],[-89.37637,36.61387],[-89.36555,36.62506],[-89.32673,36.63219],[-89.31341,36.62012],[-89.29464,36.59373],[-89.27171,36.57139],[-89.25999,36.56515],[-89.23654,36.56682],[-89.22732,36.56938],[-89.21356,36.58012],[-89.20261,36.60158],[-89.19765,36.62894],[-89.15908,36.66635],[-89.17188,36.67253],[-89.16796,36.67819],[-89.16952,36.68888],[-89.19948,36.71605],[-89.1998,36.73422],[-89.18452,36.75364],[-89.16911,36.75947],[-89.1304,36.7517],[-89.12613,36.75173],[-89.1192,36.7598],[-89.11607,36.77242],[-89.12353,36.78531],[-89.15589,36.78913],[-89.17107,36.79812],[-89.17875,36.80993],[-89.17889,36.83137],[-89.1704,36.84152],[-89.15947,36.84251],[-89.15351,36.8466],[-89.13797,36.84735],[-89.11757,36.88736],[-89.10077,36.94397],[-89.09901,36.96139],[-89.10288,36.9697],[-89.11503,36.98033],[-89.12507,36.9835],[-89.13291,36.98206],[-89.17112,37.00807],[-89.18085,37.02684],[-89.18137,37.0463],[-89.16809,37.07422],[-89.1545,37.08891],[-89.14132,37.09387],[-89.13493,37.10328],[-89.11119,37.11905],[-89.08653,37.1656],[-89.02998,37.21114],[-89.014,37.21609],[-89.00097,37.2244],[-88.96683,37.22989],[-88.93175,37.22759],[-88.80572,37.18859],[-88.73211,37.14396],[-88.72022,37.14064],[-88.69398,37.14115],[-88.64487,37.12284],[-88.62589,37.11946],[-88.58921,37.09965],[-88.57672,37.08585],[-88.5454,37.07],[-88.50444,37.06526],[-88.47613,37.06822],[-88.45895,37.0738],[-88.4446,37.0986],[-88.44354,37.10919],[-88.4244,37.15243],[-88.43378,37.16407],[-88.44776,37.20353],[-88.47175,37.22015],[-88.48728,37.24408],[-88.50803,37.26026],[-88.50694,37.26666],[-88.51594,37.28404],[-88.5115,37.29853],[-88.48446,37.34561],[-88.47659,37.38688],[-88.456,37.40848],[-88.41311,37.42447],[-88.39734,37.42164],[-88.37751,37.40982],[-88.37121,37.40273],[-88.36547,37.40166],[-88.3484,37.41073],[-88.33318,37.42721],[-88.31258,37.44059],[-88.28167,37.4526],[-88.18861,37.4619],[-88.13514,37.47163],[-88.08766,37.47106],[-88.07239,37.48356],[-88.06773,37.48159],[-88.06423,37.48455],[-88.06129,37.50523],[-88.06902,37.5253],[-88.08805,37.53512],[-88.10559,37.55618],[-88.13339,37.57424],[-88.13997,37.58645],[-88.14222,37.60374],[-88.15683,37.6328],[-88.15937,37.66185],[-88.12241,37.70969],[-88.07254,37.73329],[-88.05959,37.74261],[-88.0426,37.76712],[-88.03583,37.79192],[-88.02803,37.79922],[-88.01514,37.80193],[-87.9971,37.79767],[-87.97639,37.788],[-87.96003,37.77322],[-87.95259,37.77174],[-87.94451,37.77526],[-87.93255,37.79767],[-87.90681,37.80762],[-87.9038,37.81776],[-87.91028,37.84342],[-87.93623,37.86794],[-87.94102,37.87917],[-87.93837,37.8908],[-87.90479,37.92489],[-87.89247,37.92793],[-87.87254,37.921],[-87.8631,37.91186],[-87.85724,37.90065],[-87.84469,37.89205],[-87.84119,37.88233],[-87.83058,37.87652],[-87.7909,37.87571],[-87.76226,37.89091],[-87.74015,37.89465],[-87.71797,37.89257],[-87.68402,37.9035],[-87.67573,37.90193],[-87.66502,37.89351],[-87.66282,37.88145],[-87.68163,37.85592],[-87.67919,37.83632],[-87.66652,37.82746],[-87.63581,37.82702],[-87.61243,37.83384],[-87.58873,37.86098],[-87.59158,37.88719],[-87.62027,37.90692],[-87.62896,37.92671],[-87.62562,37.93344],[-87.60622,37.94964],[-87.60352,37.95894],[-87.60522,37.96514],[-87.60142,37.97254],[-87.58592,37.97544],[-87.57471,37.96774],[-87.57203,37.94747],[-87.55934,37.93115],[-87.5115,37.90643],[-87.50113,37.90916],[-87.44779,37.94243],[-87.41858,37.94476],[-87.38025,37.9356],[-87.34493,37.91116],[-87.30232,37.89845],[-87.27437,37.88294],[-87.25525,37.86733],[-87.22094,37.84913],[-87.20224,37.84379],[-87.16232,37.84016],[-87.14195,37.81618],[-87.12963,37.78661],[-87.11113,37.78251],[-87.09064,37.78781],[-87.06784,37.80606],[-87.04385,37.8708],[-87.0451,37.89377],[-87.03344,37.90659],[-87.01032,37.91967],[-86.96904,37.93286],[-86.91933,37.93666],[-86.90241,37.94616],[-86.88496,37.96437],[-86.85595,37.98729],[-86.82007,37.99939],[-86.79498,37.98898],[-86.76505,37.93251],[-86.75099,37.91289],[-86.73146,37.89434],[-86.71614,37.89407],[-86.68093,37.91501],[-86.64708,37.90862],[-86.64475,37.89481],[-86.66123,37.86276],[-86.66164,37.84971],[-86.65252,37.84164],[-86.63827,37.84272],[-86.60916,37.85541],[-86.59811,37.86738],[-86.59985,37.90675],[-86.58858,37.92116],[-86.56626,37.92216],[-86.53416,37.91701],[-86.511,37.92612],[-86.50662,37.93072],[-86.50939,37.94249],[-86.5205,37.95444],[-86.52517,37.96823],[-86.52497,38.02788],[-86.52183,38.03833],[-86.51176,38.04445],[-86.4719,38.04622],[-86.45219,38.05049],[-86.43279,38.06717],[-86.43009,38.07864],[-86.43405,38.08676],[-86.45879,38.0964],[-86.46386,38.10118],[-86.46608,38.11444],[-86.46325,38.11928],[-86.44979,38.12722],[-86.43175,38.12612],[-86.40165,38.1054],[-86.39621,38.10779],[-86.38722,38.12463],[-86.37977,38.12927],[-86.33514,38.12924],[-86.32345,38.13903],[-86.32127,38.14742],[-86.32594,38.15432],[-86.37174,38.16418],[-86.37743,38.17138],[-86.37815,38.18585],[-86.3738,38.19335],[-86.36038,38.1988],[-86.34774,38.19536],[-86.31714,38.17291],[-86.28777,38.15805],[-86.2718,38.13787],[-86.27872,38.0893],[-86.27358,38.06744],[-86.26127,38.05272],[-86.23306,38.0393],[-86.22037,38.02792],[-86.17898,38.01131],[-86.16731,38.00988],[-86.12757,38.01601],[-86.09577,38.00893],[-86.07398,37.99545],[-86.06486,37.97562],[-86.05391,37.96357],[-86.04521,37.95826],[-86.03819,37.95935],[-86.03339,37.97038],[-86.03501,37.98481],[-86.02951,37.99264],[-86.00913,37.99853],[-85.95147,38.00561],[-85.93948,38.01095],[-85.92542,38.02346],[-85.92137,38.03213],[-85.91564,38.06647],[-85.90616,38.08617],[-85.90456,38.10027],[-85.90946,38.14007],[-85.90876,38.16117],[-85.89476,38.18847],[-85.84546,38.23027],[-85.83966,38.23977],[-85.83806,38.25737],[-85.82936,38.27677],[-85.81616,38.28297],[-85.78096,38.28847],[-85.76596,38.28047],[-85.76106,38.27257],[-85.74486,38.26717],[-85.68356,38.29547],[-85.67502,38.30132],[-85.65364,38.32711],[-85.63878,38.36144],[-85.63804,38.38034],[-85.63294,38.39567],[-85.62052,38.4231],[-85.60763,38.4393],[-85.58776,38.45049],[-85.53654,38.45608],[-85.49887,38.46824],[-85.4829,38.4857],[-85.47222,38.50628],[-85.43314,38.52391],[-85.42308,38.53158],[-85.4156,38.54634],[-85.41582,38.56356],[-85.43745,38.60172],[-85.43874,38.65932],[-85.45549,38.68209],[-85.45698,38.68914],[-85.45211,38.70935],[-85.43407,38.72946],[-85.41093,38.73708],[-85.36383,38.73048],[-85.30605,38.74165],[-85.27545,38.74117],[-85.2465,38.73182],[-85.22606,38.70546],[-85.21326,38.69545],[-85.19051,38.68795],[-85.17253,38.68808],[-85.13868,38.69917],[-85.10096,38.7268],[-84.99001,38.77838],[-84.94107,38.77563],[-84.88792,38.79465],[-84.82871,38.78321],[-84.81288,38.78609],[-84.81394,38.80021],[-84.8271,38.81863],[-84.82996,38.83063],[-84.82336,38.8392],[-84.791,38.86057],[-84.7858,38.8695],[-84.78523,38.88044],[-84.80025,38.89107],[-84.81275,38.89513],[-84.86778,38.89913],[-84.87703,38.90902],[-84.87776,38.92036],[-84.86473,38.93489],[-84.83516,38.95796],[-84.82986,38.96939],[-84.83712,38.98806],[-84.87017,39.02555],[-84.88907,39.04082],[-84.89717,39.05241],[-84.89736,39.05738],[-84.88887,39.06638],[-84.86069,39.07814],[-84.8312,39.10192],[-84.78768,39.1153],[-84.76675,39.13856],[-84.75075,39.14736],[-84.73205,39.14446],[-84.71855,39.13706],[-84.68485,39.10046],[-84.65725,39.09546],[-84.63245,39.07676],[-84.62011,39.07346],[-84.60168,39.07411],[-84.57214,39.08206],[-84.55084,39.09936],[-84.54134,39.09916],[-84.52464,39.09216],[-84.50974,39.09366],[-84.49654,39.10026],[-84.48094,39.11676],[-84.47054,39.12146],[-84.44979,39.11775],[-84.43554,39.10226],[-84.43234,39.06756],[-84.42573,39.05306],[-84.40694,39.04566],[-84.38684,39.04516],[-84.34604,39.03696],[-84.32654,39.02746],[-84.3047,39.00646],[-84.29726,38.98969],[-84.29508,38.96829],[-84.28816,38.95579],[-84.25701,38.92321],[-84.23445,38.89323],[-84.23131,38.83055],[-84.2253,38.81766],[-84.2129,38.80571],[-84.15591,38.79491],[-84.07149,38.77047],[-84.04449,38.77057],[-83.97881,38.7871],[-83.96212,38.78738],[-83.94398,38.78362],[-83.92699,38.77156],[-83.87317,38.76242],[-83.85209,38.75143],[-83.8367,38.71786],[-83.82185,38.70958],[-83.78711,38.69949],[-83.76935,38.65522],[-83.74992,38.64961],[-83.72078,38.6467],[-83.67948,38.63004],[-83.66391,38.62793],[-83.64974,38.63275],[-83.64299,38.64327],[-83.63621,38.67058],[-83.62692,38.67939],[-83.61574,38.68415],[-83.52095,38.70305],[-83.49334,38.69419],[-83.46806,38.67547],[-83.44699,38.67014],[-83.38475,38.66317],[-83.35644,38.65401],[-83.32764,38.63749],[-83.32238,38.63061],[-83.31754,38.60924],[-83.30783,38.60082],[-83.29419,38.59659],[-83.28651,38.59924],[-83.26401,38.62154],[-83.24557,38.62794],[-83.2324,38.62757],[-83.20245,38.61696],[-83.15693,38.62055],[-83.14284,38.62508],[-83.12897,38.64023],[-83.12255,38.6592],[-83.11237,38.67168],[-83.10275,38.67732],[-83.06432,38.68898],[-83.0531,38.69583],[-83.02792,38.72714],[-83.01182,38.73006],[-82.97939,38.72598],[-82.92369,38.75008],[-82.89419,38.75658],[-82.87949,38.75148],[-82.87259,38.74258],[-82.86989,38.72818],[-82.87759,38.69018],[-82.85939,38.66038],[-82.85429,38.61345],[-82.84431,38.59086],[-82.82016,38.5727],[-82.80011,38.56318],[-82.77947,38.55902],[-82.73096,38.55926],[-82.70005,38.54434],[-82.65705,38.49682],[-82.63771,38.48445],[-82.6138,38.47453],[-82.60409,38.45984],[-82.60076,38.43742],[-82.59367,38.42181],[-82.59711,38.41288],[-82.595,38.40133],[-82.59974,38.39037],[-82.59301,38.37508],[-82.59752,38.36484],[-82.59798,38.34491],[-82.57694,38.32827],[-82.57269,38.3188],[-82.57196,38.31361],[-82.58306,38.29683],[-82.5746,38.27472],[-82.57466,38.26387],[-82.584,38.24637],[-82.60533,38.2473],[-82.61226,38.23609],[-82.60894,38.22366],[-82.59844,38.21739],[-82.59933,38.19723],[-82.61134,38.17155],[-82.61943,38.16903],[-82.63905,38.17111],[-82.64474,38.16549],[-82.63895,38.15674],[-82.63731,38.13905],[-82.62212,38.13341],[-82.62035,38.12148],[-82.60659,38.12084],[-82.58778,38.10888],[-82.58404,38.09066],[-82.57407,38.0821],[-82.56574,38.08064],[-82.5596,38.07284],[-82.55126,38.0708],[-82.54392,38.05213],[-82.53729,38.0452],[-82.53864,38.03738],[-82.52582,38.02641],[-82.52583,38.01956],[-82.51761,38.00722],[-82.51735,38.0012],[-82.48773,37.99833],[-82.46426,37.98341],[-82.4718,37.95912],[-82.48512,37.94604],[-82.49668,37.9464],[-82.50186,37.9332],[-82.47457,37.90029],[-82.4476,37.90435],[-82.43858,37.90026],[-82.43211,37.88991],[-82.42148,37.88565],[-82.41768,37.87066],[-82.42426,37.86171],[-82.42048,37.84681],[-82.41217,37.84479],[-82.40787,37.8355],[-82.37958,37.81091],[-82.37739,37.80301],[-82.36778,37.80063],[-82.34885,37.78718],[-82.3397,37.78551],[-82.33382,37.76539],[-82.32101,37.75543],[-82.32142,37.75127],[-82.32822,37.74848],[-82.33335,37.7412],[-82.31888,37.73376],[-82.3162,37.72154],[-82.3117,37.71877],[-82.30724,37.70767],[-82.29663,37.7024],[-82.30289,37.69368],[-82.29626,37.68707],[-82.29439,37.67045],[-82.28817,37.66823],[-82.27788,37.67],[-82.27202,37.66378],[-82.25711,37.65675],[-82.23939,37.66146],[-82.22611,37.65309],[-82.2236,37.64455],[-82.21669,37.64133],[-82.2202,37.63391],[-82.21565,37.62624],[-82.1814,37.6268],[-82.18143,37.62184],[-82.16445,37.60801],[-82.15672,37.59279],[-82.14843,37.59091],[-82.14155,37.59517],[-82.13198,37.59354],[-82.11658,37.55959],[-82.07503,37.55582],[-82.06442,37.54452],[-82.06333,37.53621],[-82.04481,37.54181],[-82.04282,37.54836],[-82.02883,37.53767],[-82.01888,37.54057],[-82.01397,37.53356],[-81.99403,37.53761],[-81.98909,37.54251],[-81.98248,37.54181],[-81.97639,37.54543],[-81.97015,37.5465],[-81.96497,37.54303],[-81.9683,37.5378],[-82.06281,37.47091],[-82.30942,37.30007],[-82.32462,37.28318],[-82.34185,37.28089],[-82.34207,37.27411],[-82.35095,37.26708],[-82.44916,37.24391],[-82.45702,37.23829],[-82.49886,37.22704],[-82.59245,37.18285],[-82.59745,37.17709],[-82.61742,37.16813],[-82.63349,37.15426],[-82.65327,37.15131],[-82.65747,37.14502],[-82.66772,37.14195],[-82.67677,37.13497],[-82.6846,37.13584],[-82.7221,37.12017],[-82.72645,37.11498],[-82.72162,37.10128],[-82.72495,37.0919],[-82.71674,37.07722],[-82.72702,37.07302],[-82.72225,37.05795],[-82.72247,37.0451],[-82.72628,37.0421],[-82.7336,37.04453],[-82.74245,37.04298],[-82.74798,37.02521],[-82.75917,37.02733],[-82.77179,37.01572],[-82.77737,37.01528],[-82.78214,37.00824],[-82.79344,37.00549],[-82.79749,37.00965],[-82.82268,37.00413],[-82.82859,37.00571],[-82.8308,36.99345],[-82.83601,36.98884],[-82.845,36.98381],[-82.85373,36.98518],[-82.85794,36.97828],[-82.86293,36.97998],[-82.86754,36.97752],[-82.87023,36.9655],[-82.8654,36.95808],[-82.85571,36.95381],[-82.86128,36.94485],[-82.85796,36.92953],[-82.87747,36.90796],[-82.87007,36.90174],[-82.87864,36.89398],[-82.87857,36.88958],[-82.90632,36.87974],[-82.90777,36.87471],[-82.92241,36.87392],[-82.93757,36.86727],[-82.95168,36.86615],[-82.97025,36.85769],[-82.97923,36.85969],[-82.99838,36.85663],[-83.00922,36.8473],[-83.02189,36.84999],[-83.02689,36.85549],[-83.04759,36.85179],[-83.07259,36.85459],[-83.07559,36.85059],[-83.07519,36.84089],[-83.08699,36.83819],[-83.10179,36.82909],[-83.09849,36.81429],[-83.10309,36.80669],[-83.11914,36.78953],[-83.13169,36.78149],[-83.12849,36.77559],[-83.13248,36.7644],[-83.12565,36.76141],[-83.12881,36.75786],[-83.12783,36.75083],[-83.13639,36.74309],[-83.1946,36.73949],[-83.2555,36.72179],[-83.3114,36.71029],[-83.3861,36.68659],[-83.39581,36.67679],[-83.42371,36.66739],[-83.46648,36.6647],[-83.49801,36.67048],[-83.52961,36.66618],[-83.54181,36.65658],[-83.56261,36.65128],[-83.57731,36.64178],[-83.60791,36.63708],[-83.62891,36.62408],[-83.64831,36.62268],[-83.64951,36.61668],[-83.66361,36.60678],[-83.67311,36.60468],[-83.69071,36.58258],[-83.98784,36.5896],[-84.54314,36.59628],[-84.84309,36.60513],[-85.02463,36.61935],[-85.19537,36.6255],[-85.29063,36.62645],[-85.48835,36.61499],[-85.67779,36.61816],[-86.03277,36.63037],[-86.33305,36.64878],[-86.50777,36.65245],[-86.54378,36.64054],[-86.54339,36.64389],[-86.55005,36.64482],[-86.55129,36.63799],[-86.56414,36.63347],[-86.58991,36.65249],[-87.01152,36.64395],[-87.42501,36.64105],[-87.8532,36.63325],[-87.84957,36.6637],[-88.01179,36.67703],[-88.07053,36.67812],[-88.06821,36.65975],[-88.05704,36.64054],[-88.04513,36.60294],[-88.03249,36.54066],[-88.03782,36.51385],[-88.05321,36.49713],[-88.96447,36.50219],[-89.30028,36.50715],[-89.41729,36.49903],[-89.40565,36.52817]]],[[[-89.57151,36.55257],[-89.56319,36.56875],[-89.54611,36.57999],[-89.52758,36.58115],[-89.50008,36.5763],[-89.47909,36.56821],[-89.46776,36.54685],[-89.46589,36.52995],[-89.47246,36.51374],[-89.48543,36.49749],[-89.53923,36.49793],[-89.56034,36.52544],[-89.57151,36.55257]]]]}},{"type":"Feature","id":22,"properties":{"code":"LA","name":"Louisiana"},"geometry":{"type":"MultiPolygon","coordinates":[[[[-88.88145,30.0532],[-88.87048,30.04921],[-88.85558,30.03441],[-88.84122,30.01279],[-88.82416,29.97046],[-88.81702,29.93425],[-88.81815,29.88911],[-88.82654,29.84709],[-88.84408,29.79571],[-88.86295,29.75705],[-88.87509,29.75982],[-88.87373,29.77543],[-88.84686,29.83664],[-88.83678,29.88616],[-88.8351,29.92256],[-88.83871,29.96233],[-88.85442,30.01204],[-88.87793,30.04113],[-88.88145,30.0532]]],[[[-89.34216,30.05917],[-89.31643,30.06921],[-89.30303,30.09157],[-89.19048,30.16176],[-89.18326,30.14934],[-89.22709,30.09513],[-89.2208,30.07145],[-89.1858,30.06393],[-89.1734,30.04336],[-89.18396,30.03277],[-89.20297,30.03462],[-89.21234,30.01958],[-89.20158,30.00143],[-89.21568,29.99352],[-89.2295,30.00043],[-89.22722,30.02124],[-89.23929,30.0408],[-89.25978,30.04943],[-89.27618,30.03174],[-89.3085,30.03976],[-89.33699,30.03999],[-89.34216,30.05917]]],[[[-89.44209,30.14437],[-89.4245,30.15346],[-89.41769,30.14368],[-89.42903,30.12856],[-89.439,30.12753],[-89.45302,30.13907],[-89.44209,30.14437]]],[[[-89.62677,29.53521],[-89.61084,29.53655],[-89.58898,29.54761],[-89.57519,29.54989],[-89.56462,29.54379],[-89.59967,29.50759],[-89.61774,29.52052],[-89.62677,29.53521]]],[[[-90.37617,29.10867],[-90.35145,29.13109],[-90.34301,29.12849],[-90.30392,29.07538],[-90.31758,29.06733],[-90.33494,29.0638],[-90.36169,29.10308],[-90.37617,29.10867]]],[[[-90.55823,29.09407],[-90.52377,29.09096],[-90.47742,29.07538],[-90.4382,29.07226],[-90.41919,29.06499],[-90.44273,29.05605],[-90.48812,29.05876],[-90.53684,29.07434],[-90.55823,29.09407]]],[[[-90.75075,29.05564],[-90.69846,29.07019],[-90.66162,29.07226],[-90.65212,29.05772],[-90.74838,29.04006],[-90.76501,29.04526],[-90.75075,29.05564]]],[[[-92.01783,29.59096],[-92.00535,29.60305],[-91.98265,29.61421],[-91.96089,29.60894],[-91.9399,29.61029],[-91.92786,29.6325],[-91.90053,29.63446],[-91.88627,29.62847],[-91.84824,29.62712],[-91.83094,29.61162],[-91.80663,29.6002],[-91.80273,29.58869],[-91.78466,29.59406],[-91.76517,29.57505],[-91.74632,29.57434],[-91.73332,29.58083],[-91.73154,29.56254],[-91.71108,29.56933],[-91.71324,29.55551],[-91.73534,29.54011],[-91.76541,29.5248],[-91.7742,29.50495],[-91.76826,29.49036],[-91.7862,29.48311],[-91.80356,29.48788],[-91.81461,29.48206],[-91.82158,29.47393],[-91.84646,29.47931],[-91.85727,29.50008],[-91.87046,29.50381],[-91.88399,29.5017],[-91.90086,29.51395],[-91.94926,29.53628],[-91.9636,29.53594],[-91.97195,29.54341],[-92.01514,29.56133],[-92.03019,29.57267],[-92.01783,29.59096]]],[[[-94.04315,32.69303],[-94.04296,33.01922],[-93.07317,33.0179],[-92.22283,33.00908],[-91.16609,33.00429],[-91.17331,32.98609],[-91.20184,32.96121],[-91.19942,32.95231],[-91.21071,32.93984],[-91.21403,32.93032],[-91.2116,32.91962],[-91.19978,32.90851],[-91.17024,32.89939],[-91.15169,32.90194],[-91.13404,32.91768],[-91.13129,32.93005],[-91.13786,32.95276],[-91.13072,32.96226],[-91.13859,32.97135],[-91.13552,32.97966],[-91.11176,32.98836],[-91.09693,32.98641],[-91.0868,32.97627],[-91.08035,32.96279],[-91.0789,32.95182],[-91.08308,32.94791],[-91.08191,32.94477],[-91.07207,32.93783],[-91.0648,32.92646],[-91.06445,32.90106],[-91.0706,32.88866],[-91.10563,32.8584],[-91.12789,32.85506],[-91.145,32.84287],[-91.16167,32.81247],[-91.1644,32.78582],[-91.15692,32.78034],[-91.16497,32.76198],[-91.16533,32.7513],[-91.16339,32.74701],[-91.15446,32.74234],[-91.12315,32.7428],[-91.07718,32.73253],[-91.057,32.72558],[-91.05475,32.71923],[-91.06395,32.70293],[-91.07606,32.69375],[-91.11826,32.67408],[-91.13764,32.65062],[-91.14975,32.64404],[-91.15374,32.63523],[-91.15132,32.61592],[-91.14115,32.59721],[-91.12791,32.58649],[-91.11985,32.58479],[-91.11276,32.59019],[-91.0498,32.60719],[-91.03842,32.63644],[-91.02577,32.64657],[-91.01429,32.64048],[-91.00296,32.62255],[-91.0046,32.60978],[-91.01023,32.60193],[-91.03617,32.57956],[-91.07651,32.55883],[-91.07085,32.54852],[-91.057,32.53829],[-90.99487,32.50861],[-90.9872,32.49566],[-90.9907,32.48775],[-91.00421,32.48214],[-91.03811,32.49044],[-91.05091,32.50014],[-91.06741,32.52322],[-91.09788,32.54475],[-91.1013,32.5256],[-91.11671,32.50014],[-91.11601,32.48314],[-91.09531,32.45874],[-91.05291,32.43844],[-91.02961,32.43354],[-90.99386,32.45085],[-90.97855,32.44703],[-90.96959,32.43949],[-90.96646,32.43387],[-90.96626,32.42103],[-90.97446,32.412],[-90.99408,32.40386],[-90.99469,32.39228],[-91.00451,32.36814],[-91.00011,32.35769],[-90.99362,32.35405],[-90.91236,32.33945],[-90.89776,32.35436],[-90.88895,32.37325],[-90.87563,32.37243],[-90.8761,32.35775],[-90.89365,32.32809],[-90.91616,32.30358],[-90.93399,32.29034],[-90.95135,32.2832],[-90.96415,32.29687],[-90.9746,32.29712],[-90.97947,32.2937],[-90.98408,32.27995],[-90.98298,32.27029],[-90.9694,32.25252],[-90.98029,32.2436],[-90.98338,32.21177],[-90.99139,32.19944],[-91.00008,32.19753],[-91.00354,32.20077],[-91.00291,32.22305],[-91.02151,32.23615],[-91.03901,32.24235],[-91.05031,32.23795],[-91.05311,32.22795],[-91.06141,32.21865],[-91.07111,32.22605],[-91.08371,32.22645],[-91.10041,32.21785],[-91.10851,32.20815],[-91.11727,32.20667],[-91.13359,32.21343],[-91.16417,32.19689],[-91.17455,32.15498],[-91.1717,32.14425],[-91.16282,32.13269],[-91.11129,32.12504],[-91.10118,32.13114],[-91.08163,32.13399],[-91.05317,32.12424],[-91.04851,32.15015],[-91.04971,32.15735],[-91.05891,32.17125],[-91.05765,32.17735],[-91.05021,32.17845],[-91.02501,32.16255],[-91.00619,32.15696],[-91.00411,32.14615],[-91.00641,32.13995],[-91.01761,32.12515],[-91.03091,32.12055],[-91.03051,32.10815],[-91.03471,32.10105],[-91.08151,32.07775],[-91.08021,32.04836],[-91.10371,32.05025],[-91.11431,32.05826],[-91.12861,32.07655],[-91.13931,32.08175],[-91.14881,32.08015],[-91.16161,32.06775],[-91.16131,32.05976],[-91.15141,32.04926],[-91.08811,32.03446],[-91.08261,32.02866],[-91.07993,32.01832],[-91.07591,32.01683],[-91.0901,32.00016],[-91.10411,31.99036],[-91.16441,31.98256],[-91.18481,31.96556],[-91.18831,31.96096],[-91.19321,31.93566],[-91.18471,31.93506],[-91.18491,31.92376],[-91.18061,31.91796],[-91.19381,31.90956],[-91.20281,31.90796],[-91.2349,31.87686],[-91.26771,31.86266],[-91.26811,31.85306],[-91.24505,31.83145],[-91.24737,31.82232],[-91.25561,31.81266],[-91.26921,31.80916],[-91.28221,31.81476],[-91.28941,31.82866],[-91.28931,31.84686],[-91.29341,31.86016],[-91.33381,31.85326],[-91.34301,31.84686],[-91.35951,31.79936],[-91.36468,31.77034],[-91.34856,31.76584],[-91.30132,31.76675],[-91.28605,31.77206],[-91.27387,31.77118],[-91.26304,31.767],[-91.25961,31.76129],[-91.26341,31.75447],[-91.27554,31.74552],[-91.35514,31.74158],[-91.38092,31.73246],[-91.39711,31.71136],[-91.40001,31.69786],[-91.39571,31.64417],[-91.40102,31.62036],[-91.42112,31.61156],[-91.43672,31.61266],[-91.47432,31.62536],[-91.49275,31.64428],[-91.49766,31.64537],[-91.51546,31.63037],[-91.51657,31.61182],[-91.50278,31.59573],[-91.48862,31.58747],[-91.46632,31.58607],[-91.42272,31.59707],[-91.40391,31.58977],[-91.40542,31.57647],[-91.41491,31.56217],[-91.44392,31.54247],[-91.47972,31.53037],[-91.48962,31.53427],[-91.51396,31.53208],[-91.52254,31.52208],[-91.52058,31.51321],[-91.51492,31.51011],[-91.51815,31.48348],[-91.51337,31.4444],[-91.50005,31.42052],[-91.47207,31.39592],[-91.4711,31.37692],[-91.47887,31.36495],[-91.50416,31.36495],[-91.52184,31.37517],[-91.53234,31.39027],[-91.53946,31.41402],[-91.53714,31.42416],[-91.54163,31.43171],[-91.54846,31.43267],[-91.56518,31.42345],[-91.57627,31.4105],[-91.57833,31.39907],[-91.56895,31.37763],[-91.55568,31.38641],[-91.54621,31.38248],[-91.54991,31.37632],[-91.551,31.36365],[-91.54897,31.34726],[-91.50866,31.31513],[-91.50886,31.29164],[-91.51561,31.27821],[-91.53773,31.26737],[-91.56419,31.26163],[-91.63767,31.26768],[-91.64867,31.26224],[-91.65403,31.25575],[-91.65202,31.24269],[-91.64436,31.23441],[-91.62512,31.22607],[-91.60162,31.20857],[-91.58894,31.18896],[-91.58905,31.17859],[-91.59706,31.16349],[-91.62422,31.13373],[-91.62599,31.1169],[-91.61857,31.10733],[-91.56765,31.07019],[-91.55991,31.05412],[-91.5644,31.03897],[-91.57841,31.02403],[-91.63694,30.99942],[-89.81643,31.00208],[-89.75264,31.00185],[-89.74919,30.99956],[-89.74182,31.00344],[-89.72962,31.00393],[-89.72813,31.00096],[-89.73554,30.99971],[-89.73423,30.9956],[-89.7277,30.99333],[-89.7305,30.97971],[-89.73715,30.97608],[-89.72707,30.96739],[-89.73569,30.96657],[-89.75633,30.9435],[-89.75584,30.93954],[-89.7489,30.93389],[-89.75007,30.92982],[-89.74479,30.91893],[-89.75007,30.91293],[-89.7594,30.91513],[-89.7642,30.91191],[-89.75667,30.90107],[-89.75872,30.89732],[-89.7731,30.89834],[-89.77003,30.88225],[-89.77711,30.88109],[-89.77919,30.87518],[-89.76796,30.86386],[-89.77259,30.85366],[-89.78407,30.85527],[-89.78023,30.84624],[-89.7875,30.84411],[-89.79012,30.83798],[-89.79043,30.83098],[-89.78399,30.82738],[-89.78117,30.82012],[-89.78589,30.81596],[-89.79175,30.82039],[-89.79865,30.82086],[-89.80406,30.80325],[-89.81148,30.798],[-89.80511,30.7906],[-89.8121,30.78844],[-89.81395,30.79378],[-89.81916,30.79523],[-89.83154,30.76761],[-89.82605,30.74232],[-89.81607,30.73937],[-89.83687,30.73466],[-89.83633,30.7272],[-89.82806,30.72502],[-89.83006,30.71631],[-89.83626,30.71618],[-89.84658,30.70621],[-89.8436,30.70251],[-89.83807,30.70404],[-89.83548,30.69117],[-89.85189,30.6612],[-89.83326,30.65752],[-89.82187,30.64402],[-89.81808,30.63402],[-89.82326,30.6228],[-89.82087,30.61825],[-89.82328,30.60823],[-89.81392,30.60772],[-89.81984,30.59534],[-89.80712,30.58734],[-89.80974,30.58471],[-89.80803,30.568],[-89.79449,30.56965],[-89.78969,30.56658],[-89.79243,30.56309],[-89.80149,30.5637],[-89.80389,30.56058],[-89.80279,30.5579],[-89.79453,30.55655],[-89.79166,30.55152],[-89.79533,30.54656],[-89.77957,30.54434],[-89.77164,30.53025],[-89.76813,30.51502],[-89.76057,30.51576],[-89.75813,30.5054],[-89.72461,30.4919],[-89.71589,30.4778],[-89.70955,30.47785],[-89.7018,30.46512],[-89.6901,30.45966],[-89.68341,30.45179],[-89.68482,30.43951],[-89.67851,30.41401],[-89.68013,30.4114],[-89.68412,30.41265],[-89.68369,30.40587],[-89.6622,30.37127],[-89.65719,30.35652],[-89.6467,30.3525],[-89.6452,30.34813],[-89.62973,30.33929],[-89.62988,30.32102],[-89.62622,30.31425],[-89.6404,30.30675],[-89.64344,30.28768],[-89.63141,30.27966],[-89.63179,30.25692],[-89.61416,30.2446],[-89.61586,30.2232],[-89.59665,30.2118],[-89.58575,30.1921],[-89.57445,30.1817],[-89.56225,30.1824],[-89.53865,30.1958],[-89.53045,30.1922],[-89.5245,30.18075],[-89.53749,30.17175],[-89.56283,30.16867],[-89.58706,30.15065],[-89.59502,30.14989],[-89.61754,30.15642],[-89.64099,30.13861],[-89.65699,30.11838],[-89.67816,30.10829],[-89.68371,30.07602],[-89.71294,30.06909],[-89.72745,30.06266],[-89.731,30.05758],[-89.73154,30.04969],[-89.71638,30.02622],[-89.73332,30.02205],[-89.76322,30.04211],[-89.78253,30.04537],[-89.81856,30.04333],[-89.85756,30.00444],[-89.85231,29.97765],[-89.8385,29.94582],[-89.81803,29.93415],[-89.80446,29.93259],[-89.77546,29.93742],[-89.74849,29.94583],[-89.72793,29.95878],[-89.71907,29.9537],[-89.71291,29.94635],[-89.74273,29.93589],[-89.74627,29.92822],[-89.74248,29.90817],[-89.71116,29.87929],[-89.692,29.86872],[-89.67155,29.86754],[-89.66057,29.86291],[-89.63802,29.86407],[-89.61316,29.87216],[-89.59813,29.88141],[-89.59119,29.89702],[-89.59235,29.91725],[-89.5831,29.93171],[-89.5831,29.94558],[-89.575,29.95945],[-89.57443,29.98374],[-89.58136,29.99472],[-89.55129,30.00571],[-89.50159,30.03404],[-89.49406,30.04097],[-89.49464,30.0508],[-89.49927,30.05889],[-89.49348,30.07219],[-89.48193,30.07913],[-89.45895,30.06345],[-89.44462,30.06096],[-89.41846,30.04975],[-89.37238,30.05473],[-89.36864,30.04726],[-89.37238,30.03667],[-89.3811,30.03044],[-89.39356,30.02982],[-89.42281,30.0155],[-89.43278,30.00802],[-89.43341,29.99121],[-89.43278,29.97875],[-89.40538,29.96567],[-89.37923,29.9638],[-89.3786,29.91959],[-89.36802,29.91149],[-89.33189,29.91585],[-89.31545,29.92321],[-89.27331,29.99382],[-89.25053,30.00236],[-89.24371,29.99724],[-89.24997,29.9756],[-89.21807,29.97275],[-89.22377,29.96193],[-89.23118,29.92548],[-89.24484,29.93004],[-89.26306,29.92947],[-89.28014,29.92491],[-89.31831,29.89815],[-89.32229,29.88733],[-89.31146,29.88164],[-89.28925,29.8805],[-89.27218,29.88676],[-89.24143,29.88961],[-89.2363,29.88676],[-89.2363,29.87708],[-89.25452,29.86455],[-89.2699,29.86],[-89.36329,29.84576],[-89.38379,29.83893],[-89.38322,29.83038],[-89.37297,29.82526],[-89.34563,29.82014],[-89.34278,29.7985],[-89.33197,29.79052],[-89.31831,29.78881],[-89.29325,29.80305],[-89.2773,29.80761],[-89.2773,29.79963],[-89.28413,29.79565],[-89.28471,29.77002],[-89.26932,29.76091],[-89.27103,29.75635],[-89.3052,29.75693],[-89.31602,29.76091],[-89.32513,29.7723],[-89.33766,29.77914],[-89.35418,29.78141],[-89.36727,29.77515],[-89.38606,29.78881],[-89.39461,29.78483],[-89.39916,29.77059],[-89.41454,29.75237],[-89.42821,29.74155],[-89.43025,29.71261],[-89.39609,29.69572],[-89.38779,29.67999],[-89.40396,29.68181],[-89.42421,29.69764],[-89.43381,29.65637],[-89.46556,29.65174],[-89.47118,29.67316],[-89.4676,29.69902],[-89.48696,29.72592],[-89.52489,29.72657],[-89.51956,29.69222],[-89.53376,29.6702],[-89.51073,29.65747],[-89.48792,29.6304],[-89.48693,29.62045],[-89.5352,29.64857],[-89.58334,29.65283],[-89.61083,29.63856],[-89.64123,29.64796],[-89.66569,29.64315],[-89.60211,29.6103],[-89.60259,29.58219],[-89.63776,29.59665],[-89.64911,29.61302],[-89.67474,29.62663],[-89.68449,29.6248],[-89.68814,29.61506],[-89.68449,29.60287],[-89.67108,29.58824],[-89.65036,29.58694],[-89.6418,29.57557],[-89.66367,29.56441],[-89.68449,29.56326],[-89.68449,29.55107],[-89.68109,29.53449],[-89.65719,29.53231],[-89.6402,29.50356],[-89.60846,29.49044],[-89.56961,29.49404],[-89.5721,29.47522],[-89.52843,29.4547],[-89.53194,29.42568],[-89.50855,29.38617],[-89.48731,29.39335],[-89.48232,29.40622],[-89.47714,29.41124],[-89.47014,29.40147],[-89.4573,29.39315],[-89.38,29.39178],[-89.35553,29.38157],[-89.3403,29.38141],[-89.33659,29.37823],[-89.34762,29.365],[-89.33858,29.35544],[-89.31992,29.36268],[-89.31208,29.38804],[-89.2653,29.34535],[-89.25785,29.33687],[-89.25355,29.3228],[-89.24087,29.31008],[-89.22419,29.31379],[-89.21973,29.32441],[-89.2047,29.33867],[-89.2006,29.34767],[-89.17955,29.33961],[-89.17822,29.32697],[-89.16501,29.30304],[-89.15759,29.29669],[-89.14028,29.29108],[-89.13434,29.27934],[-89.13698,29.27524],[-89.1151,29.2529],[-89.11665,29.21953],[-89.11273,29.20229],[-89.09134,29.19109],[-89.06638,29.19752],[-89.05713,29.21053],[-89.02597,29.21515],[-89.00387,29.17988],[-89.01428,29.16691],[-89.03251,29.18073],[-89.05117,29.17048],[-89.08943,29.16639],[-89.11035,29.15269],[-89.09704,29.13878],[-89.03952,29.13546],[-89.06662,29.09071],[-89.08587,29.11169],[-89.0987,29.11771],[-89.10631,29.11148],[-89.11083,29.08116],[-89.11653,29.0741],[-89.13079,29.07077],[-89.14695,29.05166],[-89.14879,29.02967],[-89.13774,29.01888],[-89.14287,28.99162],[-89.21867,29.02251],[-89.21751,29.05568],[-89.22596,29.0694],[-89.25173,29.08317],[-89.25935,29.05836],[-89.29307,29.04132],[-89.36437,28.96472],[-89.40097,28.93381],[-89.41987,28.92971],[-89.39301,28.98707],[-89.36211,29.01212],[-89.34375,29.05291],[-89.32973,29.05602],[-89.31,29.07098],[-89.31285,29.08739],[-89.30263,29.09777],[-89.31238,29.1175],[-89.29622,29.12643],[-89.29574,29.1337],[-89.27863,29.13764],[-89.28226,29.18144],[-89.29503,29.19887],[-89.31856,29.20156],[-89.32854,29.19057],[-89.32569,29.17708],[-89.33187,29.14864],[-89.35058,29.1296],[-89.39051,29.12358],[-89.40937,29.12786],[-89.41772,29.13869],[-89.42897,29.14451],[-89.45583,29.19099],[-89.48284,29.21505],[-89.5366,29.23621],[-89.60665,29.25202],[-89.60829,29.2642],[-89.62398,29.26918],[-89.63966,29.29053],[-89.67178,29.28903],[-89.72616,29.30403],[-89.84264,29.31882],[-89.88346,29.3071],[-89.93964,29.27342],[-89.94767,29.27127],[-89.95315,29.25641],[-90.02203,29.21607],[-90.05851,29.18369],[-90.22359,29.08507],[-90.24592,29.0934],[-90.25004,29.10807],[-90.23333,29.11066],[-90.2344,29.12882],[-90.24863,29.13837],[-90.27777,29.14282],[-90.28526,29.178],[-90.26351,29.1806],[-90.25923,29.19958],[-90.27283,29.19903],[-90.30428,29.26616],[-90.3221,29.273],[-90.34432,29.28928],[-90.3492,29.30451],[-90.37689,29.28865],[-90.37261,29.26481],[-90.40327,29.23381],[-90.394,29.29902],[-90.40256,29.31218],[-90.41967,29.3242],[-90.43227,29.34689],[-90.44736,29.34761],[-90.45817,29.3358],[-90.45164,29.32151],[-90.46946,29.29819],[-90.47909,29.29218],[-90.52725,29.30405],[-90.55431,29.28524],[-90.5662,29.30389],[-90.57963,29.31166],[-90.59757,29.30327],[-90.60007,29.28855],[-90.58795,29.27134],[-90.58973,29.25331],[-90.5618,29.23495],[-90.57487,29.22742],[-90.60528,29.23827],[-90.61244,29.23259],[-90.60613,29.22437],[-90.61183,29.21483],[-90.63251,29.21442],[-90.64321,29.19274],[-90.64677,29.16866],[-90.67589,29.17406],[-90.68504,29.16555],[-90.68135,29.156],[-90.69431,29.12507],[-90.71142,29.11635],[-90.72319,29.13597],[-90.73578,29.13462],[-90.74481,29.1176],[-90.76668,29.11355],[-90.7725,29.10316],[-90.78795,29.10763],[-90.79841,29.096],[-90.81255,29.04214],[-90.84059,29.04627],[-90.86785,29.05606],[-90.85153,29.07429],[-90.85997,29.09496],[-90.87758,29.10489],[-90.89821,29.13134],[-90.94188,29.16237],[-90.94809,29.1741],[-90.96128,29.18082],[-90.98146,29.17121],[-91.0001,29.16948],[-91.02396,29.17478],[-91.03179,29.18219],[-91.05863,29.18173],[-91.09401,29.18771],[-91.11476,29.20792],[-91.12914,29.21586],[-91.19965,29.22129],[-91.21903,29.22605],[-91.27879,29.24778],[-91.30268,29.26596],[-91.33488,29.29877],[-91.33275,29.30582],[-91.30931,29.3057],[-91.29182,29.31136],[-91.27665,29.32982],[-91.27431,29.34488],[-91.26545,29.36098],[-91.23699,29.37134],[-91.23824,29.35062],[-91.22219,29.32596],[-91.19581,29.30555],[-91.17169,29.32513],[-91.16206,29.31819],[-91.16943,29.30389],[-91.168,29.28824],[-91.1724,29.26658],[-91.15445,29.25496],[-91.13639,29.25019],[-91.12166,29.25144],[-91.1194,29.26647],[-91.12808,29.27352],[-91.13211,29.28575],[-91.12023,29.30047],[-91.12368,29.31995],[-91.13306,29.34109],[-91.15053,29.34492],[-91.1497,29.35352],[-91.19284,29.37113],[-91.20009,29.38955],[-91.21783,29.39644],[-91.22019,29.40469],[-91.212,29.42093],[-91.21745,29.43255],[-91.23686,29.43786],[-91.25722,29.438],[-91.27609,29.40934],[-91.28742,29.40311],[-91.30187,29.41312],[-91.30992,29.40054],[-91.33405,29.39153],[-91.32962,29.42662],[-91.36397,29.42066],[-91.36426,29.43543],[-91.34751,29.44444],[-91.3531,29.45473],[-91.33307,29.46302],[-91.32042,29.47832],[-91.34045,29.48846],[-91.35761,29.51299],[-91.37936,29.51237],[-91.39431,29.49712],[-91.41729,29.48511],[-91.43486,29.4824],[-91.46096,29.46996],[-91.48559,29.49912],[-91.48641,29.52169],[-91.49614,29.53893],[-91.51727,29.52974],[-91.53102,29.53154],[-91.52552,29.5519],[-91.53745,29.56589],[-91.54197,29.59435],[-91.55354,29.63277],[-91.56091,29.63735],[-91.57059,29.63831],[-91.62511,29.62619],[-91.64894,29.63364],[-91.62729,29.66213],[-91.62683,29.68475],[-91.61848,29.71082],[-91.62151,29.73543],[-91.63283,29.74258],[-91.66713,29.74582],[-91.71094,29.73899],[-91.73725,29.74937],[-91.75226,29.74826],[-91.78367,29.74069],[-91.85399,29.70762],[-91.881,29.71334],[-91.85916,29.72777],[-91.85797,29.74407],[-91.87287,29.74788],[-91.87924,29.75656],[-91.86122,29.7732],[-91.85167,29.79183],[-91.84311,29.77925],[-91.8288,29.77793],[-91.82478,29.7893],[-91.82492,29.80854],[-91.83081,29.82927],[-91.85951,29.82607],[-91.88912,29.83602],[-91.90104,29.83345],[-91.91525,29.81937],[-91.93751,29.81677],[-91.97099,29.83432],[-91.98275,29.82539],[-91.97823,29.79994],[-92.06291,29.76916],[-92.11585,29.73953],[-92.12358,29.75346],[-92.13653,29.76734],[-92.17494,29.75947],[-92.17111,29.73978],[-92.19987,29.75322],[-92.20817,29.74418],[-92.20008,29.72571],[-92.16909,29.70021],[-92.14865,29.69515],[-92.11787,29.6985],[-92.10318,29.69313],[-92.13665,29.66748],[-92.12643,29.64311],[-92.10825,29.61367],[-92.09145,29.6198],[-92.05887,29.62235],[-92.03457,29.63154],[-92.01686,29.61584],[-92.04883,29.61449],[-92.06534,29.60385],[-92.04187,29.58677],[-92.10592,29.58633],[-92.15862,29.58162],[-92.21259,29.56248],[-92.25186,29.53935],[-92.28039,29.53343],[-92.32346,29.5315],[-92.5369,29.57378],[-92.6151,29.58556],[-92.74131,29.62214],[-92.94749,29.70878],[-93.03116,29.73633],[-93.17693,29.77049],[-93.22693,29.77752],[-93.26746,29.77811],[-93.29557,29.77507],[-93.34644,29.76264],[-93.47525,29.76924],[-93.68364,29.74715],[-93.76605,29.7295],[-93.79925,29.71526],[-93.83797,29.69062],[-93.87002,29.73548],[-93.89164,29.74462],[-93.89383,29.75303],[-93.89082,29.76167],[-93.89386,29.76729],[-93.9265,29.78956],[-93.92799,29.80964],[-93.91636,29.82497],[-93.89068,29.84316],[-93.86357,29.85718],[-93.83837,29.88285],[-93.819,29.91482],[-93.80782,29.95455],[-93.78693,29.99058],[-93.74108,30.02157],[-93.73745,30.03728],[-93.7208,30.05304],[-93.70394,30.05429],[-93.6994,30.05925],[-93.70218,30.06547],[-93.7164,30.06912],[-93.73408,30.08613],[-93.70244,30.11272],[-93.70125,30.13738],[-93.69287,30.13522],[-93.68821,30.14138],[-93.69775,30.15294],[-93.70376,30.17394],[-93.7174,30.19344],[-93.72095,30.20985],[-93.71922,30.21854],[-93.70508,30.24275],[-93.70913,30.27183],[-93.70661,30.28119],[-93.71432,30.29428],[-93.72422,30.29513],[-93.7387,30.30379],[-93.76582,30.33332],[-93.75635,30.35617],[-93.75765,30.39042],[-93.75144,30.39629],[-93.74533,30.39702],[-93.72231,30.42073],[-93.70266,30.42995],[-93.6978,30.44058],[-93.71668,30.49401],[-93.71012,30.5064],[-93.71432,30.51856],[-93.72772,30.52567],[-93.74025,30.53957],[-93.7292,30.54484],[-93.72585,30.55698],[-93.72784,30.57407],[-93.71245,30.58848],[-93.69287,30.59438],[-93.68728,30.5916],[-93.68124,30.5961],[-93.68512,30.6252],[-93.6831,30.64076],[-93.67035,30.65803],[-93.65497,30.67018],[-93.63821,30.67306],[-93.6299,30.67994],[-93.62109,30.69516],[-93.61618,30.71398],[-93.60954,30.72314],[-93.60972,30.72918],[-93.61913,30.742],[-93.60776,30.75766],[-93.59283,30.76399],[-93.58938,30.78668],[-93.58427,30.79666],[-93.5784,30.80205],[-93.5693,30.80297],[-93.56167,30.80774],[-93.55406,30.82494],[-93.55363,30.83514],[-93.55817,30.83997],[-93.55862,30.86942],[-93.56543,30.87431],[-93.56779,30.8883],[-93.55649,30.90145],[-93.55194,30.91865],[-93.53094,30.92453],[-93.52615,30.93004],[-93.52625,30.93941],[-93.53255,30.9507],[-93.54984,30.96712],[-93.56797,30.97798],[-93.57191,30.98761],[-93.56602,31.00457],[-93.55558,31.00392],[-93.53953,31.0085],[-93.51694,31.02366],[-93.51641,31.02955],[-93.53207,31.05526],[-93.52301,31.06524],[-93.52604,31.07077],[-93.54664,31.08299],[-93.55103,31.09111],[-93.54972,31.10516],[-93.54138,31.1135],[-93.53962,31.12184],[-93.5447,31.13589],[-93.54489,31.14884],[-93.53683,31.15862],[-93.53174,31.18082],[-93.53331,31.18446],[-93.55265,31.18558],[-93.56956,31.17757],[-93.57922,31.16742],[-93.5885,31.16558],[-93.60031,31.17616],[-93.60729,31.2054],[-93.60432,31.22079],[-93.61601,31.23396],[-93.61394,31.25937],[-93.62034,31.27103],[-93.64252,31.26951],[-93.657,31.28174],[-93.66893,31.29798],[-93.68404,31.30177],[-93.68688,31.30517],[-93.68785,31.30983],[-93.6637,31.36002],[-93.66892,31.3664],[-93.67164,31.39335],[-93.67412,31.39768],[-93.69587,31.40939],[-93.70488,31.41088],[-93.70468,31.4189],[-93.6976,31.42841],[-93.70093,31.43778],[-93.74948,31.46869],[-93.74987,31.47893],[-93.73717,31.48462],[-93.731,31.49212],[-93.72593,31.50409],[-93.72674,31.5116],[-93.73932,31.51505],[-93.74338,31.5252],[-93.78083,31.52538],[-93.79809,31.53404],[-93.81858,31.55483],[-93.82296,31.56813],[-93.83492,31.58621],[-93.83938,31.59907],[-93.83806,31.6068],[-93.82785,31.61655],[-93.81872,31.61456],[-93.81684,31.62251],[-93.81804,31.64789],[-93.82646,31.66692],[-93.82205,31.67397],[-93.81743,31.67215],[-93.80448,31.68566],[-93.80245,31.69319],[-93.80342,31.70069],[-93.81459,31.70744],[-93.81905,31.72886],[-93.83065,31.74581],[-93.8226,31.77356],[-93.83465,31.78331],[-93.83995,31.7986],[-93.87476,31.82166],[-93.87482,31.84061],[-93.88412,31.84761],[-93.8892,31.86769],[-93.90189,31.88006],[-93.90117,31.88596],[-93.90477,31.8906],[-93.90956,31.89314],[-93.92767,31.8915],[-93.938,31.90692],[-93.95355,31.91056],[-93.97171,31.92038],[-94.01866,31.99084],[-94.02928,31.99586],[-94.04183,31.9924],[-94.04315,32.69303]]]]}},{"type":"Feature","id":23,"properties":{"code":"ME","name":"Maine"},"geometry":{"type":"MultiPolygon","coordinates":[[[[-68.37659,44.11376],[-68.36551,44.12408],[-68.34672,44.12775],[-68.33072,44.1106],[-68.33801,44.10147],[-68.36518,44.10146],[-68.37659,44.11376]]],[[[-68.37738,44.18614],[-68.36447,44.19753],[-68.33323,44.20731],[-68.32423,44.20573],[-68.3201,44.19989],[-68.33218,44.18813],[-68.33903,44.17184],[-68.34742,44.16946],[-68.3738,44.18104],[-68.37738,44.18614]]],[[[-68.50082,44.16003],[-68.49551,44.16243],[-68.4907,44.20272],[-68.48357,44.22452],[-68.47596,44.23116],[-68.46765,44.22469],[-68.45384,44.20168],[-68.41643,44.18705],[-68.3849,44.15496],[-68.39663,44.14069],[-68.42753,44.11927],[-68.43852,44.11618],[-68.44865,44.12558],[-68.44751,44.13349],[-68.45681,44.14527],[-68.49664,44.14686],[-68.5021,44.15239],[-68.50082,44.16003]]],[[[-68.5187,44.11322],[-68.50698,44.12724],[-68.49289,44.11692],[-68.49152,44.10983],[-68.50294,44.09972],[-68.51706,44.10341],[-68.5187,44.11322]]],[[[-68.52863,44.34461],[-68.52067,44.35836],[-68.52193,44.36759],[-68.51857,44.38102],[-68.50766,44.38522],[-68.50136,44.38228],[-68.47879,44.31956],[-68.48964,44.3137],[-68.51517,44.3248],[-68.53039,44.33358],[-68.52863,44.34461]]],[[[-68.83942,44.23655],[-68.82763,44.24284],[-68.79214,44.23782],[-68.76983,44.22279],[-68.76905,44.21335],[-68.78006,44.20313],[-68.82959,44.21689],[-68.83785,44.22711],[-68.83942,44.23655]]],[[[-68.902,43.87333],[-68.88983,43.87659],[-68.88005,43.87149],[-68.87489,43.84218],[-68.87645,43.8252],[-68.88472,43.82019],[-68.90014,43.82263],[-68.90079,43.83775],[-68.90819,43.85243],[-68.902,43.87333]]],[[[-68.9446,44.11284],[-68.93533,44.13038],[-68.91729,44.14824],[-68.8886,44.15955],[-68.84725,44.18302],[-68.82507,44.18634],[-68.81916,44.18046],[-68.82284,44.17369],[-68.81842,44.16098],[-68.80824,44.1613],[-68.79222,44.146],[-68.78069,44.14327],[-68.79206,44.13676],[-68.81804,44.13685],[-68.81953,44.12206],[-68.81556,44.11584],[-68.80683,44.11634],[-68.79053,44.09292],[-68.77264,44.07844],[-68.77029,44.06957],[-68.77965,44.05775],[-68.79059,44.05383],[-68.80732,44.0358],[-68.86284,44.02504],[-68.87414,44.02536],[-68.91805,44.04575],[-68.9,44.06696],[-68.9051,44.07734],[-68.91341,44.08519],[-68.90898,44.11],[-68.94311,44.10973],[-68.9446,44.11284]]],[[[-68.96707,44.25197],[-68.96526,44.25933],[-68.9193,44.30987],[-68.91933,44.33539],[-68.91163,44.36503],[-68.90353,44.37861],[-68.87894,44.38658],[-68.86844,44.38144],[-68.86065,44.36442],[-68.87169,44.34466],[-68.89285,44.33465],[-68.89659,44.32199],[-68.88746,44.30309],[-68.90426,44.27989],[-68.91687,44.24287],[-68.94114,44.22219],[-68.95311,44.22515],[-68.95533,44.24387],[-68.96707,44.25197]]],[[[-69.32698,43.76703],[-69.31568,43.7767],[-69.30607,43.7771],[-69.29674,43.77184],[-69.30038,43.76075],[-69.31314,43.75335],[-69.32795,43.75724],[-69.32698,43.76703]]],[[[-71.07841,45.30623],[-71.05926,45.31375],[-71.03056,45.31265],[-71.00905,45.31902],[-71.0024,45.32848],[-71.01114,45.33468],[-71.01292,45.3433],[-71.01081,45.34725],[-70.9856,45.33219],[-70.95082,45.33453],[-70.93919,45.32018],[-70.9179,45.31192],[-70.91211,45.2962],[-70.9217,45.27945],[-70.89857,45.2585],[-70.8969,45.24203],[-70.88503,45.23487],[-70.85704,45.22916],[-70.83877,45.23756],[-70.84832,45.24471],[-70.84855,45.26333],[-70.83904,45.26913],[-70.83154,45.27956],[-70.82966,45.29037],[-70.81234,45.30201],[-70.80861,45.31161],[-70.80832,45.32582],[-70.81659,45.33055],[-70.81983,45.34011],[-70.81445,45.35654],[-70.80275,45.36656],[-70.80624,45.37656],[-70.82405,45.39109],[-70.82603,45.39841],[-70.80222,45.41797],[-70.79803,45.42671],[-70.78147,45.43116],[-70.75398,45.42779],[-70.74408,45.42109],[-70.74377,45.41192],[-70.72997,45.39936],[-70.71229,45.39061],[-70.67799,45.39436],[-70.66116,45.38604],[-70.66003,45.3779],[-70.65117,45.37712],[-70.63466,45.38361],[-70.63135,45.41634],[-70.6355,45.42782],[-70.64974,45.44277],[-70.6749,45.4524],[-70.69176,45.47123],[-70.71705,45.48773],[-70.72285,45.51277],[-70.70243,45.52955],[-70.68761,45.5491],[-70.68821,45.56398],[-70.65929,45.58688],[-70.64469,45.60708],[-70.6172,45.61638],[-70.60619,45.62639],[-70.59225,45.62987],[-70.56479,45.65515],[-70.56202,45.66059],[-70.56378,45.66269],[-70.5584,45.66667],[-70.52583,45.66655],[-70.51017,45.67932],[-70.46987,45.70164],[-70.43888,45.70439],[-70.4004,45.71983],[-70.38355,45.73487],[-70.3885,45.74972],[-70.40655,45.76181],[-70.41767,45.79457],[-70.39591,45.79888],[-70.39662,45.80849],[-70.38792,45.81904],[-70.34244,45.85219],[-70.30616,45.85974],[-70.25912,45.89075],[-70.2539,45.90652],[-70.25788,45.91814],[-70.26332,45.92015],[-70.26331,45.92383],[-70.24092,45.9391],[-70.24018,45.94373],[-70.26541,45.96269],[-70.28081,45.96521],[-70.31694,45.96346],[-70.30746,45.98254],[-70.29599,45.98597],[-70.28457,45.99538],[-70.30303,45.99898],[-70.3176,46.01949],[-70.27965,46.0522],[-70.27833,46.05702],[-70.27889,46.06065],[-70.28418,46.06276],[-70.30673,46.06134],[-70.31061,46.06454],[-70.28455,46.09871],[-70.27269,46.1023],[-70.25241,46.10063],[-70.25507,46.1102],[-70.24363,46.12879],[-70.23795,46.14738],[-70.26626,46.16935],[-70.27803,46.175],[-70.2909,46.18584],[-70.29274,46.1916],[-70.27205,46.20983],[-70.2586,46.23559],[-70.24842,46.26707],[-70.23268,46.28443],[-70.20572,46.29986],[-70.20312,46.31438],[-70.20873,46.32896],[-70.19141,46.34807],[-70.17471,46.35847],[-70.16134,46.36098],[-70.14853,46.35892],[-70.12973,46.36938],[-70.12546,46.38135],[-70.11044,46.38611],[-70.10018,46.39843],[-70.10041,46.40502],[-70.09629,46.40943],[-70.07613,46.40939],[-70.05643,46.41556],[-69.99709,46.69523],[-69.56638,47.12503],[-69.22442,47.45969],[-69.20389,47.4522],[-69.17841,47.45661],[-69.16436,47.45104],[-69.14644,47.44886],[-69.10822,47.43583],[-69.09851,47.43122],[-69.09676,47.42701],[-69.08251,47.42398],[-69.06119,47.43305],[-69.0427,47.42665],[-69.03688,47.40798],[-69.0454,47.39191],[-69.03928,47.38505],[-69.04645,47.38393],[-69.05388,47.37788],[-69.05463,47.31591],[-69.04912,47.30647],[-69.05275,47.2944],[-69.05009,47.2915],[-69.04708,47.26709],[-69.05033,47.25662],[-69.03346,47.24098],[-68.96643,47.21271],[-68.96113,47.20558],[-68.95335,47.20675],[-68.9504,47.20248],[-68.94248,47.20639],[-68.92981,47.19727],[-68.92464,47.19779],[-68.92025,47.19505],[-68.91975,47.18986],[-68.90973,47.18629],[-68.90099,47.17852],[-68.89569,47.18288],[-68.88241,47.18336],[-68.87449,47.18841],[-68.85752,47.19095],[-68.81216,47.21546],[-68.76449,47.22233],[-68.71787,47.24092],[-68.70531,47.23807],[-68.68766,47.24421],[-68.66196,47.23633],[-68.61975,47.24322],[-68.60791,47.2475],[-68.59543,47.2577],[-68.59405,47.26122],[-68.59873,47.26988],[-68.58872,47.28172],[-68.57855,47.28755],[-68.55175,47.28223],[-68.51798,47.29609],[-68.49107,47.2941],[-68.47485,47.29753],[-68.46628,47.29487],[-68.45825,47.28462],[-68.44884,47.28255],[-68.42886,47.28195],[-68.41314,47.28849],[-68.37868,47.28756],[-68.37632,47.29426],[-68.38494,47.30292],[-68.38131,47.30916],[-68.38428,47.32694],[-68.37862,47.34314],[-68.36156,47.3556],[-68.32988,47.36023],[-68.30378,47.35552],[-68.2841,47.36039],[-68.26514,47.35254],[-68.2346,47.35504],[-68.22465,47.35079],[-68.22289,47.34453],[-68.21455,47.33964],[-68.20235,47.33941],[-68.17606,47.32924],[-68.15515,47.32542],[-68.1523,47.30988],[-68.13706,47.29607],[-68.0829,47.27192],[-68.07406,47.25976],[-68.01972,47.23804],[-67.99017,47.21104],[-67.97137,47.20714],[-67.95567,47.19954],[-67.95227,47.19614],[-67.94937,47.18254],[-67.93587,47.16484],[-67.92577,47.15424],[-67.91037,47.14814],[-67.90117,47.13514],[-67.89217,47.12864],[-67.88866,47.11166],[-67.88384,47.10583],[-67.83689,47.08704],[-67.82083,47.08352],[-67.78976,47.06574],[-67.78841,46.6018],[-67.78211,46.27938],[-67.78109,45.94303],[-67.77763,45.93421],[-67.77356,45.93482],[-67.75752,45.92593],[-67.75042,45.9179],[-67.7557,45.91168],[-67.765,45.90979],[-67.76874,45.89795],[-67.78534,45.89565],[-67.80391,45.88289],[-67.80368,45.86938],[-67.79651,45.85996],[-67.78311,45.84652],[-67.76918,45.83933],[-67.76281,45.82852],[-67.75507,45.82367],[-67.76553,45.81881],[-67.78008,45.81819],[-67.80199,45.80355],[-67.8066,45.79472],[-67.80363,45.78162],[-67.80546,45.76976],[-67.80908,45.7675],[-67.80631,45.75541],[-67.79308,45.75056],[-67.78189,45.73119],[-67.80983,45.72927],[-67.80315,45.69613],[-67.81789,45.69371],[-67.80331,45.67789],[-67.76865,45.67758],[-67.75424,45.66779],[-67.7204,45.66252],[-67.71806,45.66799],[-67.7236,45.67038],[-67.73372,45.68423],[-67.73461,45.68899],[-67.72765,45.68847],[-67.71046,45.67937],[-67.69262,45.65037],[-67.67542,45.63096],[-67.64581,45.6136],[-67.64024,45.61618],[-67.64421,45.62322],[-67.63974,45.62477],[-67.60617,45.60653],[-67.56136,45.59491],[-67.54612,45.59806],[-67.51858,45.58792],[-67.49944,45.58701],[-67.48845,45.59464],[-67.48979,45.60118],[-67.45541,45.60466],[-67.44967,45.60286],[-67.42972,45.58377],[-67.42365,45.57215],[-67.42098,45.55003],[-67.4254,45.5408],[-67.43224,45.54102],[-67.43504,45.52878],[-67.43221,45.52],[-67.42054,45.51111],[-67.41646,45.50215],[-67.42265,45.50586],[-67.42771,45.50134],[-67.46288,45.50869],[-67.47042,45.50531],[-67.47073,45.50007],[-67.50377,45.48852],[-67.49977,45.47805],[-67.48235,45.46082],[-67.48433,45.45195],[-67.47337,45.42533],[-67.43,45.39296],[-67.41875,45.37726],[-67.4301,45.37186],[-67.43428,45.36544],[-67.4278,45.35547],[-67.435,45.34013],[-67.45629,45.32644],[-67.45227,45.31684],[-67.46055,45.30038],[-67.46648,45.29382],[-67.47969,45.28977],[-67.48568,45.29143],[-67.48933,45.28128],[-67.46357,45.2441],[-67.45347,45.24113],[-67.43998,45.22705],[-67.43141,45.21004],[-67.42889,45.19321],[-67.40714,45.17943],[-67.40463,45.15993],[-67.38363,45.15226],[-67.35712,45.13178],[-67.34558,45.12639],[-67.33987,45.12559],[-67.31846,45.1394],[-67.29617,45.14795],[-67.29436,45.15351],[-67.30173,45.15712],[-67.30257,45.16135],[-67.29924,45.16894],[-67.29142,45.17145],[-67.29374,45.17797],[-67.2906,45.18759],[-67.28362,45.19202],[-67.27108,45.19108],[-67.2467,45.18077],[-67.24229,45.17224],[-67.22732,45.16365],[-67.20393,45.17141],[-67.19117,45.16588],[-67.16787,45.16459],[-67.15792,45.161],[-67.11241,45.11232],[-67.09079,45.06872],[-67.1059,45.06579],[-67.11769,45.05673],[-67.08207,45.02961],[-67.06827,45.00101],[-67.05461,44.98676],[-67.0383,44.94543],[-67.03347,44.93992],[-67.00212,44.91884],[-66.99094,44.91783],[-66.98447,44.91256],[-66.98356,44.90328],[-66.9859,44.89715],[-66.98923,44.89648],[-66.99035,44.88255],[-66.97814,44.85696],[-66.99652,44.84465],[-66.9824,44.81147],[-66.96647,44.81906],[-66.95211,44.82007],[-66.94989,44.81742],[-66.96107,44.80727],[-66.98621,44.80175],[-66.99515,44.79107],[-67.02615,44.7682],[-67.04335,44.76507],[-67.05516,44.77144],[-67.06224,44.76954],[-67.06331,44.75824],[-67.07344,44.74196],[-67.09893,44.74131],[-67.10396,44.71744],[-67.12879,44.69542],[-67.13921,44.69385],[-67.14806,44.68411],[-67.15448,44.66811],[-67.16986,44.6621],[-67.18661,44.66265],[-67.19207,44.65552],[-67.18943,44.64553],[-67.23427,44.6372],[-67.24637,44.62638],[-67.27514,44.62343],[-67.26167,44.6046],[-67.30243,44.59732],[-67.31494,44.59822],[-67.32297,44.60939],[-67.32249,44.61246],[-67.31074,44.61321],[-67.29367,44.63432],[-67.29246,44.64845],[-67.30963,44.65932],[-67.30791,44.69129],[-67.30014,44.69675],[-67.29918,44.70571],[-67.30854,44.70745],[-67.35597,44.69906],[-67.37267,44.69162],[-67.39644,44.69331],[-67.405,44.68165],[-67.37401,44.66296],[-67.3673,44.65247],[-67.36316,44.63182],[-67.36827,44.62467],[-67.37755,44.61976],[-67.3887,44.62655],[-67.40549,44.59424],[-67.41182,44.59695],[-67.4206,44.60788],[-67.42837,44.60914],[-67.44369,44.60578],[-67.44851,44.60032],[-67.45775,44.59801],[-67.4908,44.57526],[-67.49175,44.55612],[-67.51841,44.55424],[-67.53328,44.56435],[-67.53765,44.57154],[-67.57506,44.56066],[-67.56984,44.55679],[-67.56232,44.53943],[-67.56816,44.53112],[-67.52117,44.50991],[-67.50921,44.49699],[-67.53144,44.47421],[-67.54724,44.46307],[-67.58773,44.44745],[-67.59529,44.4622],[-67.63481,44.48705],[-67.64885,44.50669],[-67.6569,44.5359],[-67.68586,44.53715],[-67.69635,44.5338],[-67.70265,44.52792],[-67.69887,44.51575],[-67.70349,44.50484],[-67.71419,44.49524],[-67.72288,44.49852],[-67.73399,44.49625],[-67.74335,44.49742],[-67.74008,44.50894],[-67.74294,44.52645],[-67.75385,44.54366],[-67.76729,44.54828],[-67.77505,44.54318],[-67.78088,44.53115],[-67.77647,44.51421],[-67.79359,44.49478],[-67.78241,44.47505],[-67.79596,44.47618],[-67.80618,44.4859],[-67.8252,44.48285],[-67.83794,44.46467],[-67.83063,44.45665],[-67.85176,44.42869],[-67.85511,44.41943],[-67.86886,44.42467],[-67.87851,44.43559],[-67.88732,44.43307],[-67.89203,44.40967],[-67.89957,44.39408],[-67.91167,44.41922],[-67.91335,44.43013],[-67.92132,44.43307],[-67.93055,44.42887],[-67.92762,44.42131],[-67.93145,44.41185],[-67.95574,44.41628],[-67.96161,44.4125],[-67.96161,44.39907],[-67.97888,44.38703],[-67.98567,44.38692],[-68.00065,44.40662],[-68.00646,44.40858],[-68.01546,44.40592],[-68.01953,44.39697],[-68.01399,44.39026],[-68.03422,44.36046],[-68.0443,44.35794],[-68.04304,44.34367],[-68.04933,44.33073],[-68.06036,44.33199],[-68.06705,44.33569],[-68.07607,44.34792],[-68.09472,44.35145],[-68.10328,44.35824],[-68.10138,44.37965],[-68.10566,44.39562],[-68.12016,44.39613],[-68.12562,44.38713],[-68.13686,44.38019],[-68.14915,44.38696],[-68.18195,44.38526],[-68.18915,44.37383],[-68.17469,44.3436],[-68.17361,44.3284],[-68.19192,44.30667],[-68.22426,44.29023],[-68.22949,44.26692],[-68.20712,44.26352],[-68.19307,44.23901],[-68.19898,44.2367],[-68.26667,44.23403],[-68.2977,44.24257],[-68.31759,44.2251],[-68.3395,44.22289],[-68.34313,44.22951],[-68.36536,44.23787],[-68.37798,44.24756],[-68.38985,44.24707],[-68.40127,44.25224],[-68.41965,44.27461],[-68.42611,44.2951],[-68.43095,44.29862],[-68.43085,44.31261],[-68.44572,44.32492],[-68.45688,44.34429],[-68.44672,44.36011],[-68.4354,44.36972],[-68.39803,44.37619],[-68.36756,44.39071],[-68.36032,44.38967],[-68.35908,44.40285],[-68.3791,44.43005],[-68.38768,44.43094],[-68.39256,44.41807],[-68.41641,44.39797],[-68.42787,44.3968],[-68.4339,44.40153],[-68.42965,44.43914],[-68.43928,44.44804],[-68.4551,44.4475],[-68.46382,44.43659],[-68.45885,44.41214],[-68.46411,44.39808],[-68.46107,44.3785],[-68.46611,44.37725],[-68.47828,44.37808],[-68.48332,44.38816],[-68.4808,44.39739],[-68.47282,44.40411],[-68.48038,44.43265],[-68.48542,44.43433],[-68.49465,44.42971],[-68.49969,44.41418],[-68.50556,44.41166],[-68.51452,44.41334],[-68.5299,44.39907],[-68.56096,44.40285],[-68.56642,44.39445],[-68.56474,44.38522],[-68.55929,44.37431],[-68.55005,44.37179],[-68.54543,44.355],[-68.56321,44.33304],[-68.5662,44.31301],[-68.55624,44.30082],[-68.5386,44.2999],[-68.53153,44.29039],[-68.52861,44.27612],[-68.51952,44.26505],[-68.51982,44.26021],[-68.5298,44.24959],[-68.52348,44.23582],[-68.5291,44.22177],[-68.56462,44.21192],[-68.56414,44.19164],[-68.59863,44.1746],[-68.61174,44.15525],[-68.57888,44.14604],[-68.6055,44.13546],[-68.61089,44.12467],[-68.6231,44.11941],[-68.61786,44.09724],[-68.5841,44.07159],[-68.60474,44.03886],[-68.6017,44.01251],[-68.61709,44.0101],[-68.63435,44.0176],[-68.65703,44.00382],[-68.6618,44.02139],[-68.66083,44.04789],[-68.66938,44.07636],[-68.64641,44.07991],[-68.65127,44.10142],[-68.65879,44.11021],[-68.65763,44.12706],[-68.6819,44.13821],[-68.71853,44.16563],[-68.71783,44.18709],[-68.73167,44.20225],[-68.73377,44.22101],[-68.71123,44.23179],[-68.6787,44.2647],[-68.72456,44.28166],[-68.74898,44.29941],[-68.74216,44.31013],[-68.72566,44.32159],[-68.74616,44.33115],[-68.76202,44.3296],[-68.77149,44.32052],[-68.79506,44.30786],[-68.8272,44.31216],[-68.82542,44.33455],[-68.81481,44.36219],[-68.82177,44.40894],[-68.81533,44.42808],[-68.80163,44.4348],[-68.79747,44.44979],[-68.78558,44.45473],[-68.77873,44.48989],[-68.78566,44.51209],[-68.79484,44.5242],[-68.80744,44.52203],[-68.80872,44.50904],[-68.81554,44.49947],[-68.83366,44.48663],[-68.82915,44.46224],[-68.85899,44.44492],[-68.87636,44.42969],[-68.88649,44.43068],[-68.89278,44.44663],[-68.89964,44.45176],[-68.92161,44.45664],[-68.93193,44.43869],[-68.94658,44.42911],[-68.99838,44.42559],[-68.99077,44.41503],[-68.97881,44.38634],[-68.96111,44.37508],[-68.94816,44.35588],[-68.95889,44.31435],[-68.97901,44.29633],[-69.00368,44.29458],[-69.00507,44.27407],[-69.01705,44.25709],[-69.02943,44.24856],[-69.04019,44.23367],[-69.0436,44.22503],[-69.04281,44.21517],[-69.05181,44.19592],[-69.05455,44.17154],[-69.06124,44.1655],[-69.07778,44.16504],[-69.07984,44.16095],[-69.07961,44.14396],[-69.07567,44.12999],[-69.08033,44.11782],[-69.10086,44.10453],[-69.10111,44.0936],[-69.092,44.08573],[-69.05081,44.09489],[-69.0434,44.09216],[-69.03188,44.07904],[-69.04892,44.06251],[-69.05062,44.06802],[-69.0643,44.06991],[-69.0798,44.05526],[-69.04391,44.00634],[-69.05035,43.99859],[-69.06716,43.99053],[-69.07703,43.97365],[-69.095,43.97939],[-69.13154,43.97609],[-69.14622,43.98157],[-69.17498,43.97695],[-69.18472,43.95967],[-69.20367,43.94181],[-69.21294,43.9214],[-69.2202,43.91494],[-69.24281,43.91882],[-69.29115,43.9139],[-69.30003,43.89995],[-69.28587,43.88527],[-69.28662,43.86646],[-69.31166,43.85663],[-69.32125,43.85908],[-69.32166,43.8688],[-69.31525,43.88284],[-69.32294,43.90164],[-69.31467,43.91728],[-69.29814,43.93665],[-69.30778,43.94345],[-69.31537,43.94074],[-69.32769,43.94581],[-69.33929,43.94215],[-69.34492,43.92401],[-69.36874,43.92029],[-69.3723,43.93039],[-69.3628,43.94617],[-69.3667,43.96475],[-69.39329,43.95642],[-69.42823,43.95728],[-69.42015,43.93588],[-69.42728,43.91226],[-69.43807,43.90954],[-69.4835,43.88028],[-69.48624,43.86912],[-69.50329,43.83767],[-69.51489,43.8313],[-69.51621,43.83722],[-69.51327,43.84479],[-69.52467,43.87564],[-69.54391,43.88161],[-69.54945,43.88001],[-69.55062,43.87258],[-69.54503,43.86124],[-69.55261,43.84135],[-69.5727,43.84401],[-69.57547,43.84197],[-69.57853,43.82332],[-69.58855,43.81836],[-69.60593,43.81486],[-69.60462,43.82579],[-69.59849,43.8255],[-69.59237,43.83089],[-69.58917,43.8513],[-69.59471,43.85888],[-69.60462,43.858],[-69.61321,43.84503],[-69.61511,43.83162],[-69.62109,43.82681],[-69.63027,43.83702],[-69.62968,43.84343],[-69.63493,43.84591],[-69.6498,43.83629],[-69.65315,43.81719],[-69.64862,43.79121],[-69.65819,43.77916],[-69.68547,43.81633],[-69.68558,43.82055],[-69.69724,43.82507],[-69.70584,43.82302],[-69.71487,43.81026],[-69.71972,43.78668],[-69.72805,43.77632],[-69.74101,43.76929],[-69.75409,43.74387],[-69.83532,43.72113],[-69.82895,43.70678],[-69.83347,43.70128],[-69.85508,43.70475],[-69.85793,43.72391],[-69.85559,43.73266],[-69.85895,43.74053],[-69.86867,43.7427],[-69.86216,43.75896],[-69.86973,43.77566],[-69.88407,43.77804],[-69.90316,43.77239],[-69.92701,43.78017],[-69.94854,43.76595],[-69.95806,43.76779],[-69.97184,43.75064],[-69.98368,43.74439],[-70.00127,43.71039],[-70.03621,43.71262],[-70.04667,43.72018],[-70.0713,43.71377],[-70.09193,43.69811],[-70.08845,43.68145],[-70.09604,43.67228],[-70.11591,43.68298],[-70.15172,43.68169],[-70.16823,43.67514],[-70.17666,43.65977],[-70.20593,43.63363],[-70.21709,43.59672],[-70.21437,43.59045],[-70.20112,43.58651],[-70.19691,43.56515],[-70.20612,43.55763],[-70.21678,43.55687],[-70.22784,43.53826],[-70.2455,43.53963],[-70.24433,43.55185],[-70.26192,43.55369],[-70.2725,43.56262],[-70.30776,43.54431],[-70.30741,43.52903],[-70.32112,43.52726],[-70.3288,43.54075],[-70.35283,43.53585],[-70.37912,43.5072],[-70.38488,43.49604],[-70.38562,43.48703],[-70.38023,43.46423],[-70.36736,43.45226],[-70.35755,43.45783],[-70.3273,43.45852],[-70.33284,43.44643],[-70.34381,43.44011],[-70.36201,43.43908],[-70.37051,43.43413],[-70.38495,43.41884],[-70.38398,43.41294],[-70.39089,43.40261],[-70.42128,43.39578],[-70.42767,43.38925],[-70.41846,43.37254],[-70.41631,43.36106],[-70.42853,43.35482],[-70.44244,43.35649],[-70.46598,43.34025],[-70.48531,43.34639],[-70.50131,43.34014],[-70.5177,43.34404],[-70.53524,43.33677],[-70.55385,43.32189],[-70.56278,43.31061],[-70.57004,43.28557],[-70.58518,43.27011],[-70.59391,43.24929],[-70.59102,43.23785],[-70.57793,43.22366],[-70.57797,43.21757],[-70.589,43.20135],[-70.60515,43.18519],[-70.59082,43.16994],[-70.59671,43.16255],[-70.61887,43.16385],[-70.62358,43.15291],[-70.62251,43.13457],[-70.63446,43.1276],[-70.63836,43.11418],[-70.65532,43.09801],[-70.66596,43.07623],[-70.67311,43.07031],[-70.70382,43.05982],[-70.7047,43.07099],[-70.7089,43.07499],[-70.7379,43.07349],[-70.7419,43.07739],[-70.7564,43.07999],[-70.7664,43.09269],[-70.7791,43.09589],[-70.8268,43.12709],[-70.8338,43.14689],[-70.8283,43.16898],[-70.8235,43.17459],[-70.8283,43.18668],[-70.81934,43.19304],[-70.82076,43.19978],[-70.8169,43.2146],[-70.80964,43.22541],[-70.81545,43.22902],[-70.81786,43.23791],[-70.83868,43.24293],[-70.84127,43.24865],[-70.83921,43.25122],[-70.8433,43.25432],[-70.85821,43.25629],[-70.86323,43.26511],[-70.8828,43.27318],[-70.8865,43.28278],[-70.906,43.29168],[-70.9074,43.29358],[-70.90039,43.30136],[-70.90231,43.30487],[-70.91246,43.30829],[-70.912,43.31982],[-70.93078,43.32957],[-70.93273,43.33676],[-70.95303,43.33326],[-70.96723,43.34378],[-70.97641,43.36727],[-70.98434,43.37613],[-70.98765,43.38952],[-70.98256,43.39778],[-70.98668,43.40354],[-70.98681,43.41426],[-70.97104,43.42561],[-70.96878,43.43489],[-70.96115,43.43832],[-70.9669,43.45046],[-70.96143,43.4697],[-70.97424,43.47742],[-70.96797,43.48078],[-70.96957,43.4862],[-70.95476,43.5098],[-70.95686,43.51272],[-70.95407,43.52261],[-70.96353,43.53676],[-70.96218,43.54103],[-70.95525,43.54089],[-70.95084,43.55103],[-70.95723,43.56136],[-70.97272,43.57026],[-70.98907,43.79244],[-71.00874,44.25883],[-71.03104,44.65546],[-71.07691,45.24691],[-71.08392,45.30545],[-71.07841,45.30623]]]]}},{"type":"Feature","id":24,"properties":{"code":"MD","name":"Maryland"},"geometry":{"type":"MultiPolygon","coordinates":[[[[-76.04862,38.01484],[-76.04335,38.02994],[-76.02083,38.03912],[-76.00958,38.03868],[-76.003,38.02606],[-75.98788,38.0226],[-75.98193,38.00512],[-75.98306,37.98916],[-75.9938,37.97643],[-75.99009,37.96063],[-75.9939,37.95349],[-76.04653,37.95359],[-76.04961,37.98363],[-76.04862,38.01484]]],[[[-76.09555,38.12512],[-76.09065,38.13119],[-76.08902,38.14103],[-76.09233,38.15136],[-76.08864,38.19265],[-76.07147,38.2035],[-76.04879,38.20373],[-76.02217,38.17788],[-76.02194,38.17198],[-76.03282,38.16914],[-76.03404,38.1579],[-76.03187,38.14829],[-76.02251,38.13345],[-76.01249,38.13173],[-76.01192,38.12221],[-76.0205,38.11704],[-76.02137,38.10793],[-76.00817,38.09539],[-76.0059,38.07717],[-76.01154,38.07231],[-76.0233,38.07076],[-76.03668,38.07651],[-76.0593,38.09575],[-76.05016,38.10776],[-76.03962,38.11199],[-76.04342,38.11787],[-76.05681,38.12512],[-76.061,38.127],[-76.09087,38.11446],[-76.09555,38.12512]]],[[[-76.39246,38.77245],[-76.37858,38.7837],[-76.3681,38.77984],[-76.37084,38.76564],[-76.36245,38.74978],[-76.36993,38.74362],[-76.38125,38.7438],[-76.39035,38.757],[-76.39246,38.77245]]],[[[-79.48681,39.29637],[-79.48237,39.53169],[-79.47887,39.53169],[-79.47666,39.72108],[-75.7886,39.7222],[-75.78769,39.63782],[-75.69372,38.46013],[-75.39367,38.45211],[-75.04894,38.45126],[-75.05459,38.41483],[-75.07248,38.35528],[-75.08552,38.32427],[-75.09389,38.32343],[-75.10295,38.31153],[-75.11684,38.27423],[-75.15897,38.18424],[-75.17739,38.13001],[-75.1938,38.09601],[-75.24247,38.02703],[-75.62445,37.99419],[-75.64823,37.96677],[-75.64761,37.94703],[-75.65568,37.94543],[-75.66983,37.95056],[-75.66309,37.96119],[-75.67168,37.96658],[-75.686,37.96761],[-75.71315,37.97662],[-75.738,37.96353],[-75.75909,37.97066],[-75.78382,37.97259],[-75.8299,37.93856],[-75.83241,37.93331],[-75.86073,37.91831],[-75.88503,37.91172],[-75.89832,37.92511],[-75.89406,37.93079],[-75.89087,37.95485],[-75.89896,37.97451],[-75.8753,38.01196],[-75.87319,38.03437],[-75.85751,38.03878],[-75.83893,38.03135],[-75.83079,38.03595],[-75.82577,38.04661],[-75.81339,38.0508],[-75.81291,38.05893],[-75.81959,38.06681],[-75.84416,38.07249],[-75.85868,38.0681],[-75.85996,38.06008],[-75.8715,38.05887],[-75.88052,38.07501],[-75.86381,38.10097],[-75.83756,38.11375],[-75.82767,38.13344],[-75.8341,38.14508],[-75.84992,38.14441],[-75.86864,38.13438],[-75.88062,38.13694],[-75.88803,38.14227],[-75.90036,38.14115],[-75.92966,38.12713],[-75.93728,38.11458],[-75.94873,38.11518],[-75.95962,38.13714],[-75.94753,38.16827],[-75.95157,38.17809],[-75.94237,38.18707],[-75.88807,38.20381],[-75.87775,38.19829],[-75.8641,38.20086],[-75.84638,38.21048],[-75.8514,38.22643],[-75.87032,38.24343],[-75.88344,38.24444],[-75.88936,38.2395],[-75.88568,38.23101],[-75.89569,38.22856],[-75.90845,38.24665],[-75.91114,38.25795],[-75.9173,38.26313],[-75.90767,38.2726],[-75.90137,38.28603],[-75.90316,38.29788],[-75.89306,38.30916],[-75.88248,38.32911],[-75.87165,38.33226],[-75.8618,38.34757],[-75.87075,38.35628],[-75.88985,38.35167],[-75.91456,38.33928],[-75.94083,38.29844],[-75.93858,38.27233],[-75.9515,38.26695],[-75.95382,38.26102],[-75.94163,38.24768],[-75.94363,38.2413],[-75.95615,38.23622],[-75.96555,38.23931],[-75.964,38.24694],[-75.96764,38.25467],[-75.98427,38.26516],[-75.98582,38.27647],[-76.01398,38.30568],[-76.0146,38.30982],[-75.98135,38.31515],[-75.96929,38.32016],[-75.96424,38.32429],[-75.96195,38.34143],[-75.97388,38.36585],[-75.99957,38.3743],[-76.00695,38.37022],[-76.01187,38.36058],[-76.01022,38.35321],[-76.01668,38.33243],[-76.04162,38.32214],[-76.04958,38.30959],[-76.05022,38.3041],[-76.03053,38.28796],[-76.02749,38.28011],[-76.03893,38.25493],[-76.04425,38.24937],[-76.04411,38.24168],[-76.0357,38.23056],[-76.04458,38.22384],[-76.05801,38.22708],[-76.0695,38.23846],[-76.0749,38.25218],[-76.09972,38.25365],[-76.13551,38.23219],[-76.14979,38.23449],[-76.16549,38.2428],[-76.23011,38.31978],[-76.25767,38.32485],[-76.26555,38.34093],[-76.25,38.3623],[-76.2702,38.37459],[-76.28227,38.39312],[-76.28055,38.40314],[-76.28302,38.41351],[-76.30149,38.43977],[-76.33156,38.47355],[-76.33636,38.49224],[-76.32726,38.50012],[-76.31805,38.4982],[-76.28951,38.50391],[-76.26397,38.50345],[-76.2473,38.52382],[-76.2444,38.53697],[-76.24889,38.53902],[-76.27406,38.53121],[-76.27811,38.53247],[-76.28105,38.53613],[-76.27591,38.54881],[-76.27964,38.55723],[-76.29004,38.56916],[-76.30832,38.57177],[-76.2735,38.59139],[-76.26863,38.59775],[-76.27959,38.60952],[-76.27183,38.61566],[-76.26416,38.61511],[-76.24651,38.62628],[-76.23665,38.6286],[-76.23119,38.61401],[-76.21243,38.60674],[-76.1909,38.62109],[-76.17007,38.62922],[-76.16544,38.6102],[-76.16591,38.59868],[-76.15108,38.59471],[-76.1387,38.60175],[-76.12693,38.59144],[-76.11113,38.58401],[-76.0889,38.59023],[-76.04105,38.55729],[-76.02651,38.56682],[-76.03471,38.58391],[-76.05277,38.6024],[-76.08522,38.62459],[-76.11529,38.62338],[-76.12764,38.63527],[-76.14716,38.63684],[-76.15561,38.65808],[-76.17516,38.67324],[-76.20033,38.67077],[-76.23873,38.71285],[-76.23869,38.73543],[-76.25509,38.73648],[-76.27028,38.72438],[-76.2716,38.71322],[-76.27501,38.71271],[-76.2985,38.718],[-76.29596,38.72416],[-76.2994,38.7274],[-76.31615,38.72959],[-76.32555,38.7177],[-76.32784,38.70373],[-76.32187,38.68951],[-76.32242,38.6793],[-76.3405,38.67411],[-76.348,38.68623],[-76.34054,38.73034],[-76.3413,38.7519],[-76.33462,38.77291],[-76.32377,38.77929],[-76.31008,38.79685],[-76.30892,38.81335],[-76.30089,38.82619],[-76.27741,38.83142],[-76.27157,38.85177],[-76.26422,38.85157],[-76.26581,38.84751],[-76.25036,38.82544],[-76.21933,38.81237],[-76.19814,38.81444],[-76.19109,38.82966],[-76.2026,38.86262],[-76.20008,38.88289],[-76.20506,38.89273],[-76.20364,38.92838],[-76.21384,38.93737],[-76.23204,38.94252],[-76.25016,38.93867],[-76.25087,38.92825],[-76.24802,38.92379],[-76.2564,38.91883],[-76.26223,38.91998],[-76.26494,38.9303],[-76.27308,38.94193],[-76.29591,38.92866],[-76.29943,38.91854],[-76.29387,38.91012],[-76.29325,38.90257],[-76.30842,38.8984],[-76.31795,38.91131],[-76.3361,38.90598],[-76.3385,38.89247],[-76.33103,38.86432],[-76.34059,38.85574],[-76.35039,38.8574],[-76.36114,38.85199],[-76.3682,38.83613],[-76.37509,38.83947],[-76.3762,38.85046],[-76.36468,38.87383],[-76.36566,38.90748],[-76.36173,38.93917],[-76.35383,38.95723],[-76.32268,38.9996],[-76.32027,39.02301],[-76.31177,39.03526],[-76.30185,39.03965],[-76.30285,39.02583],[-76.29396,39.00395],[-76.27748,38.98249],[-76.25881,38.98366],[-76.22928,38.97758],[-76.21893,38.97054],[-76.20236,38.97308],[-76.16399,38.99954],[-76.16362,39.01006],[-76.18421,39.04626],[-76.17528,39.0588],[-76.15896,39.06549],[-76.14267,39.09419],[-76.1472,39.10126],[-76.17452,39.10173],[-76.20338,39.08563],[-76.21004,39.06441],[-76.21262,39.04116],[-76.20471,39.01643],[-76.21406,39.0114],[-76.23176,39.01852],[-76.24269,39.02893],[-76.2409,39.0398],[-76.23112,39.06102],[-76.23346,39.09139],[-76.25297,39.13363],[-76.26089,39.1434],[-76.27853,39.14576],[-76.27464,39.16549],[-76.2666,39.18052],[-76.25103,39.19921],[-76.21934,39.262],[-76.21125,39.26981],[-76.20303,39.26987],[-76.1815,39.2918],[-76.17678,39.30645],[-76.18665,39.31547],[-76.17042,39.33209],[-76.15967,39.33591],[-76.14552,39.3344],[-76.13322,39.34049],[-76.13697,39.34441],[-76.13495,39.35107],[-76.11636,39.36093],[-76.11053,39.37226],[-76.04985,39.37064],[-76.03292,39.36741],[-76.02299,39.3619],[-76.00241,39.3675],[-76.00252,39.38502],[-76.03557,39.38618],[-76.03993,39.38808],[-76.04096,39.39424],[-76.035,39.40199],[-76.00688,39.41453],[-75.9974,39.43031],[-75.98259,39.43529],[-75.97675,39.44463],[-75.9766,39.44781],[-75.99,39.45865],[-75.99828,39.45718],[-76.00251,39.4502],[-76.00945,39.4492],[-76.01231,39.45311],[-75.99657,39.47666],[-75.9863,39.5104],[-75.97606,39.52997],[-75.96695,39.53865],[-75.97034,39.55764],[-75.99263,39.5631],[-75.99967,39.56049],[-76.00634,39.55035],[-76.06381,39.54661],[-76.09607,39.53691],[-76.11725,39.49607],[-76.11393,39.4867],[-76.09831,39.47612],[-76.08329,39.47786],[-76.07197,39.47505],[-76.06099,39.44772],[-76.08118,39.43671],[-76.10223,39.43566],[-76.14637,39.40531],[-76.15877,39.40631],[-76.18007,39.37761],[-76.19077,39.37592],[-76.19785,39.3676],[-76.22416,39.35278],[-76.23988,39.36141],[-76.25052,39.37929],[-76.24161,39.404],[-76.22462,39.42567],[-76.23104,39.45641],[-76.25159,39.44962],[-76.25052,39.43108],[-76.2548,39.41189],[-76.26906,39.40308],[-76.26883,39.38866],[-76.2857,39.36772],[-76.26693,39.35614],[-76.25659,39.33886],[-76.27608,39.32291],[-76.28175,39.29966],[-76.29661,39.30114],[-76.28962,39.31717],[-76.29878,39.32921],[-76.29568,39.35001],[-76.32076,39.35816],[-76.3059,39.36441],[-76.304,39.3815],[-76.31529,39.3893],[-76.3292,39.38765],[-76.35712,39.39408],[-76.35926,39.3814],[-76.34179,39.37415],[-76.34334,39.35871],[-76.33556,39.34228],[-76.34766,39.34305],[-76.35094,39.33114],[-76.32918,39.31504],[-76.33658,39.30511],[-76.36439,39.31184],[-76.38018,39.29859],[-76.3849,39.27593],[-76.35661,39.26086],[-76.34383,39.25726],[-76.34999,39.24882],[-76.37148,39.23795],[-76.39551,39.2317],[-76.41768,39.21981],[-76.42528,39.20571],[-76.44248,39.19541],[-76.46348,39.20591],[-76.48888,39.20221],[-76.49838,39.20481],[-76.50098,39.20938],[-76.49605,39.21918],[-76.50318,39.23207],[-76.51257,39.22848],[-76.52089,39.24109],[-76.53594,39.24148],[-76.5453,39.25325],[-76.57745,39.26456],[-76.58648,39.26134],[-76.57852,39.24882],[-76.5593,39.23335],[-76.5645,39.22461],[-76.55535,39.21697],[-76.53428,39.21321],[-76.53418,39.19061],[-76.52578,39.17791],[-76.50838,39.16941],[-76.50093,39.16129],[-76.48402,39.16441],[-76.47598,39.16111],[-76.47148,39.15471],[-76.42868,39.13171],[-76.43248,39.12671],[-76.43298,39.11321],[-76.42186,39.08144],[-76.42308,39.07421],[-76.43893,39.05279],[-76.40508,39.03321],[-76.39408,39.01131],[-76.42218,38.98901],[-76.44898,38.98281],[-76.45458,38.97451],[-76.4742,38.97265],[-76.47128,38.95651],[-76.45028,38.94111],[-76.46188,38.92401],[-76.45808,38.91431],[-76.45948,38.90711],[-76.46938,38.90761],[-76.46948,38.91151],[-76.47576,38.91447],[-76.49368,38.91001],[-76.49068,38.88481],[-76.51944,38.86313],[-76.51694,38.85116],[-76.50929,38.84839],[-76.49658,38.85312],[-76.48988,38.84282],[-76.49888,38.81752],[-76.51008,38.80122],[-76.52468,38.79502],[-76.52698,38.78702],[-76.53538,38.77812],[-76.55988,38.76736],[-76.55754,38.74469],[-76.55274,38.73535],[-76.54448,38.72771],[-76.52718,38.72706],[-76.53254,38.69967],[-76.5324,38.67836],[-76.52462,38.64596],[-76.51128,38.61574],[-76.51634,38.59023],[-76.51511,38.55576],[-76.51751,38.53915],[-76.50602,38.50461],[-76.4927,38.48285],[-76.4558,38.45123],[-76.45094,38.44242],[-76.41538,38.41468],[-76.40271,38.396],[-76.38835,38.38778],[-76.38623,38.38201],[-76.387,38.36127],[-76.41922,38.32292],[-76.43294,38.32455],[-76.45184,38.3211],[-76.46824,38.32893],[-76.47632,38.31354],[-76.46384,38.29928],[-76.45279,38.29321],[-76.43758,38.29265],[-76.42391,38.30067],[-76.40894,38.3045],[-76.40289,38.3114],[-76.37502,38.29942],[-76.37448,38.29635],[-76.39417,38.27823],[-76.39932,38.25928],[-76.38524,38.21775],[-76.36188,38.19205],[-76.35352,38.17813],[-76.32971,38.15518],[-76.32014,38.13834],[-76.33853,38.11947],[-76.3374,38.11082],[-76.33079,38.09933],[-76.32931,38.07166],[-76.31948,38.04331],[-76.32209,38.0365],[-76.33281,38.04994],[-76.3414,38.0537],[-76.35275,38.05318],[-76.36124,38.05954],[-76.37179,38.07957],[-76.39234,38.1029],[-76.40537,38.10697],[-76.42121,38.10604],[-76.43042,38.11938],[-76.42958,38.12617],[-76.43984,38.13893],[-76.43544,38.14663],[-76.43889,38.16083],[-76.46967,38.15336],[-76.46099,38.13541],[-76.4698,38.11926],[-76.46533,38.10583],[-76.47327,38.10303],[-76.49984,38.13719],[-76.51482,38.14122],[-76.52987,38.13408],[-76.54038,38.15299],[-76.55296,38.18721],[-76.59064,38.21421],[-76.63254,38.22566],[-76.64393,38.22508],[-76.67346,38.2344],[-76.74005,38.23523],[-76.75229,38.22212],[-76.77863,38.22847],[-76.79947,38.23747],[-76.80754,38.26589],[-76.80235,38.28074],[-76.81843,38.29592],[-76.83779,38.33743],[-76.83275,38.34768],[-76.83883,38.35752],[-76.85475,38.35772],[-76.87,38.33844],[-76.86989,38.33182],[-76.85762,38.32254],[-76.8348,38.27401],[-76.84034,38.25634],[-76.84792,38.25592],[-76.86429,38.26895],[-76.92388,38.2936],[-76.92455,38.3161],[-76.94213,38.3296],[-76.95393,38.33328],[-76.97549,38.34733],[-76.98358,38.363],[-76.98828,38.39498],[-76.99859,38.40929],[-77.00164,38.42195],[-77.01637,38.44557],[-77.04419,38.44302],[-77.07549,38.42471],[-77.09107,38.40755],[-77.10657,38.40624],[-77.12332,38.41065],[-77.12774,38.40083],[-77.13673,38.3918],[-77.18668,38.36564],[-77.20731,38.35987],[-77.25017,38.38278],[-77.26424,38.41428],[-77.25996,38.43582],[-77.27422,38.48177],[-77.2636,38.51234],[-77.23772,38.55187],[-77.22112,38.55522],[-77.18377,38.6007],[-77.16967,38.60687],[-77.14865,38.6056],[-77.11054,38.62682],[-77.10614,38.63425],[-77.1302,38.63502],[-77.1359,38.64982],[-77.1325,38.67382],[-77.122,38.68582],[-77.1059,38.69682],[-77.0795,38.70952],[-77.0532,38.70992],[-77.0455,38.71431],[-77.0414,38.72451],[-77.0395,38.79111],[-76.90939,38.89285],[-77.04102,38.99555],[-77.11976,38.93434],[-77.14818,38.965],[-77.183,38.96881],[-77.1975,38.96681],[-77.2215,38.97131],[-77.22999,38.97986],[-77.2348,38.97631],[-77.2498,38.98591],[-77.2483,38.99231],[-77.2557,39.00241],[-77.2446,39.02011],[-77.246,39.02491],[-77.2553,39.03001],[-77.27471,39.03409],[-77.2931,39.04651],[-77.34029,39.06299],[-77.38568,39.06199],[-77.46145,39.07515],[-77.4858,39.1093],[-77.51993,39.12092],[-77.52456,39.12782],[-77.52728,39.14624],[-77.51063,39.17848],[-77.47736,39.19049],[-77.47361,39.20841],[-77.45794,39.22202],[-77.46021,39.22836],[-77.48681,39.24759],[-77.54058,39.26495],[-77.56085,39.28615],[-77.56183,39.30191],[-77.5666,39.30612],[-77.59274,39.30129],[-77.61594,39.30272],[-77.651,39.31078],[-77.67585,39.32419],[-77.69298,39.31845],[-77.72607,39.32165],[-77.76023,39.33862],[-77.75867,39.34549],[-77.74593,39.35322],[-77.74414,39.36514],[-77.7538,39.37962],[-77.75221,39.38333],[-77.73632,39.38774],[-77.74001,39.40169],[-77.75468,39.42466],[-77.76332,39.42844],[-77.78775,39.42915],[-77.79981,39.43694],[-77.78928,39.44525],[-77.78952,39.44963],[-77.79895,39.45797],[-77.79651,39.46158],[-77.78245,39.46336],[-77.7982,39.47572],[-77.79516,39.48099],[-77.76709,39.49133],[-77.76599,39.49572],[-77.77095,39.49909],[-77.78161,39.49907],[-77.79437,39.49099],[-77.80782,39.49024],[-77.84667,39.49957],[-77.8451,39.50585],[-77.82514,39.51788],[-77.82536,39.52918],[-77.83693,39.53217],[-77.84054,39.5292],[-77.84112,39.51955],[-77.84944,39.51559],[-77.86368,39.51503],[-77.86613,39.51766],[-77.86535,39.53838],[-77.88895,39.55595],[-77.88797,39.5592],[-77.87845,39.56349],[-77.83633,39.56637],[-77.82975,39.59105],[-77.83181,39.6011],[-77.83801,39.60612],[-77.8578,39.60788],[-77.88512,39.61577],[-77.88696,39.61333],[-77.88111,39.60621],[-77.88155,39.60009],[-77.89033,39.59755],[-77.92283,39.60489],[-77.93286,39.61768],[-77.94194,39.61879],[-77.94465,39.61525],[-77.93551,39.60848],[-77.93637,39.59451],[-77.93905,39.58714],[-77.94618,39.58481],[-77.95128,39.59041],[-77.95079,39.60462],[-77.95504,39.60808],[-77.96823,39.60654],[-77.97636,39.59986],[-78.00999,39.60289],[-78.03599,39.63572],[-78.08226,39.67117],[-78.08983,39.67167],[-78.10783,39.68214],[-78.17663,39.69597],[-78.19111,39.69026],[-78.20294,39.67665],[-78.23156,39.67438],[-78.23301,39.67047],[-78.2236,39.6611],[-78.25408,39.64009],[-78.26219,39.63046],[-78.26509,39.61927],[-78.28304,39.62047],[-78.31303,39.631],[-78.35522,39.64058],[-78.35951,39.63808],[-78.35367,39.63079],[-78.35577,39.62626],[-78.37317,39.63046],[-78.38249,39.62822],[-78.38296,39.62225],[-78.3724,39.6123],[-78.37473,39.60863],[-78.38359,39.60891],[-78.39583,39.61608],[-78.42055,39.62402],[-78.43025,39.62329],[-78.43362,39.61826],[-78.42558,39.6076],[-78.39747,39.59023],[-78.39532,39.58422],[-78.40803,39.57859],[-78.44317,39.59116],[-78.45719,39.58738],[-78.45834,39.58043],[-78.45438,39.57432],[-78.42654,39.55915],[-78.41878,39.54895],[-78.42405,39.54631],[-78.43383,39.54895],[-78.43638,39.5393],[-78.44717,39.54337],[-78.45105,39.5367],[-78.46129,39.53468],[-78.4629,39.52084],[-78.46864,39.51679],[-78.5032,39.51865],[-78.52139,39.52479],[-78.56593,39.51944],[-78.58708,39.52802],[-78.59387,39.53516],[-78.60051,39.53343],[-78.62304,39.53951],[-78.65598,39.53469],[-78.67563,39.54037],[-78.68945,39.54577],[-78.69463,39.55325],[-78.7071,39.55586],[-78.71478,39.56256],[-78.72501,39.56397],[-78.73199,39.57536],[-78.73398,39.58662],[-78.74025,39.58566],[-78.74642,39.57954],[-78.7602,39.58215],[-78.77814,39.60136],[-78.77686,39.60403],[-78.7605,39.60998],[-78.75151,39.60995],[-78.74706,39.60569],[-78.73355,39.61553],[-78.73619,39.62171],[-78.7485,39.62626],[-78.76317,39.6189],[-78.77848,39.62265],[-78.77264,39.63689],[-78.76534,39.64399],[-78.76584,39.64849],[-78.79594,39.63729],[-78.80174,39.62749],[-78.79586,39.60693],[-78.79784,39.6049],[-78.80935,39.60806],[-78.81221,39.59772],[-78.8189,39.59037],[-78.82601,39.58883],[-78.82636,39.57733],[-78.8201,39.57629],[-78.81351,39.56772],[-78.81676,39.56169],[-78.8214,39.56062],[-78.83855,39.5673],[-78.8512,39.55992],[-78.85193,39.55185],[-78.87474,39.52261],[-78.886,39.52258],[-78.8912,39.5189],[-78.91649,39.48654],[-78.93361,39.48618],[-78.94229,39.48099],[-78.93887,39.4741],[-78.95333,39.46364],[-78.95675,39.44026],[-78.96548,39.43845],[-78.97883,39.44868],[-79.0101,39.46105],[-79.01715,39.46698],[-79.03034,39.4654],[-79.03691,39.4768],[-79.04628,39.4838],[-79.05245,39.48231],[-79.05658,39.47101],[-79.06863,39.47451],[-79.08327,39.47138],[-79.09652,39.4728],[-79.09906,39.47026],[-79.09543,39.46255],[-79.10422,39.44836],[-79.11407,39.44332],[-79.11943,39.43316],[-79.12905,39.42954],[-79.12982,39.4199],[-79.1407,39.41665],[-79.14383,39.40852],[-79.14958,39.40777],[-79.15921,39.41302],[-79.1665,39.40089],[-79.16722,39.39326],[-79.17698,39.39213],[-79.17933,39.38834],[-79.19554,39.38779],[-79.21396,39.36532],[-79.25227,39.35666],[-79.25389,39.33722],[-79.28204,39.32305],[-79.28372,39.30964],[-79.29024,39.29932],[-79.30231,39.29955],[-79.31477,39.30438],[-79.33238,39.29992],[-79.34434,39.29353],[-79.3438,39.2861],[-79.35375,39.27804],[-79.37615,39.27315],[-79.38702,39.26554],[-79.41205,39.24055],[-79.42035,39.23888],[-79.42506,39.23369],[-79.42441,39.22817],[-79.43983,39.21707],[-79.47604,39.20373],[-79.48687,39.20596],[-79.48681,39.29637]]]]}},{"type":"Feature","id":25,"properties":{"code":"MA","name":"Massachusetts"},"geometry":{"type":"MultiPolygon","coordinates":[[[[-70.27072,41.30893],[-70.26063,41.31009],[-70.22097,41.29167],[-70.1963,41.29461],[-70.12446,41.29385],[-70.08207,41.29909],[-70.06257,41.30873],[-70.04609,41.32165],[-70.03133,41.33933],[-70.02922,41.35166],[-70.03918,41.37303],[-70.03434,41.37998],[-70.02327,41.37862],[-69.96028,41.27873],[-69.96018,41.26455],[-69.96573,41.25247],[-70.00159,41.23935],[-70.01523,41.23796],[-70.08324,41.2444],[-70.09697,41.24085],[-70.11867,41.24235],[-70.16621,41.25637],[-70.25472,41.28867],[-70.27187,41.30147],[-70.27072,41.30893]]],[[[-70.8265,41.25959],[-70.81197,41.26484],[-70.80156,41.25841],[-70.80424,41.24946],[-70.81222,41.24941],[-70.82128,41.25101],[-70.83233,41.25836],[-70.8265,41.25959]]],[[[-70.8338,41.35339],[-70.81231,41.35574],[-70.78329,41.34783],[-70.77497,41.34918],[-70.72922,41.39773],[-70.71243,41.40885],[-70.71149,41.41546],[-70.70138,41.43093],[-70.68688,41.44133],[-70.60356,41.48238],[-70.59844,41.48115],[-70.59628,41.4719],[-70.56328,41.46913],[-70.55328,41.45296],[-70.55559,41.43088],[-70.54757,41.41583],[-70.52858,41.4051],[-70.50698,41.40024],[-70.50131,41.38539],[-70.49076,41.38363],[-70.4845,41.38629],[-70.4726,41.39913],[-70.47303,41.40876],[-70.46383,41.41915],[-70.45043,41.4207],[-70.44623,41.39648],[-70.44927,41.38042],[-70.44826,41.35365],[-70.45108,41.34816],[-70.49616,41.34645],[-70.59916,41.34927],[-70.70983,41.34172],[-70.74754,41.32995],[-70.76419,41.31871],[-70.76869,41.3037],[-70.77567,41.30098],[-70.80208,41.31421],[-70.81942,41.32721],[-70.83878,41.34721],[-70.8338,41.35339]]],[[[-73.50814,42.08626],[-73.26496,42.74594],[-71.29421,42.69699],[-71.2679,42.72589],[-71.2455,42.74259],[-71.2239,42.74669],[-71.1818,42.73759],[-71.1861,42.79069],[-71.1656,42.80869],[-71.1325,42.82139],[-71.0642,42.80629],[-71.0475,42.84409],[-71.0312,42.85909],[-70.9665,42.86899],[-70.92763,42.88533],[-70.90277,42.88653],[-70.88614,42.88261],[-70.84862,42.86094],[-70.8173,42.87229],[-70.81773,42.85061],[-70.80522,42.7818],[-70.79287,42.74712],[-70.77045,42.70482],[-70.77855,42.69852],[-70.77867,42.69362],[-70.76442,42.68565],[-70.74443,42.68209],[-70.72982,42.6696],[-70.72885,42.66388],[-70.6894,42.65332],[-70.68259,42.65452],[-70.68159,42.66234],[-70.66355,42.6776],[-70.6451,42.68942],[-70.62998,42.69188],[-70.62062,42.68721],[-70.62279,42.66087],[-70.59496,42.65666],[-70.59147,42.63982],[-70.59502,42.63583],[-70.60561,42.6349],[-70.61842,42.62864],[-70.63563,42.60024],[-70.65364,42.58197],[-70.66515,42.58189],[-70.67069,42.59372],[-70.67674,42.59483],[-70.69857,42.57739],[-70.72969,42.57151],[-70.73704,42.57686],[-70.80409,42.56159],[-70.82329,42.5515],[-70.87138,42.5464],[-70.86628,42.52262],[-70.84209,42.51949],[-70.83195,42.5019],[-70.83817,42.4915],[-70.85779,42.4903],[-70.87969,42.4788],[-70.88729,42.4649],[-70.89429,42.4609],[-70.91769,42.468],[-70.92771,42.46089],[-70.9195,42.43055],[-70.90839,42.4252],[-70.90693,42.42053],[-70.9122,42.4167],[-70.93342,42.4179],[-70.93989,42.42251],[-70.94336,42.44925],[-70.95223,42.45177],[-70.96022,42.44866],[-70.96115,42.44058],[-70.98299,42.424],[-70.9915,42.40825],[-70.98985,42.4033],[-70.98477,42.40123],[-70.98034,42.39151],[-70.97116,42.3895],[-70.97041,42.37533],[-70.95009,42.35171],[-70.95309,42.34572],[-70.96299,42.3452],[-70.97585,42.35702],[-70.98513,42.35737],[-71.00688,42.34704],[-71.01568,42.32602],[-71.01405,42.31916],[-70.99784,42.3212],[-70.98667,42.30627],[-71.00356,42.29528],[-71.00616,42.28811],[-70.9961,42.27122],[-70.98909,42.26745],[-70.95622,42.27079],[-70.95743,42.28007],[-70.94864,42.29164],[-70.93527,42.3021],[-70.90756,42.30789],[-70.88276,42.30886],[-70.88124,42.30066],[-70.87087,42.28567],[-70.85109,42.26827],[-70.81174,42.26293],[-70.77096,42.2492],[-70.74723,42.22182],[-70.72227,42.20796],[-70.7143,42.16878],[-70.70626,42.16314],[-70.66393,42.10834],[-70.64017,42.08863],[-70.63848,42.08158],[-70.64735,42.07633],[-70.64434,42.0459],[-70.65087,42.04625],[-70.66936,42.03712],[-70.67167,42.02139],[-70.66751,42.01232],[-70.67093,42.00779],[-70.6788,42.00551],[-70.6868,42.01276],[-70.69581,42.01335],[-70.7122,42.00759],[-70.71003,41.99954],[-70.69898,41.9871],[-70.66248,41.96059],[-70.65167,41.9587],[-70.64836,41.96167],[-70.61649,41.9402],[-70.58357,41.95001],[-70.55294,41.92964],[-70.54639,41.91675],[-70.54595,41.90716],[-70.53208,41.88957],[-70.52557,41.85873],[-70.54206,41.83126],[-70.54103,41.81575],[-70.51741,41.79095],[-70.49405,41.77388],[-70.47155,41.76156],[-70.41248,41.7444],[-70.37534,41.73878],[-70.29096,41.73431],[-70.2752,41.72614],[-70.26365,41.71411],[-70.2592,41.71395],[-70.23485,41.73373],[-70.21607,41.74298],[-70.18925,41.75198],[-70.18208,41.75088],[-70.14153,41.76007],[-70.12198,41.75884],[-70.06431,41.77284],[-70.02473,41.78736],[-70.00846,41.80079],[-70.00384,41.80852],[-70.00901,41.87662],[-69.99858,41.88451],[-70.00001,41.89033],[-70.01546,41.89293],[-70.0203,41.89806],[-70.03054,41.92915],[-70.0449,41.93111],[-70.05516,41.9268],[-70.06205,41.89866],[-70.07048,41.89596],[-70.07791,41.90097],[-70.07742,41.9855],[-70.08378,42.01204],[-70.0956,42.03283],[-70.12304,42.05167],[-70.15542,42.06241],[-70.16978,42.05974],[-70.18682,42.05045],[-70.19311,42.04116],[-70.17961,42.02387],[-70.18375,42.01881],[-70.19794,42.01907],[-70.20905,42.02949],[-70.2187,42.04585],[-70.24538,42.06373],[-70.23809,42.07288],[-70.22563,42.0786],[-70.18931,42.08234],[-70.16017,42.07863],[-70.11597,42.06764],[-70.08262,42.05466],[-70.05853,42.04036],[-70.0335,42.01774],[-69.98609,41.9496],[-69.9686,41.9117],[-69.93595,41.80942],[-69.92865,41.74125],[-69.92826,41.6917],[-69.93946,41.6707],[-69.94689,41.64736],[-69.96375,41.62827],[-69.97681,41.57939],[-69.98821,41.5547],[-69.99834,41.54274],[-70.01123,41.54393],[-70.01361,41.55105],[-69.99888,41.57991],[-69.98238,41.63225],[-69.97356,41.64736],[-69.97572,41.65374],[-70.00719,41.67219],[-70.08924,41.66281],[-70.14088,41.65042],[-70.19106,41.64526],[-70.24587,41.62848],[-70.25324,41.62195],[-70.25643,41.61224],[-70.26493,41.61047],[-70.27165,41.61369],[-70.27142,41.62942],[-70.28132,41.63513],[-70.29062,41.6352],[-70.31169,41.62741],[-70.33807,41.63634],[-70.35163,41.63469],[-70.36035,41.63107],[-70.36985,41.61589],[-70.37915,41.61136],[-70.40058,41.60638],[-70.43725,41.60533],[-70.46128,41.57182],[-70.47626,41.5585],[-70.48557,41.55424],[-70.61108,41.54299],[-70.63361,41.53825],[-70.64363,41.53236],[-70.6541,41.51902],[-70.67538,41.51262],[-70.70518,41.49668],[-70.73431,41.48633],[-70.75782,41.4657],[-70.79027,41.44634],[-70.83187,41.44227],[-70.86695,41.42238],[-70.91856,41.41833],[-70.94199,41.40754],[-70.95019,41.41096],[-70.94929,41.41831],[-70.92817,41.43127],[-70.8803,41.43797],[-70.8337,41.45716],[-70.80219,41.46086],[-70.78777,41.47461],[-70.74505,41.50097],[-70.65866,41.54339],[-70.6543,41.54993],[-70.6539,41.56516],[-70.64275,41.57238],[-70.64095,41.57733],[-70.65245,41.60521],[-70.65199,41.61018],[-70.64,41.62462],[-70.64525,41.63355],[-70.65261,41.63783],[-70.65042,41.6442],[-70.63869,41.64943],[-70.63598,41.65923],[-70.64536,41.66568],[-70.64286,41.67486],[-70.65328,41.68625],[-70.64596,41.69379],[-70.62544,41.69869],[-70.62365,41.7074],[-70.62653,41.71299],[-70.64464,41.71898],[-70.6566,41.7154],[-70.71874,41.73574],[-70.72633,41.73273],[-70.72893,41.72343],[-70.7213,41.71297],[-70.71608,41.69263],[-70.71851,41.68736],[-70.72803,41.68679],[-70.7444,41.69697],[-70.75535,41.69433],[-70.76148,41.67681],[-70.76236,41.66774],[-70.75762,41.65427],[-70.76063,41.64603],[-70.76684,41.64251],[-70.77981,41.65155],[-70.81329,41.65567],[-70.81635,41.64599],[-70.80466,41.64116],[-70.80106,41.62951],[-70.81028,41.62487],[-70.8353,41.62453],[-70.84357,41.62933],[-70.85286,41.62534],[-70.8509,41.61214],[-70.83208,41.60799],[-70.82385,41.60267],[-70.81653,41.59104],[-70.82182,41.58555],[-70.83084,41.58589],[-70.84092,41.59532],[-70.84603,41.59456],[-70.85169,41.58837],[-70.86057,41.59003],[-70.86625,41.60005],[-70.87094,41.62508],[-70.88662,41.63156],[-70.90234,41.61866],[-70.89685,41.60223],[-70.90509,41.59801],[-70.91242,41.59994],[-70.91881,41.61174],[-70.92912,41.61297],[-70.93387,41.60713],[-70.92889,41.59266],[-70.93134,41.5842],[-70.9488,41.57904],[-70.9473,41.57366],[-70.93783,41.56524],[-70.93208,41.5443],[-70.94178,41.54012],[-70.94793,41.5298],[-70.95686,41.52698],[-70.96979,41.53395],[-70.97922,41.53043],[-70.98654,41.51302],[-71.01935,41.50886],[-71.03551,41.49905],[-71.05842,41.50597],[-71.08566,41.50929],[-71.12057,41.49745],[-71.13131,41.59231],[-71.14091,41.6074],[-71.14047,41.62389],[-71.13569,41.6284],[-71.13289,41.6601],[-71.17609,41.6681],[-71.17599,41.6714],[-71.19564,41.67509],[-71.26139,41.7523],[-71.3279,41.7805],[-71.3322,41.7923],[-71.3407,41.7983],[-71.3389,41.8083],[-71.3472,41.8231],[-71.3352,41.8355],[-71.3422,41.8448],[-71.334,41.8623],[-71.3408,41.8816],[-71.3387,41.8984],[-71.3817,41.8932],[-71.3814,42.0188],[-71.79924,42.00807],[-71.80065,42.02357],[-72.52813,42.0343],[-72.57323,42.03014],[-72.58233,42.0247],[-72.59023,42.0247],[-72.60693,42.02499],[-72.60793,42.03079],[-72.69593,42.03679],[-72.75584,42.03619],[-72.75754,42.0333],[-72.75174,42.03019],[-72.75747,42.02095],[-72.76215,42.02153],[-72.75974,42.017],[-72.76674,42.00299],[-72.81674,41.99759],[-72.81354,42.03649],[-73.05325,42.03986],[-73.43281,42.05059],[-73.49688,42.04968],[-73.50814,42.08626]]]]}},{"type":"Feature","id":26,"properties":{"code":"MI","name":"Michigan"},"geometry":{"type":"MultiPolygon","coordinates":[[[[-83.45224,43.85635],[-83.44741,43.86128],[-83.42936,43.85941],[-83.43182,43.84514],[-83.43961,43.83996],[-83.44859,43.84287],[-83.45224,43.85635]]],[[[-84.00966,46.10133],[-83.98768,46.09829],[-83.98364,46.08865],[-83.97401,46.08155],[-83.97345,46.06529],[-84.01263,46.08728],[-84.00966,46.10133]]],[[[-84.58269,45.96312],[-84.57496,45.97065],[-84.56393,45.96641],[-84.56183,45.95908],[-84.56749,45.9477],[-84.58269,45.96312]]],[[[-84.59734,45.83433],[-84.58294,45.8231],[-84.53839,45.80784],[-84.51444,45.81012],[-84.43247,45.78673],[-84.4224,45.79267],[-84.42083,45.7998],[-84.4083,45.79957],[-84.40321,45.78439],[-84.35602,45.7719],[-84.35631,45.76949],[-84.37024,45.75619],[-84.37225,45.74578],[-84.39429,45.7353],[-84.39404,45.72762],[-84.40585,45.72242],[-84.4189,45.72171],[-84.43003,45.72631],[-84.46918,45.73225],[-84.48413,45.73071],[-84.50089,45.73726],[-84.50748,45.74464],[-84.5093,45.75434],[-84.52506,45.76417],[-84.5499,45.78986],[-84.58195,45.80263],[-84.61131,45.82857],[-84.59734,45.83433]]],[[[-84.63986,45.97834],[-84.63286,45.98487],[-84.61067,45.96554],[-84.63286,45.95101],[-84.64018,45.95837],[-84.63986,45.97834]]],[[[-84.65134,45.86284],[-84.64688,45.88464],[-84.6418,45.88549],[-84.62944,45.88258],[-84.62252,45.87753],[-84.60292,45.85164],[-84.61794,45.84584],[-84.62386,45.84658],[-84.6397,45.85262],[-84.65078,45.85921],[-84.65134,45.86284]]],[[[-85.39426,45.77853],[-85.37713,45.8128],[-85.36095,45.81755],[-85.35143,45.79566],[-85.35905,45.77663],[-85.37713,45.76901],[-85.39426,45.77853]]],[[[-85.52445,45.82979],[-85.49695,45.82223],[-85.45021,45.79668],[-85.45021,45.77645],[-85.46258,45.76586],[-85.50726,45.77824],[-85.53201,45.79817],[-85.52445,45.82979]]],[[[-85.63002,45.59817],[-85.61985,45.62455],[-85.60865,45.63201],[-85.60452,45.63926],[-85.6093,45.65807],[-85.60488,45.68193],[-85.59077,45.69805],[-85.57231,45.71145],[-85.56513,45.73072],[-85.56644,45.76022],[-85.54956,45.75727],[-85.54375,45.75141],[-85.53562,45.75039],[-85.50127,45.75442],[-85.49766,45.74625],[-85.50882,45.74236],[-85.51568,45.73578],[-85.49878,45.72629],[-85.49415,45.70538],[-85.49402,45.69848],[-85.5028,45.691],[-85.5061,45.68115],[-85.50045,45.6643],[-85.49025,45.65212],[-85.48703,45.62121],[-85.49135,45.60966],[-85.50928,45.59647],[-85.53027,45.58925],[-85.53406,45.5782],[-85.56163,45.57221],[-85.61805,45.58265],[-85.63002,45.59817]]],[[[-85.70181,45.73613],[-85.68885,45.74724],[-85.65187,45.74314],[-85.64935,45.72255],[-85.67219,45.69663],[-85.69687,45.69725],[-85.70181,45.73613]]],[[[-85.79296,45.48198],[-85.78265,45.4916],[-85.77537,45.49015],[-85.76908,45.48032],[-85.77157,45.46057],[-85.78679,45.4722],[-85.79296,45.48198]]],[[[-85.88301,45.44348],[-85.85826,45.44004],[-85.83489,45.42836],[-85.82595,45.4043],[-85.83352,45.37817],[-85.87339,45.42148],[-85.88301,45.44348]]],[[[-86.06502,45.14027],[-86.05939,45.15229],[-86.04443,45.15958],[-86.00595,45.15575],[-85.98941,45.15107],[-85.9768,45.13836],[-85.97643,45.12071],[-85.98043,45.11305],[-85.98409,45.08707],[-85.97708,45.07299],[-85.97688,45.06266],[-85.99736,45.05593],[-86.01307,45.06377],[-86.03713,45.08658],[-86.05865,45.10078],[-86.06502,45.14027]]],[[[-86.15669,45.01053],[-86.1381,45.04304],[-86.11791,45.04848],[-86.08532,45.04073],[-86.0856,45.0309],[-86.10031,45.02624],[-86.10121,45.0181],[-86.09354,45.00784],[-86.1157,44.99909],[-86.13366,44.99687],[-86.15482,45.00239],[-86.15669,45.01053]]],[[[-86.69239,45.61713],[-86.67727,45.61369],[-86.66575,45.60624],[-86.64403,45.58548],[-86.62619,45.57358],[-86.62024,45.56228],[-86.62202,45.55633],[-86.63689,45.54205],[-86.64879,45.54324],[-86.66128,45.57418],[-86.71233,45.61094],[-86.69239,45.61713]]],[[[-86.78665,45.51456],[-86.76977,45.51625],[-86.75755,45.50412],[-86.75047,45.48414],[-86.76374,45.47399],[-86.78281,45.48678],[-86.79027,45.50189],[-86.78665,45.51456]]],[[[-86.82483,41.76024],[-86.71704,41.81935],[-86.67936,41.84479],[-86.61944,41.89383],[-86.5979,41.91829],[-86.5822,41.94224],[-86.55642,42.00004],[-86.50132,42.08454],[-86.48522,42.11824],[-86.40415,42.19638],[-86.35622,42.25417],[-86.3218,42.31074],[-86.29717,42.35821],[-86.28445,42.39456],[-86.28497,42.40181],[-86.26157,42.44389],[-86.24971,42.48021],[-86.24064,42.54],[-86.22561,42.59477],[-86.22905,42.63769],[-86.21602,42.66441],[-86.20865,42.69209],[-86.20683,42.71942],[-86.21086,42.78383],[-86.21074,42.85913],[-86.2263,42.98828],[-86.24428,43.04968],[-86.25007,43.05749],[-86.25465,43.08341],[-86.28076,43.13602],[-86.40783,43.33844],[-86.43512,43.3967],[-86.47928,43.51534],[-86.52021,43.57672],[-86.5385,43.6175],[-86.54079,43.64459],[-86.53848,43.65879],[-86.52918,43.67789],[-86.46155,43.74668],[-86.44512,43.77156],[-86.43739,43.78933],[-86.43104,43.81598],[-86.43391,43.85561],[-86.44545,43.88973],[-86.44791,43.91809],[-86.46314,43.97098],[-86.50883,44.03276],[-86.51474,44.04792],[-86.5147,44.05812],[-86.50045,44.07561],[-86.44688,44.10597],[-86.42111,44.12948],[-86.38006,44.18947],[-86.36285,44.20811],[-86.34379,44.24961],[-86.32729,44.26306],[-86.30026,44.3082],[-86.26871,44.34532],[-86.24808,44.42095],[-86.25184,44.45163],[-86.24891,44.483],[-86.23874,44.50168],[-86.2207,44.56674],[-86.22545,44.59459],[-86.25395,44.64808],[-86.25903,44.66365],[-86.255,44.69194],[-86.24847,44.69905],[-86.23248,44.70605],[-86.1722,44.72062],[-86.16027,44.72819],[-86.12113,44.72797],[-86.10618,44.73109],[-86.08919,44.7415],[-86.07351,44.7698],[-86.07175,44.80472],[-86.06597,44.82152],[-86.07247,44.88479],[-86.06674,44.90568],[-86.05886,44.91101],[-86.03833,44.9157],[-86.03119,44.90735],[-86.02151,44.90277],[-86.00935,44.89945],[-85.99254,44.90003],[-85.98022,44.90614],[-85.97282,44.91478],[-85.96717,44.92948],[-85.95272,44.94076],[-85.9421,44.95432],[-85.93859,44.96456],[-85.9316,44.96879],[-85.91585,44.96831],[-85.89763,44.96201],[-85.87993,44.94331],[-85.86985,44.93903],[-85.83615,44.94026],[-85.8074,44.94981],[-85.78044,44.97793],[-85.77139,45.01518],[-85.76194,45.02345],[-85.74644,45.05123],[-85.71226,45.06562],[-85.69572,45.07646],[-85.6811,45.09269],[-85.67486,45.11622],[-85.65602,45.14579],[-85.61864,45.18677],[-85.60696,45.17848],[-85.58599,45.18038],[-85.56465,45.19255],[-85.56181,45.20052],[-85.55107,45.21074],[-85.5405,45.21017],[-85.52673,45.18932],[-85.53146,45.17725],[-85.55218,45.16735],[-85.5639,45.15436],[-85.59043,45.15317],[-85.5998,45.14929],[-85.61432,45.12756],[-85.60927,45.11351],[-85.5832,45.0713],[-85.57335,45.06838],[-85.56488,45.05938],[-85.56436,45.04355],[-85.57686,45.04189],[-85.58235,45.05177],[-85.5905,45.05161],[-85.59534,45.0457],[-85.59965,45.02175],[-85.62188,45.00453],[-85.62983,45.00248],[-85.64932,44.97407],[-85.64147,44.96819],[-85.63351,44.96684],[-85.6208,44.97424],[-85.6043,44.99098],[-85.60203,44.92674],[-85.6255,44.92111],[-85.64546,44.88365],[-85.65236,44.84909],[-85.65144,44.83162],[-85.64165,44.81082],[-85.637,44.79008],[-85.64078,44.77556],[-85.62798,44.76751],[-85.61078,44.76516],[-85.59357,44.76878],[-85.58172,44.80778],[-85.54589,44.86402],[-85.53293,44.87319],[-85.53065,44.88976],[-85.53727,44.89582],[-85.55952,44.88811],[-85.56451,44.89525],[-85.5397,44.91678],[-85.53355,44.92576],[-85.52021,44.96035],[-85.52003,44.974],[-85.4926,44.98983],[-85.4752,44.99105],[-85.46494,44.96106],[-85.48574,44.95363],[-85.49249,44.90822],[-85.48862,44.90171],[-85.50218,44.8558],[-85.50862,44.84787],[-85.53992,44.83417],[-85.55589,44.81826],[-85.56023,44.81007],[-85.56049,44.78968],[-85.57657,44.76021],[-85.55433,44.74874],[-85.52722,44.74824],[-85.50477,44.76808],[-85.50524,44.78159],[-85.50925,44.78733],[-85.49959,44.80384],[-85.4748,44.81496],[-85.46292,44.82507],[-85.46045,44.83567],[-85.4258,44.88165],[-85.423,44.89502],[-85.40617,44.91177],[-85.3958,44.93102],[-85.37829,44.99859],[-85.38165,45.01841],[-85.38066,45.04632],[-85.37759,45.05571],[-85.36641,45.06902],[-85.36691,45.11694],[-85.37695,45.14288],[-85.38046,45.18088],[-85.38673,45.1895],[-85.38859,45.23524],[-85.37159,45.27083],[-85.30765,45.31314],[-85.29485,45.31641],[-85.28957,45.31405],[-85.27379,45.31544],[-85.263,45.31951],[-85.25219,45.33086],[-85.20967,45.35694],[-85.1967,45.36064],[-85.18247,45.36082],[-85.14365,45.37037],[-85.03281,45.36125],[-85.02223,45.3667],[-84.95912,45.37597],[-84.91585,45.39312],[-84.91296,45.40978],[-84.91617,45.41764],[-84.92201,45.42191],[-84.98095,45.42938],[-84.99497,45.4234],[-85.04094,45.4367],[-85.06957,45.45924],[-85.08839,45.47693],[-85.10925,45.52163],[-85.11548,45.53941],[-85.11864,45.57518],[-85.11191,45.58583],[-85.09352,45.60012],[-85.07953,45.61708],[-85.07491,45.62924],[-85.06149,45.6395],[-85.01534,45.65156],[-85.00703,45.65636],[-84.99634,45.66969],[-84.97095,45.68633],[-84.94376,45.71029],[-84.94053,45.72183],[-84.94213,45.72846],[-84.95084,45.73689],[-84.97595,45.75145],[-84.97526,45.75862],[-84.93831,45.75989],[-84.9104,45.75001],[-84.86698,45.75207],[-84.84098,45.74475],[-84.79956,45.74713],[-84.78882,45.75228],[-84.78137,45.76108],[-84.7798,45.76965],[-84.79315,45.78046],[-84.77277,45.7893],[-84.75157,45.78273],[-84.73407,45.7882],[-84.72619,45.7869],[-84.7189,45.7776],[-84.716,45.76617],[-84.68197,45.7562],[-84.67955,45.74909],[-84.64482,45.73999],[-84.57363,45.71038],[-84.46168,45.6524],[-84.44235,45.65477],[-84.42749,45.6692],[-84.41364,45.66943],[-84.3764,45.65557],[-84.32954,45.66438],[-84.27024,45.64479],[-84.21527,45.63477],[-84.19604,45.62146],[-84.18051,45.60464],[-84.13946,45.57371],[-84.12887,45.56228],[-84.12231,45.52379],[-84.10924,45.50517],[-84.09591,45.4973],[-84.07579,45.49054],[-84.05614,45.48935],[-84.02881,45.49723],[-83.99835,45.49116],[-83.97802,45.49414],[-83.93926,45.49319],[-83.90947,45.48578],[-83.88181,45.46791],[-83.84154,45.43529],[-83.80662,45.41916],[-83.77317,45.4173],[-83.75557,45.41103],[-83.72182,45.4133],[-83.69732,45.39624],[-83.59927,45.35256],[-83.57036,45.3472],[-83.55027,45.35083],[-83.5468,45.35264],[-83.54573,45.3584],[-83.53831,45.35817],[-83.52026,45.34724],[-83.48708,45.34365],[-83.4822,45.33037],[-83.46744,45.33151],[-83.44567,45.31061],[-83.42514,45.29681],[-83.42239,45.29077],[-83.3851,45.27419],[-83.38174,45.26898],[-83.39057,45.25337],[-83.41148,45.25404],[-83.41241,45.23891],[-83.40591,45.22716],[-83.38165,45.20336],[-83.3689,45.18217],[-83.36805,45.17248],[-83.36368,45.16647],[-83.35989,45.16302],[-83.34868,45.16152],[-83.33782,45.14712],[-83.31612,45.14196],[-83.31601,45.12407],[-83.31047,45.10752],[-83.30178,45.09388],[-83.31657,45.07886],[-83.30928,45.06612],[-83.31394,45.05339],[-83.30381,45.04809],[-83.27704,45.04477],[-83.2659,45.02684],[-83.27151,45.02342],[-83.28797,45.02646],[-83.34026,45.04154],[-83.35761,45.05061],[-83.36747,45.06227],[-83.36519,45.07285],[-83.38039,45.07714],[-83.39196,45.06851],[-83.39925,45.07036],[-83.4338,45.05762],[-83.44205,45.05106],[-83.45336,45.03533],[-83.45352,45.02862],[-83.45068,45.02189],[-83.43571,45.01262],[-83.43654,45.0056],[-83.46116,45.00077],[-83.4622,44.9939],[-83.44606,44.98131],[-83.44372,44.95225],[-83.43303,44.93289],[-83.42531,44.92674],[-83.4046,44.91876],[-83.39888,44.90642],[-83.39396,44.90306],[-83.35282,44.88616],[-83.3205,44.88057],[-83.32124,44.85296],[-83.31443,44.84222],[-83.30065,44.82983],[-83.29552,44.7934],[-83.2973,44.74613],[-83.29067,44.72926],[-83.27339,44.7139],[-83.27684,44.68935],[-83.28944,44.65297],[-83.3075,44.62982],[-83.31452,44.60872],[-83.31365,44.56459],[-83.30847,44.5399],[-83.31828,44.51442],[-83.31761,44.48606],[-83.32682,44.44441],[-83.32717,44.42923],[-83.32165,44.4045],[-83.33376,44.37249],[-83.33525,44.358],[-83.33253,44.34046],[-83.33699,44.33292],[-83.34374,44.32976],[-83.36431,44.33259],[-83.37361,44.32778],[-83.40182,44.30183],[-83.4143,44.29454],[-83.42969,44.26971],[-83.44273,44.26536],[-83.4458,44.27338],[-83.46305,44.27884],[-83.47953,44.28009],[-83.50039,44.27661],[-83.52482,44.26156],[-83.53771,44.24817],[-83.5491,44.22728],[-83.55383,44.19796],[-83.56828,44.15561],[-83.5682,44.11936],[-83.57307,44.1013],[-83.588,44.08676],[-83.59136,44.07924],[-83.59044,44.06957],[-83.58409,44.05675],[-83.65012,44.0524],[-83.67965,44.03637],[-83.68789,44.02071],[-83.68011,43.9942],[-83.68551,43.9901],[-83.72876,44.00344],[-83.7473,44.00275],[-83.75158,43.99215],[-83.76377,43.98516],[-83.80007,43.98771],[-83.80197,43.99386],[-83.81243,43.99557],[-83.82526,43.99215],[-83.83667,43.9966],[-83.85046,43.98668],[-83.84828,43.98159],[-83.85493,43.97707],[-83.85613,43.97263],[-83.86567,43.96342],[-83.87613,43.96137],[-83.89015,43.93467],[-83.89091,43.92331],[-83.90739,43.91806],[-83.92129,43.85828],[-83.92224,43.81645],[-83.92634,43.7874],[-83.92937,43.77709],[-83.94305,43.76445],[-83.95434,43.76415],[-83.95678,43.76101],[-83.95435,43.75065],[-83.9393,43.71537],[-83.91187,43.67516],[-83.89708,43.66402],[-83.85208,43.64492],[-83.83738,43.65038],[-83.81599,43.64144],[-83.75848,43.62595],[-83.71237,43.60771],[-83.69238,43.58886],[-83.67053,43.58809],[-83.58687,43.65898],[-83.53985,43.70864],[-83.53439,43.70909],[-83.52843,43.71428],[-83.51485,43.70951],[-83.51399,43.69763],[-83.4966,43.69739],[-83.44735,43.75657],[-83.43072,43.78506],[-83.40837,43.80805],[-83.39839,43.81216],[-83.38936,43.83206],[-83.39111,43.84807],[-83.3829,43.85317],[-83.3637,43.85448],[-83.34791,43.86859],[-83.3277,43.88097],[-83.3251,43.89339],[-83.32744,43.90058],[-83.40081,43.90703],[-83.40055,43.91861],[-83.31866,43.91762],[-83.30569,43.92249],[-83.28231,43.93803],[-83.26898,43.95613],[-83.26153,43.97353],[-83.22709,43.981],[-83.18062,43.98211],[-83.14541,43.98944],[-83.12066,44.00095],[-83.10782,44.00324],[-83.0793,44.00108],[-83.06603,44.00337],[-83.04658,44.01571],[-83.0246,44.04517],[-82.99073,44.04885],[-82.96744,44.06614],[-82.94737,44.06219],[-82.92888,44.06939],[-82.91598,44.0705],[-82.88983,44.05095],[-82.87589,44.04505],[-82.8331,44.03685],[-82.79321,44.02325],[-82.7832,44.00937],[-82.76502,44.00684],[-82.74626,43.99604],[-82.70984,43.94823],[-82.67864,43.88373],[-82.65545,43.86788],[-82.64317,43.85247],[-82.6429,43.84642],[-82.64778,43.84268],[-82.63364,43.83122],[-82.61795,43.7686],[-82.61721,43.74679],[-82.61222,43.73977],[-82.59791,43.59002],[-82.58565,43.54397],[-82.56569,43.5029],[-82.55354,43.46411],[-82.53952,43.43754],[-82.53679,43.34851],[-82.53013,43.3338],[-82.52942,43.31624],[-82.5324,43.30577],[-82.52309,43.22536],[-82.51912,43.21274],[-82.50888,43.19675],[-82.48604,43.10249],[-82.47105,43.08758],[-82.42277,43.00796],[-82.41594,43.00556],[-82.42259,43.00003],[-82.42455,42.99339],[-82.41296,42.97704],[-82.41674,42.96661],[-82.45503,42.92687],[-82.46991,42.88746],[-82.46896,42.85231],[-82.48204,42.80863],[-82.47116,42.784],[-82.46748,42.76191],[-82.4836,42.73362],[-82.48387,42.71798],[-82.51053,42.66517],[-82.50993,42.63729],[-82.52483,42.60598],[-82.54814,42.59175],[-82.5777,42.56695],[-82.584,42.55404],[-82.58998,42.55098],[-82.60574,42.54817],[-82.62491,42.55723],[-82.63306,42.55684],[-82.64307,42.55432],[-82.66168,42.54187],[-82.66683,42.53485],[-82.68844,42.55979],[-82.67859,42.5821],[-82.68881,42.59119],[-82.7074,42.59265],[-82.71323,42.59861],[-82.70178,42.60558],[-82.67695,42.6135],[-82.6825,42.62587],[-82.65836,42.63374],[-82.64567,42.63243],[-82.63264,42.64055],[-82.62382,42.65396],[-82.626,42.66787],[-82.64148,42.67509],[-82.65324,42.67223],[-82.67429,42.68705],[-82.70096,42.68955],[-82.70614,42.68358],[-82.72637,42.68277],[-82.75332,42.66973],[-82.76558,42.65572],[-82.78082,42.65223],[-82.79732,42.65403],[-82.81352,42.64083],[-82.82012,42.62633],[-82.81902,42.61633],[-82.78902,42.60343],[-82.78874,42.5862],[-82.78063,42.57495],[-82.78139,42.56782],[-82.78525,42.56562],[-82.81009,42.5708],[-82.83422,42.56785],[-82.84592,42.56063],[-82.85102,42.54894],[-82.87442,42.52354],[-82.88232,42.50104],[-82.88392,42.47184],[-82.87035,42.45089],[-82.88841,42.39824],[-82.89401,42.38944],[-82.91911,42.37444],[-82.92983,42.3583],[-82.9292,42.3511],[-82.94541,42.34734],[-82.95942,42.33964],[-82.98862,42.33244],[-83.01832,42.32974],[-83.06412,42.31774],[-83.07972,42.30864],[-83.09652,42.29014],[-83.11092,42.26064],[-83.12802,42.23884],[-83.13392,42.17474],[-83.12132,42.12574],[-83.13242,42.09146],[-83.17363,42.08972],[-83.18521,42.08425],[-83.19172,42.07449],[-83.19027,42.05926],[-83.18645,42.05253],[-83.18765,42.03214],[-83.18148,42.0193],[-83.18725,42.00757],[-83.20865,42.00504],[-83.20938,41.99574],[-83.2169,41.98856],[-83.2285,41.98729],[-83.2492,41.9724],[-83.25701,41.95969],[-83.25729,41.95074],[-83.26952,41.93904],[-83.29598,41.94474],[-83.31586,41.93589],[-83.32602,41.92496],[-83.33364,41.90726],[-83.33596,41.88972],[-83.34156,41.87996],[-83.36619,41.8655],[-83.37244,41.87448],[-83.38196,41.87088],[-83.4096,41.83033],[-83.4342,41.81856],[-83.43961,41.81316],[-83.44336,41.78912],[-83.42408,41.74074],[-83.45383,41.73265],[-84.80608,41.69609],[-84.80588,41.76022],[-86.82483,41.76024]]],[[[-87.6523,47.41621],[-87.62367,47.42628],[-87.5915,47.42411],[-87.58622,47.41834],[-87.60034,47.40771],[-87.63903,47.41044],[-87.6523,47.41621]]],[[[-89.2552,47.8761],[-89.24713,47.8885],[-89.22633,47.89544],[-89.22071,47.90085],[-89.22133,47.90807],[-89.2145,47.91389],[-89.17915,47.93503],[-89.09521,47.96792],[-88.94089,48.01959],[-88.91503,48.02068],[-88.89507,48.02906],[-88.8937,48.03477],[-88.83571,48.05675],[-88.81046,48.05525],[-88.78756,48.06303],[-88.77208,48.0705],[-88.77183,48.07946],[-88.76426,48.08519],[-88.70559,48.11101],[-88.69535,48.11055],[-88.68443,48.11579],[-88.67563,48.12044],[-88.67419,48.12716],[-88.65691,48.13923],[-88.61403,48.1548],[-88.57841,48.16237],[-88.54703,48.17489],[-88.52475,48.16529],[-88.50109,48.16818],[-88.48204,48.17992],[-88.44724,48.18292],[-88.4226,48.19098],[-88.41824,48.18037],[-88.41988,48.17073],[-88.4597,48.15855],[-88.4857,48.13768],[-88.5119,48.1217],[-88.56694,48.09372],[-88.57805,48.08437],[-88.57392,48.06886],[-88.57978,48.05867],[-88.67007,48.01145],[-88.71855,47.99513],[-88.77236,47.98113],[-88.79196,47.97894],[-88.83206,47.96521],[-88.85292,47.96532],[-88.89918,47.9533],[-88.91803,47.94561],[-88.92357,47.93798],[-89.00307,47.90854],[-89.00486,47.89643],[-88.99464,47.89157],[-88.97147,47.89507],[-88.95347,47.8905],[-88.8997,47.90245],[-88.91166,47.89134],[-89.02274,47.85853],[-89.05641,47.8526],[-89.12413,47.82862],[-89.15774,47.82402],[-89.19017,47.8316],[-89.19268,47.83343],[-89.19221,47.84106],[-89.20181,47.85024],[-89.23453,47.85172],[-89.23453,47.85537],[-89.22851,47.85804],[-89.24677,47.87102],[-89.25094,47.87038],[-89.2552,47.8761]]],[[[-90.41814,46.56609],[-90.34841,46.60063],[-90.32763,46.60774],[-90.30661,46.60274],[-90.26529,46.61852],[-90.16403,46.64552],[-90.1007,46.65513],[-90.02839,46.67439],[-89.99603,46.69322],[-89.98582,46.70319],[-89.91847,46.74032],[-89.84865,46.79571],[-89.79066,46.81847],[-89.72028,46.83041],[-89.67337,46.83323],[-89.64226,46.82534],[-89.63494,46.81949],[-89.61933,46.81889],[-89.56981,46.83186],[-89.53568,46.83588],[-89.51394,46.84184],[-89.47154,46.83736],[-89.41515,46.84398],[-89.37203,46.85739],[-89.22791,46.91295],[-89.20151,46.93115],[-89.16824,46.96554],[-89.1287,46.9926],[-89.11834,46.99422],[-89.10628,46.98648],[-89.08674,46.9853],[-89.0631,46.98852],[-89.03949,46.99942],[-89.02893,47.00114],[-89.02299,46.99512],[-88.99842,46.99531],[-88.9728,47.0021],[-88.94405,47.02013],[-88.92449,47.04216],[-88.91419,47.05925],[-88.90371,47.08616],[-88.88914,47.10057],[-88.84818,47.11507],[-88.81483,47.1414],[-88.78981,47.15093],[-88.77802,47.15046],[-88.76435,47.15576],[-88.72969,47.18583],[-88.67239,47.21914],[-88.65636,47.22562],[-88.64032,47.22678],[-88.60983,47.23889],[-88.574,47.24599],[-88.50078,47.2935],[-88.47773,47.31346],[-88.47048,47.32765],[-88.45926,47.3399],[-88.41867,47.37119],[-88.38946,47.38443],[-88.32408,47.40354],[-88.2852,47.42239],[-88.23916,47.42997],[-88.21842,47.44159],[-88.21782,47.44874],[-88.18182,47.45766],[-88.08525,47.46896],[-88.04933,47.46979],[-88.04808,47.47497],[-88.04029,47.476],[-87.97893,47.47942],[-87.80118,47.4733],[-87.75674,47.46072],[-87.71594,47.43982],[-87.71047,47.4062],[-87.71242,47.4014],[-87.75138,47.40507],[-87.76502,47.39865],[-87.80029,47.39215],[-87.81537,47.38479],[-87.8567,47.39539],[-87.88224,47.39559],[-87.95706,47.38726],[-87.9656,47.36865],[-87.96257,47.36254],[-87.9474,47.35546],[-87.93879,47.34678],[-87.93825,47.3423],[-87.94336,47.3359],[-87.9686,47.33258],[-88.01648,47.30627],[-88.06009,47.2958],[-88.09685,47.26135],[-88.11746,47.25517],[-88.13194,47.23955],[-88.16306,47.21628],[-88.19422,47.20924],[-88.21236,47.20942],[-88.22899,47.19904],[-88.23689,47.18924],[-88.24201,47.17477],[-88.24266,47.15843],[-88.23947,47.15114],[-88.2318,47.14961],[-88.23216,47.14597],[-88.24763,47.13598],[-88.2553,47.14364],[-88.26297,47.14517],[-88.2817,47.13821],[-88.28904,47.12969],[-88.28835,47.11455],[-88.29762,47.09851],[-88.34995,47.07638],[-88.35905,47.03974],[-88.36762,47.01921],[-88.41115,46.97798],[-88.4439,46.97225],[-88.4554,46.92332],[-88.47586,46.88604],[-88.47794,46.85056],[-88.48375,46.83173],[-88.46235,46.78671],[-88.4821,46.78262],[-88.49707,46.76472],[-88.49648,46.75649],[-88.47639,46.74949],[-88.455,46.75934],[-88.43384,46.7935],[-88.41523,46.81171],[-88.38112,46.83684],[-88.38022,46.84237],[-88.39727,46.8531],[-88.39478,46.86418],[-88.38056,46.86595],[-88.35851,46.85522],[-88.35094,46.85668],[-88.31029,46.88975],[-88.26159,46.91552],[-88.24444,46.92961],[-88.15537,46.96507],[-88.14369,46.96666],[-88.13288,46.9622],[-88.15011,46.94363],[-88.18752,46.919],[-88.212,46.90903],[-88.24266,46.88508],[-88.28283,46.83201],[-88.28342,46.82299],[-88.2677,46.8217],[-88.24195,46.86006],[-88.21129,46.8841],[-88.1752,46.90458],[-88.12693,46.90984],[-88.08187,46.92046],[-88.03241,46.90889],[-88.0043,46.90698],[-87.90034,46.90969],[-87.87454,46.89258],[-87.84619,46.8839],[-87.81679,46.89115],[-87.77693,46.87673],[-87.7768,46.86682],[-87.76599,46.86132],[-87.75587,46.86045],[-87.74101,46.86525],[-87.73487,46.85012],[-87.73432,46.83696],[-87.72736,46.82766],[-87.69459,46.82718],[-87.6857,46.83253],[-87.68716,46.84174],[-87.68067,46.8425],[-87.67454,46.83696],[-87.67202,46.82041],[-87.65151,46.81241],[-87.6333,46.81211],[-87.60799,46.78841],[-87.59531,46.78295],[-87.59077,46.75301],[-87.58275,46.73053],[-87.5732,46.72047],[-87.52331,46.68849],[-87.52444,46.67759],[-87.50302,46.6475],[-87.46797,46.63562],[-87.46411,46.61481],[-87.45137,46.60592],[-87.44261,46.60278],[-87.41117,46.60167],[-87.40327,46.59522],[-87.38396,46.59307],[-87.38165,46.58006],[-87.39283,46.57085],[-87.37561,46.54714],[-87.3903,46.54258],[-87.39399,46.53318],[-87.38929,46.52447],[-87.36677,46.5073],[-87.35107,46.50075],[-87.31076,46.49202],[-87.25873,46.48826],[-87.2024,46.49083],[-87.17507,46.49755],[-87.12744,46.49401],[-87.10756,46.49612],[-87.07728,46.51534],[-87.04602,46.51996],[-87.01714,46.53355],[-87.00872,46.53272],[-86.97696,46.52658],[-86.96453,46.51655],[-86.94698,46.48457],[-86.94622,46.47906],[-86.94953,46.47631],[-86.94708,46.47206],[-86.92772,46.46457],[-86.90374,46.46614],[-86.88909,46.4585],[-86.88398,46.45098],[-86.88392,46.44151],[-86.87515,46.43728],[-86.85011,46.43411],[-86.81603,46.43789],[-86.80882,46.46061],[-86.80356,46.46667],[-86.7879,46.47773],[-86.76852,46.47907],[-86.75016,46.47911],[-86.73593,46.47523],[-86.71057,46.44491],[-86.69814,46.43862],[-86.68641,46.45497],[-86.68882,46.46315],[-86.68382,46.49808],[-86.696,46.50316],[-86.70193,46.51157],[-86.70933,46.54391],[-86.69564,46.55503],[-86.67818,46.56104],[-86.67576,46.55706],[-86.67093,46.55649],[-86.65287,46.56056],[-86.62738,46.53371],[-86.63211,46.50887],[-86.64109,46.50044],[-86.64639,46.48578],[-86.63667,46.4783],[-86.62744,46.47754],[-86.61806,46.48945],[-86.60939,46.49298],[-86.60693,46.47853],[-86.60904,46.47024],[-86.58617,46.46332],[-86.55773,46.48743],[-86.49505,46.52487],[-86.484,46.53596],[-86.48196,46.54271],[-86.46931,46.55142],[-86.43717,46.54896],[-86.34989,46.57803],[-86.18802,46.65401],[-86.16168,46.66947],[-86.13829,46.67294],[-86.11986,46.65726],[-86.09984,46.65461],[-86.07422,46.6578],[-86.03697,46.66763],[-85.95367,46.67687],[-85.92405,46.68473],[-85.87791,46.69091],[-85.75061,46.67737],[-85.66875,46.6804],[-85.58734,46.67463],[-85.50951,46.67579],[-85.4821,46.68043],[-85.3698,46.71375],[-85.28985,46.74464],[-85.25686,46.75338],[-85.17304,46.76363],[-85.06356,46.75786],[-85.03629,46.76044],[-84.9895,46.7724],[-84.95401,46.77136],[-84.95158,46.76949],[-85.00762,46.72834],[-85.02751,46.69745],[-85.03706,46.60099],[-85.03548,46.58155],[-85.02549,46.5464],[-85.02708,46.54304],[-85.04553,46.53769],[-85.05295,46.53283],[-85.05613,46.52652],[-85.05494,46.51475],[-85.04985,46.50396],[-85.0256,46.48303],[-85.01521,46.47971],[-84.96946,46.47629],[-84.95531,46.48027],[-84.94727,46.4874],[-84.93715,46.48925],[-84.93443,46.48031],[-84.92193,46.46996],[-84.89342,46.46541],[-84.86145,46.46993],[-84.84977,46.46025],[-84.84391,46.44866],[-84.82949,46.44407],[-84.8001,46.44622],[-84.76915,46.45352],[-84.72334,46.46827],[-84.67842,46.48769],[-84.65388,46.48225],[-84.63102,46.48487],[-84.61649,46.47187],[-84.60795,46.45675],[-84.59187,46.44532],[-84.60422,46.43177],[-84.59626,46.41514],[-84.58331,46.41351],[-84.5515,46.41852],[-84.50372,46.43919],[-84.4934,46.44031],[-84.47951,46.43257],[-84.47185,46.43429],[-84.4626,46.44094],[-84.45553,46.4539],[-84.45526,46.46278],[-84.46332,46.46744],[-84.44515,46.48902],[-84.42027,46.50108],[-84.39472,46.49924],[-84.37397,46.5091],[-84.3436,46.50771],[-84.32537,46.50002],[-84.29302,46.4928],[-84.27581,46.49282],[-84.26539,46.49439],[-84.25443,46.50082],[-84.22613,46.53392],[-84.19373,46.53992],[-84.17743,46.52692],[-84.16603,46.52622],[-84.13943,46.53222],[-84.12892,46.53012],[-84.11792,46.51762],[-84.11123,46.50412],[-84.14617,46.41852],[-84.13891,46.37222],[-84.11912,46.33701],[-84.10625,46.32196],[-84.11963,46.31501],[-84.11556,46.26823],[-84.09777,46.25651],[-84.10809,46.24124],[-84.11817,46.23397],[-84.13465,46.23214],[-84.14715,46.22418],[-84.15167,46.22418],[-84.15949,46.23323],[-84.18273,46.23545],[-84.21949,46.23199],[-84.23312,46.22404],[-84.24916,46.20646],[-84.24523,46.19257],[-84.24769,46.17989],[-84.25142,46.17589],[-84.221,46.16306],[-84.19667,46.16615],[-84.1773,46.18399],[-84.12502,46.18021],[-84.11494,46.17411],[-84.09582,46.14773],[-84.06038,46.14614],[-84.02654,46.13165],[-84.03104,46.12319],[-84.0387,46.12562],[-84.06133,46.11348],[-84.06915,46.10398],[-84.07174,46.09244],[-84.05171,46.07919],[-84.02786,46.05478],[-83.98953,46.03282],[-83.96381,46.02783],[-83.94393,46.03146],[-83.93901,46.02923],[-83.93547,46.02038],[-83.93117,46.01787],[-83.90858,46.01147],[-83.90054,45.99892],[-83.87315,45.99343],[-83.86823,45.99507],[-83.8454,46.02568],[-83.83015,46.02232],[-83.8182,46.00243],[-83.79406,45.9958],[-83.77644,46.0042],[-83.76528,46.01836],[-83.76523,46.03193],[-83.77379,46.05147],[-83.79655,46.05669],[-83.81252,46.07347],[-83.82404,46.10364],[-83.81583,46.10853],[-83.79287,46.10197],[-83.77182,46.091],[-83.72817,46.09096],[-83.71979,46.10103],[-83.70386,46.10337],[-83.66116,46.10026],[-83.63498,46.10395],[-83.59861,46.09009],[-83.58132,46.08961],[-83.57609,46.08351],[-83.57257,46.0699],[-83.56535,46.0619],[-83.55406,46.05888],[-83.5472,46.04787],[-83.54085,46.02125],[-83.53291,46.01133],[-83.48064,45.99616],[-83.47322,45.98442],[-83.48176,45.97187],[-83.48881,45.96874],[-83.51062,45.92932],[-83.51724,45.92361],[-83.52635,45.91864],[-83.56184,45.91256],[-83.58305,45.91592],[-83.63221,45.93229],[-83.65766,45.94546],[-83.6877,45.93539],[-83.71943,45.93408],[-83.74278,45.938],[-83.76623,45.93522],[-83.76885,45.93207],[-83.80104,45.93758],[-83.80333,45.94336],[-83.80815,45.94569],[-83.8355,45.94184],[-83.84087,45.95273],[-83.86486,45.95947],[-83.88106,45.96818],[-83.91084,45.96561],[-83.92126,45.95808],[-83.95218,45.9655],[-83.98514,45.96713],[-83.99647,45.96146],[-84.01757,45.95905],[-84.08007,45.97082],[-84.09039,45.96726],[-84.10537,45.97295],[-84.11117,45.97868],[-84.14082,45.97531],[-84.17225,45.96607],[-84.17806,45.96917],[-84.23817,45.9676],[-84.25495,45.95607],[-84.33002,45.95625],[-84.35327,45.94166],[-84.37643,45.93196],[-84.42869,45.95837],[-84.44314,45.97786],[-84.46313,45.96892],[-84.48044,45.97776],[-84.48401,45.98825],[-84.5072,45.99117],[-84.51412,45.98724],[-84.51407,45.97129],[-84.53239,45.96945],[-84.53465,45.97813],[-84.53044,45.99139],[-84.53343,46.00572],[-84.5444,46.02286],[-84.56389,46.03246],[-84.58108,46.03104],[-84.58659,46.02658],[-84.60906,46.02642],[-84.65657,46.05265],[-84.67584,46.04601],[-84.69273,46.02702],[-84.68525,45.97345],[-84.72304,45.96728],[-84.73018,45.9612],[-84.73885,45.94579],[-84.73937,45.94182],[-84.73304,45.93284],[-84.71895,45.92745],[-84.71361,45.92037],[-84.71325,45.91605],[-84.734,45.90703],[-84.72128,45.87391],[-84.70118,45.85309],[-84.70638,45.84866],[-84.72084,45.84811],[-84.72573,45.83705],[-84.74698,45.8356],[-84.79276,45.85869],[-84.8314,45.87204],[-84.83847,45.88151],[-84.83762,45.88905],[-84.84224,45.89819],[-84.85292,45.90011],[-84.87983,45.91585],[-84.91748,45.93067],[-84.93713,45.95595],[-84.97356,45.98613],[-85.01399,46.01077],[-85.05558,46.02315],[-85.1029,46.03249],[-85.14083,46.0496],[-85.19063,46.04762],[-85.19752,46.04488],[-85.22251,46.06069],[-85.26638,46.06578],[-85.33591,46.0926],[-85.35621,46.09209],[-85.38139,46.08204],[-85.39383,46.09546],[-85.41206,46.10144],[-85.42692,46.10196],[-85.44193,46.09579],[-85.44019,46.09259],[-85.44699,46.08516],[-85.4806,46.09638],[-85.5001,46.09694],[-85.52157,46.09126],[-85.54086,46.07958],[-85.60379,46.03036],[-85.61771,46.00846],[-85.64858,45.98369],[-85.65469,45.97369],[-85.66397,45.96701],[-85.6972,45.96016],[-85.72425,45.96541],[-85.74362,45.96517],[-85.81044,45.98009],[-85.82582,45.97629],[-85.8326,45.96774],[-85.8424,45.96525],[-85.86116,45.96817],[-85.8932,45.96725],[-85.92274,45.94829],[-85.92602,45.9321],[-85.91026,45.92211],[-85.91377,45.91944],[-85.95406,45.93663],[-85.99887,45.95097],[-86.07207,45.96531],[-86.12357,45.96475],[-86.15017,45.95449],[-86.15941,45.95376],[-86.19662,45.96319],[-86.20825,45.96298],[-86.22055,45.95888],[-86.23361,45.9458],[-86.24801,45.94485],[-86.25477,45.94864],[-86.27801,45.94206],[-86.31598,45.91525],[-86.32423,45.90608],[-86.33262,45.85181],[-86.34913,45.83416],[-86.35506,45.80535],[-86.35166,45.79813],[-86.36992,45.78925],[-86.39581,45.78974],[-86.40166,45.79541],[-86.41597,45.79379],[-86.42842,45.78559],[-86.42829,45.77562],[-86.43966,45.76067],[-86.45553,45.75685],[-86.46604,45.75974],[-86.47905,45.75742],[-86.48603,45.74661],[-86.50422,45.75423],[-86.51457,45.75234],[-86.5232,45.7365],[-86.52517,45.7208],[-86.53726,45.70836],[-86.57063,45.71641],[-86.58094,45.71192],[-86.58585,45.70492],[-86.58477,45.68201],[-86.58753,45.66646],[-86.61131,45.66973],[-86.62043,45.6671],[-86.62794,45.65929],[-86.61697,45.62058],[-86.61689,45.6068],[-86.63322,45.61825],[-86.64844,45.61599],[-86.66613,45.62169],[-86.68721,45.63425],[-86.69527,45.64818],[-86.70804,45.6492],[-86.71783,45.66811],[-86.71819,45.67732],[-86.71578,45.68395],[-86.70518,45.6909],[-86.6891,45.68786],[-86.67618,45.69186],[-86.66568,45.70222],[-86.66551,45.70903],[-86.66926,45.71086],[-86.67148,45.72053],[-86.66276,45.72896],[-86.64732,45.73262],[-86.63314,45.74765],[-86.6349,45.76354],[-86.63102,45.78202],[-86.61734,45.78354],[-86.59766,45.77538],[-86.58339,45.77824],[-86.57687,45.7885],[-86.58176,45.7948],[-86.57686,45.80147],[-86.55721,45.80817],[-86.55555,45.8135],[-86.55904,45.82232],[-86.55519,45.8317],[-86.53883,45.84008],[-86.52822,45.85697],[-86.52957,45.87497],[-86.53299,45.88267],[-86.54146,45.89023],[-86.56772,45.9005],[-86.5833,45.89878],[-86.60329,45.87663],[-86.61354,45.87598],[-86.62574,45.8683],[-86.63317,45.86007],[-86.63248,45.84331],[-86.646,45.83389],[-86.72111,45.84543],[-86.72852,45.84876],[-86.74247,45.86472],[-86.74964,45.8678],[-86.78208,45.86019],[-86.78418,45.85464],[-86.78226,45.82995],[-86.77723,45.82718],[-86.77328,45.81139],[-86.78572,45.79452],[-86.80148,45.78003],[-86.82152,45.77036],[-86.82374,45.76549],[-86.82181,45.75716],[-86.83866,45.74183],[-86.84182,45.72905],[-86.83875,45.72231],[-86.87039,45.71009],[-86.89534,45.71146],[-86.90409,45.70955],[-86.92106,45.69787],[-86.94416,45.69583],[-86.96428,45.67276],[-86.96976,45.6919],[-86.98135,45.69646],[-86.98459,45.70581],[-86.97765,45.72877],[-86.97522,45.75313],[-86.98134,45.76616],[-86.98162,45.79222],[-86.98844,45.81062],[-87.00508,45.83172],[-87.0189,45.83889],[-87.03144,45.83724],[-87.03984,45.83425],[-87.05744,45.81248],[-87.05813,45.77915],[-87.0643,45.75883],[-87.06241,45.7533],[-87.05291,45.74798],[-87.07044,45.71878],[-87.05953,45.7085],[-87.09546,45.70104],[-87.11164,45.6859],[-87.12941,45.68171],[-87.17224,45.66179],[-87.19685,45.63627],[-87.26349,45.55203],[-87.28873,45.50161],[-87.30612,45.47551],[-87.3197,45.46493],[-87.33315,45.44721],[-87.33324,45.4369],[-87.32583,45.43004],[-87.32775,45.42531],[-87.33615,45.41536],[-87.35951,45.39983],[-87.36437,45.38853],[-87.3925,45.36903],[-87.39997,45.34932],[-87.43168,45.31638],[-87.43726,45.3055],[-87.43891,45.2934],[-87.4652,45.27335],[-87.51234,45.22425],[-87.54896,45.19159],[-87.58565,45.16639],[-87.6008,45.14684],[-87.61202,45.12338],[-87.61007,45.11414],[-87.59027,45.09641],[-87.59188,45.09469],[-87.62958,45.10533],[-87.65713,45.10757],[-87.67251,45.12146],[-87.67784,45.12973],[-87.67577,45.13448],[-87.68169,45.14199],[-87.73627,45.1726],[-87.74079,45.2003],[-87.72604,45.21115],[-87.72188,45.22494],[-87.72346,45.2339],[-87.7116,45.23952],[-87.71007,45.25973],[-87.69878,45.26942],[-87.69658,45.28363],[-87.68618,45.29944],[-87.6647,45.31744],[-87.64777,45.34056],[-87.66192,45.37135],[-87.684,45.3865],[-87.70086,45.38734],[-87.72052,45.3763],[-87.75145,45.35175],[-87.7636,45.34877],[-87.80604,45.3522],[-87.85004,45.34625],[-87.87511,45.35489],[-87.88255,45.36435],[-87.84958,45.40812],[-87.86043,45.4235],[-87.8617,45.43447],[-87.8553,45.44138],[-87.81461,45.46314],[-87.79277,45.49997],[-87.80227,45.51423],[-87.80472,45.53124],[-87.81146,45.54353],[-87.82607,45.55714],[-87.82382,45.5655],[-87.80338,45.56616],[-87.78832,45.5705],[-87.77711,45.58922],[-87.77951,45.61186],[-87.792,45.61675],[-87.81019,45.63873],[-87.82323,45.64629],[-87.8245,45.65382],[-87.81897,45.66331],[-87.78321,45.67282],[-87.7807,45.67681],[-87.78223,45.68305],[-87.80532,45.69625],[-87.80714,45.70801],[-87.81258,45.71135],[-87.83734,45.71692],[-87.85548,45.72694],[-87.86432,45.73714],[-87.86221,45.74502],[-87.8769,45.75438],[-87.89389,45.75325],[-87.90396,45.75872],[-87.94411,45.75742],[-87.96416,45.76004],[-87.98125,45.76836],[-87.98363,45.77185],[-87.98087,45.77698],[-87.98262,45.78294],[-87.98847,45.79357],[-87.99588,45.79543],[-88.03357,45.78982],[-88.04671,45.78238],[-88.07637,45.78161],[-88.09405,45.78566],[-88.11092,45.80327],[-88.13183,45.81131],[-88.13507,45.82169],[-88.07561,45.86775],[-88.07959,45.87901],[-88.09729,45.88432],[-88.10614,45.90081],[-88.10632,45.9164],[-88.18829,45.95128],[-88.22803,45.94756],[-88.24249,45.9506],[-88.24594,45.95873],[-88.25673,45.96207],[-88.28827,45.95274],[-88.32274,45.9586],[-88.37513,45.98927],[-88.38507,45.98951],[-88.39258,45.98124],[-88.4155,45.97525],[-88.42612,45.9841],[-88.45034,45.99179],[-88.45661,45.99849],[-88.46554,46.00068],[-88.47469,45.99877],[-88.476,45.99283],[-88.47898,45.9918],[-88.4929,45.99288],[-88.49782,45.99587],[-88.5062,46.01713],[-88.5146,46.01993],[-88.53214,46.02024],[-88.54108,46.01376],[-88.55076,46.0129],[-88.56548,46.01571],[-88.58287,46.01001],[-88.58966,46.01025],[-88.59598,46.01605],[-88.60765,46.01492],[-88.61347,45.99587],[-88.62082,45.98843],[-88.64975,45.9883],[-88.66345,45.99215],[-88.67913,46.01354],[-88.69872,46.0179],[-88.71949,46.01608],[-88.72266,46.02257],[-88.73068,46.02654],[-88.73999,46.02731],[-88.77305,46.01979],[-88.78024,46.02255],[-88.77888,46.02862],[-88.79326,46.03272],[-88.8004,46.02979],[-88.80577,46.02155],[-88.81417,46.02075],[-88.81875,46.02537],[-88.83817,46.03029],[-88.85082,46.04031],[-89.09164,46.13845],[-90.12049,46.33685],[-90.12206,46.34473],[-90.11674,46.35065],[-90.11857,46.35862],[-90.13335,46.37149],[-90.13341,46.38174],[-90.15741,46.40909],[-90.15981,46.42551],[-90.16672,46.43972],[-90.17786,46.44137],[-90.17858,46.4546],[-90.18723,46.45813],[-90.19349,46.47246],[-90.20401,46.47818],[-90.21517,46.49954],[-90.23527,46.50783],[-90.25921,46.50326],[-90.2712,46.50651],[-90.27489,46.51543],[-90.27193,46.51903],[-90.2762,46.52414],[-90.31466,46.51617],[-90.31659,46.52269],[-90.31081,46.53213],[-90.31086,46.53936],[-90.33189,46.55328],[-90.34113,46.55284],[-90.34887,46.54118],[-90.36708,46.54116],[-90.39332,46.53261],[-90.41451,46.55745],[-90.41814,46.56609]]]]}},{"type":"Feature","id":27,"properties":{"code":"MN","name":"Minnesota"},"geometry":{"type":"Polygon","coordinates":[[[-97.23921,48.96868],[-97.23839,48.98263],[-97.23083,48.9913],[-97.22872,49.00056],[-95.15371,48.9989],[-95.15331,49.38436],[-95.12647,49.36944],[-95.0584,49.35317],[-95.01441,49.35641],[-94.98891,49.3689],[-94.95746,49.37019],[-94.85425,49.32415],[-94.81622,49.32099],[-94.82429,49.30883],[-94.82516,49.29428],[-94.79724,49.21428],[-94.79753,49.19779],[-94.77322,49.12073],[-94.75022,49.09976],[-94.68307,48.88393],[-94.68422,48.8724],[-94.69253,48.86895],[-94.69025,48.86336],[-94.69304,48.85339],[-94.68568,48.84012],[-94.70197,48.83178],[-94.70428,48.82428],[-94.69497,48.80921],[-94.69431,48.78935],[-94.69089,48.77807],[-94.65176,48.75591],[-94.64516,48.74997],[-94.64508,48.74414],[-94.61901,48.73737],[-94.58715,48.7176],[-94.54907,48.71465],[-94.53837,48.70284],[-94.53306,48.70126],[-94.47294,48.69685],[-94.45233,48.69244],[-94.4387,48.69489],[-94.41619,48.71095],[-94.38422,48.71181],[-94.36858,48.70643],[-94.34276,48.70338],[-94.30845,48.71024],[-94.29074,48.70775],[-94.26054,48.69638],[-94.25117,48.68351],[-94.25458,48.66137],[-94.25019,48.65632],[-94.22428,48.64953],[-94.19952,48.651],[-94.15739,48.64577],[-94.09124,48.64367],[-94.06578,48.6461],[-94.06424,48.64372],[-94.03562,48.64102],[-94.00693,48.64319],[-93.94422,48.63229],[-93.927,48.63122],[-93.91153,48.63467],[-93.84075,48.62855],[-93.83432,48.62495],[-93.82264,48.60907],[-93.81852,48.59531],[-93.80676,48.57762],[-93.80537,48.56839],[-93.8121,48.55066],[-93.8112,48.54239],[-93.81838,48.53444],[-93.81825,48.53005],[-93.79445,48.51602],[-93.70915,48.51803],[-93.6909,48.51459],[-93.65665,48.51573],[-93.64309,48.51829],[-93.62887,48.53121],[-93.61062,48.52166],[-93.59438,48.52879],[-93.57833,48.52652],[-93.54719,48.52868],[-93.51546,48.53479],[-93.50015,48.5412],[-93.4675,48.54566],[-93.4608,48.55055],[-93.45668,48.56183],[-93.46601,48.58729],[-93.46431,48.59179],[-93.43849,48.59338],[-93.40527,48.60934],[-93.39502,48.6033],[-93.37116,48.60509],[-93.36213,48.61383],[-93.35413,48.61235],[-93.34818,48.62641],[-93.25485,48.64278],[-93.2074,48.64247],[-93.17809,48.62334],[-93.08844,48.6276],[-92.98496,48.62373],[-92.95488,48.63149],[-92.95012,48.63042],[-92.94984,48.60827],[-92.92961,48.60687],[-92.90995,48.59631],[-92.89469,48.59492],[-92.72805,48.53929],[-92.65788,48.54626],[-92.63493,48.54287],[-92.62554,48.51755],[-92.62515,48.51305],[-92.63146,48.50679],[-92.62724,48.50338],[-92.6367,48.49943],[-92.65404,48.50164],[-92.66142,48.49656],[-92.68487,48.49761],[-92.69882,48.49489],[-92.71256,48.46301],[-92.688,48.44389],[-92.65603,48.43671],[-92.57564,48.44083],[-92.5372,48.4477],[-92.50728,48.44788],[-92.48919,48.43033],[-92.48208,48.42866],[-92.47558,48.41879],[-92.45633,48.4142],[-92.45639,48.40113],[-92.47675,48.37176],[-92.46995,48.35184],[-92.43783,48.30984],[-92.42608,48.30449],[-92.41629,48.29546],[-92.3893,48.25332],[-92.38719,48.24461],[-92.38391,48.2447],[-92.3779,48.22964],[-92.36917,48.22027],[-92.35318,48.23033],[-92.33683,48.23538],[-92.33225,48.23388],[-92.31467,48.24053],[-92.28073,48.24427],[-92.26974,48.24824],[-92.27371,48.25675],[-92.29037,48.26553],[-92.29454,48.27156],[-92.293,48.2764],[-92.30145,48.28861],[-92.29453,48.30645],[-92.30631,48.31644],[-92.30456,48.32298],[-92.29541,48.32396],[-92.28899,48.34299],[-92.26228,48.35493],[-92.22281,48.3492],[-92.21698,48.34511],[-92.2068,48.3456],[-92.20368,48.35206],[-92.19357,48.34861],[-92.17842,48.35188],[-92.17735,48.35723],[-92.16216,48.36328],[-92.14505,48.36565],[-92.14358,48.35612],[-92.08351,48.35386],[-92.07796,48.35825],[-92.05523,48.35921],[-92.04573,48.3479],[-92.04656,48.33474],[-92.03772,48.33318],[-92.03087,48.32582],[-92.00013,48.32135],[-92.01298,48.29739],[-92.01207,48.28727],[-92.00725,48.28039],[-92.00658,48.26542],[-91.98955,48.26021],[-91.9769,48.24463],[-91.97106,48.24767],[-91.97024,48.25359],[-91.95443,48.25168],[-91.95221,48.24439],[-91.95768,48.24268],[-91.9578,48.23299],[-91.94184,48.2306],[-91.93736,48.23421],[-91.91577,48.23887],[-91.89347,48.2377],[-91.88469,48.22732],[-91.86788,48.2191],[-91.86438,48.20703],[-91.81577,48.21175],[-91.80904,48.20601],[-91.79181,48.20249],[-91.78901,48.19655],[-91.78118,48.20043],[-91.76467,48.20059],[-91.75664,48.20502],[-91.74908,48.19884],[-91.74193,48.19912],[-91.74231,48.20449],[-91.71493,48.19913],[-91.71052,48.1939],[-91.71161,48.1891],[-91.72141,48.18026],[-91.72458,48.17066],[-91.70532,48.17077],[-91.70511,48.15972],[-91.70852,48.1527],[-91.69817,48.14164],[-91.69998,48.13184],[-91.71199,48.11471],[-91.70352,48.11355],[-91.68285,48.12212],[-91.68762,48.1117],[-91.67688,48.10726],[-91.66521,48.10701],[-91.66265,48.11149],[-91.65326,48.11414],[-91.65357,48.10957],[-91.64017,48.09693],[-91.55927,48.10827],[-91.55296,48.10301],[-91.56975,48.09335],[-91.57547,48.06629],[-91.57301,48.05729],[-91.57567,48.04879],[-91.56725,48.04372],[-91.48865,48.06806],[-91.45033,48.06881],[-91.44658,48.06739],[-91.44712,48.06319],[-91.43888,48.04998],[-91.42964,48.04861],[-91.39113,48.05707],[-91.37087,48.06941],[-91.36514,48.06697],[-91.34016,48.07324],[-91.33259,48.06933],[-91.32478,48.0726],[-91.29022,48.07395],[-91.26638,48.07871],[-91.25011,48.08409],[-91.23493,48.09592],[-91.21443,48.10294],[-91.19046,48.12489],[-91.18321,48.12224],[-91.17618,48.12581],[-91.15611,48.14048],[-91.13773,48.14915],[-91.13858,48.15584],[-91.12005,48.16041],[-91.11486,48.16606],[-91.09226,48.1731],[-91.08273,48.18076],[-91.07566,48.1792],[-91.06555,48.18122],[-91.05656,48.18757],[-91.02421,48.19007],[-91.01241,48.19806],[-91.00335,48.20018],[-91.00424,48.20263],[-90.97696,48.21945],[-90.91497,48.2306],[-90.90683,48.23734],[-90.88548,48.24578],[-90.87511,48.23778],[-90.84735,48.24444],[-90.83918,48.23951],[-90.83417,48.18866],[-90.83631,48.17696],[-90.83259,48.17377],[-90.82613,48.17715],[-90.82573,48.18357],[-90.82112,48.18471],[-90.8177,48.17957],[-90.80421,48.17783],[-90.80069,48.16324],[-90.7966,48.15937],[-90.77792,48.1638],[-90.77803,48.14872],[-90.79797,48.13689],[-90.7881,48.13508],[-90.78992,48.1299],[-90.77681,48.1241],[-90.77419,48.11857],[-90.76911,48.11659],[-90.76162,48.09828],[-90.75161,48.09097],[-90.74152,48.09458],[-90.6416,48.10352],[-90.62689,48.11185],[-90.59146,48.11755],[-90.5799,48.12392],[-90.57591,48.12091],[-90.55929,48.12168],[-90.55585,48.11707],[-90.56976,48.10695],[-90.56748,48.10118],[-90.55684,48.09601],[-90.51708,48.0994],[-90.51087,48.09739],[-90.4938,48.10132],[-90.48708,48.09908],[-90.46771,48.10882],[-90.43845,48.09875],[-90.40322,48.10511],[-90.37454,48.09094],[-90.36766,48.09458],[-90.34423,48.09445],[-90.33005,48.1024],[-90.31239,48.1053],[-90.28934,48.09899],[-90.27464,48.10326],[-90.25387,48.10225],[-90.22469,48.10815],[-90.21143,48.10628],[-90.18868,48.10795],[-90.1766,48.11245],[-90.16423,48.10972],[-90.14376,48.11264],[-90.13264,48.11177],[-90.11626,48.1043],[-90.09164,48.10463],[-90.07387,48.10114],[-90.0236,48.08471],[-90.01506,48.06719],[-90.00845,48.0684],[-89.99785,48.05757],[-89.99382,48.04903],[-89.9967,48.03539],[-89.99305,48.0284],[-89.97718,48.0235],[-89.96825,48.01448],[-89.95461,48.01152],[-89.95059,48.0159],[-89.93449,48.01563],[-89.93075,48.00816],[-89.91534,47.99487],[-89.89741,47.9876],[-89.87125,47.98595],[-89.86815,47.9899],[-89.84624,47.99272],[-89.84218,48.00277],[-89.83182,47.9994],[-89.8198,48.0151],[-89.80745,48.01722],[-89.80602,48.01403],[-89.79774,48.0145],[-89.79424,48.01766],[-89.76397,48.02297],[-89.74931,48.02332],[-89.73116,48.01879],[-89.72316,48.02048],[-89.72104,48.01796],[-89.72404,48.01367],[-89.7171,48.01717],[-89.71591,48.00925],[-89.70815,48.01016],[-89.70253,48.00632],[-89.6738,48.01151],[-89.66713,48.00742],[-89.66321,48.01062],[-89.65705,48.00995],[-89.65107,48.00362],[-89.64545,48.0062],[-89.638,48.00378],[-89.63717,48.00931],[-89.61787,48.01095],[-89.61035,48.01778],[-89.60782,48.00657],[-89.59475,48.00433],[-89.58101,47.9959],[-89.57067,47.99802],[-89.56429,48.00293],[-89.48923,48.01453],[-89.49534,48.00236],[-89.54152,47.99284],[-89.55155,47.9873],[-89.55501,47.97485],[-89.57232,47.96724],[-89.58823,47.9662],[-89.61141,47.98073],[-89.62456,47.98315],[-89.63183,47.98004],[-89.64013,47.96793],[-89.63954,47.95359],[-89.66062,47.95122],[-89.69762,47.94129],[-89.75871,47.90699],[-89.79354,47.89136],[-89.85396,47.874],[-89.87158,47.87419],[-89.92365,47.86206],[-89.93084,47.85772],[-89.92752,47.85083],[-89.9339,47.84676],[-89.9743,47.83051],[-90.07202,47.8111],[-90.07556,47.8033],[-90.08816,47.80304],[-90.1168,47.79538],[-90.16079,47.79281],[-90.17875,47.78641],[-90.18764,47.77813],[-90.24879,47.77276],[-90.32345,47.75377],[-90.33025,47.75089],[-90.33269,47.74639],[-90.38623,47.7411],[-90.43771,47.73161],[-90.44191,47.7264],[-90.45837,47.7214],[-90.5371,47.70305],[-90.55129,47.69027],[-90.58495,47.68074],[-90.73593,47.62434],[-90.86827,47.5569],[-90.90749,47.53287],[-90.91425,47.52264],[-90.93907,47.51453],[-91.03294,47.45824],[-91.04565,47.45652],[-91.09757,47.41389],[-91.12813,47.39962],[-91.13127,47.39357],[-91.14696,47.38146],[-91.15651,47.37882],[-91.17004,47.36627],[-91.18877,47.34008],[-91.23866,47.30498],[-91.26251,47.27929],[-91.28848,47.26596],[-91.32602,47.23899],[-91.3578,47.20674],[-91.38702,47.18729],[-91.41881,47.17215],[-91.45696,47.13916],[-91.47735,47.12567],[-91.4979,47.12258],[-91.51879,47.10812],[-91.57382,47.08992],[-91.59151,47.06868],[-91.62682,47.04995],[-91.63716,47.04043],[-91.64456,47.02649],[-91.66648,47.0143],[-91.70465,47.00525],[-91.7773,46.9518],[-91.78068,46.94588],[-91.80685,46.93373],[-91.84135,46.92522],[-91.87129,46.90835],[-91.88324,46.90573],[-91.91498,46.88384],[-91.95298,46.86704],[-91.98509,46.84964],[-91.99799,46.83874],[-92.01341,46.83373],[-92.05889,46.80994],[-92.06209,46.80404],[-92.08609,46.79434],[-92.09409,46.78784],[-92.08829,46.77364],[-92.05083,46.73637],[-92.01414,46.70703],[-92.02205,46.70323],[-92.03524,46.70755],[-92.08949,46.74924],[-92.11659,46.74864],[-92.14329,46.73464],[-92.14129,46.72524],[-92.14629,46.71594],[-92.16729,46.71994],[-92.18909,46.71754],[-92.19739,46.70764],[-92.20469,46.70404],[-92.20519,46.69834],[-92.183,46.69565],[-92.17626,46.69047],[-92.17588,46.68647],[-92.20409,46.66694],[-92.20229,46.65504],[-92.21239,46.64994],[-92.22849,46.65294],[-92.24249,46.64924],[-92.25618,46.65868],[-92.27059,46.65074],[-92.27439,46.65744],[-92.28619,46.66034],[-92.28739,46.66734],[-92.29129,46.66814],[-92.29403,46.07438],[-92.31933,46.06929],[-92.33291,46.0627],[-92.34346,46.04299],[-92.34374,46.02853],[-92.34928,46.02362],[-92.35176,46.01568],[-92.37272,46.0142],[-92.41065,46.02726],[-92.42856,46.02424],[-92.44226,46.01618],[-92.45337,45.99291],[-92.46451,45.98504],[-92.46126,45.97943],[-92.46935,45.97381],[-92.52705,45.98324],[-92.54981,45.96799],[-92.55193,45.95165],[-92.60246,45.94082],[-92.61431,45.93453],[-92.63882,45.93417],[-92.63912,45.92455],[-92.65613,45.92444],[-92.67617,45.91207],[-92.67661,45.90637],[-92.7077,45.8949],[-92.73404,45.86811],[-92.73999,45.84628],[-92.76515,45.83018],[-92.75781,45.80657],[-92.7765,45.79001],[-92.78462,45.7642],[-92.80984,45.74417],[-92.86919,45.71757],[-92.87014,45.69676],[-92.87549,45.68901],[-92.87893,45.66561],[-92.88793,45.63901],[-92.88804,45.62496],[-92.88253,45.61022],[-92.88644,45.59868],[-92.88328,45.58983],[-92.88375,45.57548],[-92.87108,45.56758],[-92.84645,45.56652],[-92.82331,45.56093],[-92.8015,45.56285],[-92.78574,45.56789],[-92.77022,45.56694],[-92.72608,45.54111],[-92.72668,45.51446],[-92.70222,45.49305],[-92.68023,45.46434],[-92.65355,45.45535],[-92.6466,45.44163],[-92.65027,45.41917],[-92.64668,45.41323],[-92.65042,45.39851],[-92.6641,45.39331],[-92.67696,45.38014],[-92.67919,45.37271],[-92.70272,45.35847],[-92.70405,45.35366],[-92.69897,45.33637],[-92.70997,45.3213],[-92.73712,45.30046],[-92.76187,45.28701],[-92.76062,45.27883],[-92.75166,45.26591],[-92.76025,45.2496],[-92.75746,45.23053],[-92.75171,45.21867],[-92.75401,45.21277],[-92.76391,45.20487],[-92.76681,45.18547],[-92.7524,45.17392],[-92.75771,45.15547],[-92.74569,45.12311],[-92.73958,45.1156],[-92.74675,45.10705],[-92.79153,45.07965],[-92.80216,45.06755],[-92.80308,45.06098],[-92.79328,45.04718],[-92.77036,45.0338],[-92.76206,45.02432],[-92.77123,45.00138],[-92.76945,44.97215],[-92.7546,44.95577],[-92.75065,44.9373],[-92.7587,44.90898],[-92.77457,44.89808],[-92.77395,44.89],[-92.7634,44.87417],[-92.7691,44.86217],[-92.76528,44.83719],[-92.78043,44.81259],[-92.78521,44.7923],[-92.80529,44.76836],[-92.80732,44.75036],[-92.78791,44.73743],[-92.73726,44.71715],[-92.70095,44.69375],[-92.66099,44.66088],[-92.6321,44.64903],[-92.61978,44.63419],[-92.62335,44.62071],[-92.62146,44.61502],[-92.61457,44.61173],[-92.60152,44.61205],[-92.58471,44.59986],[-92.57715,44.60505],[-92.56943,44.60354],[-92.5504,44.58205],[-92.55119,44.57055],[-92.54717,44.5675],[-92.51922,44.57527],[-92.49381,44.56606],[-92.47824,44.56786],[-92.43863,44.55264],[-92.42639,44.5588],[-92.41509,44.56036],[-92.36152,44.55893],[-92.33611,44.554],[-92.31994,44.54494],[-92.31407,44.53801],[-92.30247,44.51649],[-92.30222,44.5003],[-92.291,44.48546],[-92.27678,44.47365],[-92.24488,44.45684],[-92.23247,44.44543],[-92.19538,44.43379],[-92.12451,44.42211],[-92.11109,44.41395],[-92.0786,44.40487],[-92.05649,44.40273],[-92.03815,44.38873],[-92.00618,44.37882],[-91.98729,44.36912],[-91.97027,44.36584],[-91.95952,44.3594],[-91.94131,44.34098],[-91.92559,44.33355],[-91.91863,44.32267],[-91.91357,44.31039],[-91.9241,44.29709],[-91.92461,44.29181],[-91.92028,44.2865],[-91.90579,44.28161],[-91.89639,44.27469],[-91.89601,44.26287],[-91.88704,44.25177],[-91.8927,44.2311],[-91.87743,44.21292],[-91.87516,44.20058],[-91.82917,44.17835],[-91.8173,44.16423],[-91.80806,44.15926],[-91.77449,44.14754],[-91.75175,44.13479],[-91.72155,44.13034],[-91.7106,44.12048],[-91.70749,44.10391],[-91.69531,44.09857],[-91.68153,44.0974],[-91.66701,44.08696],[-91.65951,44.0742],[-91.64787,44.06411],[-91.63811,44.06329],[-91.6279,44.05581],[-91.61049,44.04931],[-91.59207,44.03137],[-91.58002,44.02692],[-91.50712,44.01898],[-91.48087,44.00814],[-91.46352,44.00904],[-91.43252,43.99683],[-91.42413,43.98263],[-91.41249,43.97341],[-91.40739,43.96515],[-91.38578,43.95424],[-91.36664,43.93746],[-91.35743,43.91723],[-91.34774,43.91196],[-91.33814,43.89766],[-91.32061,43.88849],[-91.31531,43.88181],[-91.31099,43.86738],[-91.28414,43.84707],[-91.27769,43.83774],[-91.27204,43.81377],[-91.26244,43.79217],[-91.24413,43.77467],[-91.25543,43.74488],[-91.25593,43.72985],[-91.26846,43.70982],[-91.26779,43.69565],[-91.27325,43.66662],[-91.27175,43.65493],[-91.26386,43.64766],[-91.2624,43.64176],[-91.26846,43.62735],[-91.26875,43.61535],[-91.26163,43.60618],[-91.23186,43.58182],[-91.23281,43.56484],[-91.24321,43.55072],[-91.24318,43.54031],[-91.23294,43.52397],[-91.21829,43.51443],[-91.21771,43.50055],[-96.45326,43.50039],[-96.45307,45.29812],[-96.46191,45.31388],[-96.46803,45.31862],[-96.48906,45.35707],[-96.52179,45.37564],[-96.56214,45.38609],[-96.61773,45.40809],[-96.68045,45.4105],[-96.69254,45.41734],[-96.73274,45.45874],[-96.74549,45.48871],[-96.76528,45.52141],[-96.79384,45.55072],[-96.85775,45.60596],[-96.84421,45.63958],[-96.83577,45.64965],[-96.76087,45.68752],[-96.74509,45.70158],[-96.66259,45.73868],[-96.64194,45.75987],[-96.63873,45.77017],[-96.62778,45.78624],[-96.61251,45.79444],[-96.5967,45.8118],[-96.58308,45.82002],[-96.57452,45.8431],[-96.57467,45.86682],[-96.57135,45.88667],[-96.56877,45.88807],[-96.56831,45.9029],[-96.56442,45.90942],[-96.56703,45.91568],[-96.564,45.91956],[-96.56133,45.94566],[-96.57035,45.96359],[-96.57587,46.008],[-96.57426,46.01655],[-96.57794,46.02687],[-96.56629,46.05142],[-96.55927,46.05827],[-96.55451,46.08398],[-96.55795,46.10244],[-96.56692,46.11475],[-96.56281,46.11625],[-96.56304,46.11951],[-96.57144,46.12572],[-96.56926,46.13369],[-96.57945,46.1476],[-96.57862,46.16813],[-96.5876,46.17893],[-96.58858,46.18969],[-96.58437,46.20416],[-96.59165,46.21818],[-96.59567,46.21985],[-96.59755,46.22773],[-96.59812,46.24311],[-96.59008,46.24865],[-96.59973,46.26212],[-96.59501,46.27513],[-96.59877,46.28142],[-96.59608,46.29054],[-96.6003,46.29441],[-96.60136,46.30413],[-96.59823,46.31256],[-96.60104,46.31955],[-96.59976,46.33039],[-96.61999,46.34013],[-96.61815,46.3443],[-96.62852,46.34957],[-96.62921,46.35265],[-96.64433,46.35191],[-96.64653,46.36251],[-96.65521,46.36596],[-96.65844,46.37339],[-96.66719,46.37546],[-96.66913,46.39004],[-96.68069,46.40738],[-96.68808,46.40788],[-96.68894,46.41313],[-96.70136,46.42058],[-96.70164,46.42861],[-96.71807,46.43825],[-96.71644,46.44457],[-96.71893,46.45105],[-96.71559,46.45387],[-96.71556,46.46323],[-96.72156,46.47212],[-96.73637,46.48014],[-96.73503,46.48386],[-96.73799,46.48788],[-96.73361,46.49722],[-96.7377,46.50077],[-96.73847,46.52579],[-96.74434,46.53301],[-96.74281,46.54361],[-96.74635,46.54628],[-96.74453,46.55135],[-96.74883,46.55813],[-96.74444,46.56596],[-96.74644,46.57408],[-96.75275,46.57752],[-96.75208,46.5822],[-96.76182,46.5885],[-96.76258,46.59395],[-96.77245,46.60013],[-96.7718,46.60574],[-96.77562,46.60928],[-96.77409,46.61329],[-96.77849,46.61615],[-96.77906,46.62083],[-96.78393,46.6216],[-96.78412,46.62867],[-96.7911,46.63316],[-96.79066,46.64911],[-96.79882,46.65807],[-96.79836,46.66531],[-96.79258,46.67217],[-96.79334,46.67685],[-96.78434,46.68505],[-96.7878,46.69118],[-96.7878,46.70045],[-96.7912,46.70375],[-96.77925,46.72743],[-96.78428,46.73299],[-96.78122,46.74094],[-96.7846,46.74309],[-96.78365,46.75312],[-96.78747,46.75675],[-96.78365,46.76258],[-96.78431,46.76755],[-96.78861,46.77127],[-96.7888,46.77757],[-96.79243,46.77891],[-96.79148,46.78569],[-96.79699,46.79157],[-96.79576,46.80779],[-96.80254,46.81152],[-96.80016,46.81966],[-96.79156,46.82786],[-96.78766,46.82782],[-96.78938,46.83317],[-96.78536,46.83402],[-96.78384,46.84023],[-96.77935,46.84214],[-96.77791,46.85074],[-96.78202,46.85341],[-96.78288,46.86259],[-96.7793,46.8727],[-96.78136,46.87936],[-96.77126,46.87746],[-96.76846,46.87956],[-96.76736,46.88366],[-96.77356,46.88476],[-96.77656,46.89566],[-96.77046,46.90676],[-96.76566,46.90506],[-96.76287,46.91689],[-96.75924,46.91822],[-96.75953,46.92577],[-96.76201,46.92835],[-96.76029,46.93341],[-96.76326,46.93506],[-96.78312,46.92548],[-96.79105,46.92988],[-96.79156,46.94446],[-96.79936,46.94736],[-96.79931,46.96412],[-96.80981,46.9639],[-96.82185,46.96937],[-96.81989,46.97736],[-96.8246,46.99331],[-96.82318,46.99997],[-96.8346,47.00772],[-96.8295,47.02154],[-96.81798,47.02654],[-96.82161,47.03151],[-96.81856,47.03552],[-96.82085,47.04144],[-96.81932,47.0529],[-96.82448,47.05968],[-96.82133,47.06293],[-96.8241,47.07067],[-96.81948,47.07818],[-96.81798,47.10601],[-96.82269,47.10962],[-96.82119,47.11572],[-96.82734,47.12014],[-96.82448,47.12719],[-96.82878,47.13151],[-96.82763,47.13657],[-96.83241,47.14374],[-96.83126,47.1509],[-96.82271,47.15623],[-96.82486,47.15978],[-96.82209,47.16504],[-96.82964,47.17497],[-96.82668,47.18156],[-96.83241,47.18748],[-96.83126,47.19178],[-96.83881,47.19789],[-96.83212,47.20487],[-96.83546,47.2084],[-96.83336,47.21146],[-96.83594,47.22101],[-96.83928,47.22387],[-96.83565,47.22655],[-96.83756,47.2318],[-96.83269,47.2362],[-96.83823,47.24183],[-96.8347,47.24813],[-96.84167,47.25816],[-96.84263,47.26399],[-96.839,47.26772],[-96.8432,47.27049],[-96.84022,47.27698],[-96.84409,47.28998],[-96.83288,47.30449],[-96.83573,47.31084],[-96.84253,47.31242],[-96.84196,47.31691],[-96.83604,47.32006],[-96.83518,47.32856],[-96.83852,47.33238],[-96.83585,47.33591],[-96.84401,47.34618],[-96.84344,47.3544],[-96.85242,47.36624],[-96.84891,47.37056],[-96.85375,47.3734],[-96.8411,47.38415],[-96.84072,47.39131],[-96.84549,47.39418],[-96.84511,47.40048],[-96.85809,47.41032],[-96.86426,47.41954],[-96.85872,47.42613],[-96.86101,47.429],[-96.85748,47.44046],[-96.85996,47.45736],[-96.85681,47.46319],[-96.85987,47.47093],[-96.85471,47.47828],[-96.85853,47.48248],[-96.85567,47.48726],[-96.85853,47.49089],[-96.85165,47.4971],[-96.85137,47.50904],[-96.8542,47.51437],[-96.86325,47.51727],[-96.86636,47.52594],[-96.85471,47.53597],[-96.85662,47.5481],[-96.85376,47.5525],[-96.85906,47.55859],[-96.85685,47.56329],[-96.85915,47.56636],[-96.85369,47.57038],[-96.85637,47.57575],[-96.85129,47.58926],[-96.85474,47.59473],[-96.85283,47.59789],[-96.8569,47.60233],[-96.85481,47.60633],[-96.85711,47.61076],[-96.87367,47.61365],[-96.87087,47.61804],[-96.8795,47.62058],[-96.88239,47.63349],[-96.88857,47.63845],[-96.88286,47.64171],[-96.88238,47.64903],[-96.88697,47.65305],[-96.88557,47.66344],[-96.89192,47.67316],[-96.89672,47.67476],[-96.90026,47.69078],[-96.90991,47.68952],[-96.9076,47.69512],[-96.91524,47.70237],[-96.91486,47.707],[-96.92012,47.71038],[-96.92039,47.71653],[-96.92354,47.7182],[-96.91856,47.72386],[-96.93281,47.73714],[-96.92851,47.74804],[-96.93446,47.75296],[-96.93268,47.7568],[-96.93786,47.7602],[-96.93918,47.7684],[-96.96532,47.78347],[-96.95786,47.79202],[-96.96607,47.7973],[-96.97513,47.79833],[-96.98058,47.80561],[-96.97795,47.81162],[-96.98039,47.81566],[-96.97933,47.82453],[-96.98668,47.83764],[-96.99829,47.84172],[-96.99814,47.85888],[-97.00586,47.86528],[-97.00246,47.86868],[-97.02316,47.87398],[-97.01796,47.87848],[-97.02536,47.88428],[-97.01896,47.89108],[-97.02496,47.89498],[-97.02016,47.90048],[-97.02496,47.90818],[-97.01505,47.90718],[-97.01725,47.91308],[-97.02375,47.91588],[-97.01775,47.91978],[-97.03575,47.93018],[-97.03605,47.93938],[-97.05455,47.94628],[-97.05245,47.95718],[-97.06185,47.96448],[-97.05715,47.97048],[-97.05915,47.97538],[-97.05309,47.99025],[-97.06429,47.99851],[-97.06676,48.00956],[-97.06329,48.01499],[-97.07224,48.01911],[-97.06871,48.02769],[-97.07226,48.04807],[-97.08699,48.05822],[-97.09777,48.07108],[-97.10448,48.07243],[-97.09943,48.08211],[-97.10562,48.09136],[-97.10395,48.09618],[-97.11147,48.10591],[-97.1232,48.10665],[-97.1207,48.11499],[-97.13196,48.13956],[-97.14213,48.14498],[-97.13891,48.15779],[-97.14674,48.16856],[-97.14147,48.1791],[-97.14623,48.18605],[-97.13801,48.19759],[-97.13877,48.20465],[-97.13437,48.21043],[-97.13815,48.2231],[-97.136,48.22808],[-97.14125,48.23467],[-97.13576,48.2376],[-97.13803,48.24624],[-97.12728,48.25332],[-97.12953,48.25782],[-97.12715,48.26289],[-97.13185,48.26759],[-97.11657,48.27966],[-97.12216,48.29006],[-97.12886,48.29288],[-97.12864,48.29766],[-97.12207,48.30087],[-97.12618,48.3037],[-97.12618,48.30915],[-97.13192,48.31273],[-97.12744,48.32571],[-97.13477,48.32868],[-97.13115,48.33972],[-97.1379,48.34459],[-97.13782,48.352],[-97.14775,48.3599],[-97.14736,48.36872],[-97.14011,48.38048],[-97.14559,48.3942],[-97.13501,48.40673],[-97.1356,48.41183],[-97.14285,48.41947],[-97.1356,48.42437],[-97.1393,48.43201],[-97.13497,48.43634],[-97.13769,48.44758],[-97.13361,48.45228],[-97.13275,48.45994],[-97.14177,48.46402],[-97.14412,48.46921],[-97.1414,48.47626],[-97.14498,48.48157],[-97.13928,48.48631],[-97.13886,48.49436],[-97.14813,48.50338],[-97.15308,48.52415],[-97.14887,48.53428],[-97.16311,48.54386],[-97.16086,48.54924],[-97.15246,48.55233],[-97.15827,48.55875],[-97.15864,48.56407],[-97.14962,48.56988],[-97.14974,48.57952],[-97.14292,48.58373],[-97.14368,48.59707],[-97.13825,48.60423],[-97.1375,48.61227],[-97.13145,48.614],[-97.13009,48.62117],[-97.12477,48.62154],[-97.12527,48.62969],[-97.10847,48.63266],[-97.11192,48.64292],[-97.10055,48.65861],[-97.10265,48.66479],[-97.09734,48.68519],[-97.11829,48.70057],[-97.11619,48.70935],[-97.1264,48.7211],[-97.13559,48.7264],[-97.13485,48.73332],[-97.13961,48.73813],[-97.13949,48.74661],[-97.15104,48.75571],[-97.14748,48.76603],[-97.15485,48.77452],[-97.15326,48.78103],[-97.1578,48.7841],[-97.15709,48.79002],[-97.16296,48.79293],[-97.16487,48.80825],[-97.18003,48.81845],[-97.17775,48.82482],[-97.18112,48.83274],[-97.17381,48.83831],[-97.17724,48.84648],[-97.17562,48.8531],[-97.18012,48.8616],[-97.18711,48.8661],[-97.18624,48.87347],[-97.19798,48.88034],[-97.19798,48.89833],[-97.21054,48.90439],[-97.21116,48.91665],[-97.21909,48.92208],[-97.21755,48.92989],[-97.2245,48.9341],[-97.22785,48.94586],[-97.23215,48.94895],[-97.23146,48.96244],[-97.23921,48.96868]]]}},{"type":"Feature","id":28,"properties":{"code":"MS","name":"Mississippi"},"geometry":{"type":"MultiPolygon","coordinates":[[[[-88.51067,30.21702],[-88.49238,30.21922],[-88.46544,30.20824],[-88.45324,30.20648],[-88.40852,30.21878],[-88.40458,30.20616],[-88.42936,30.19286],[-88.45375,30.18935],[-88.49441,30.19682],[-88.50864,30.2056],[-88.51067,30.21702]]],[[[-88.77199,30.24552],[-88.71499,30.25698],[-88.65603,30.23942],[-88.60876,30.23195],[-88.58742,30.21915],[-88.61131,30.21702],[-88.67179,30.22317],[-88.71499,30.23766],[-88.75717,30.23327],[-88.76835,30.23678],[-88.77199,30.24552]]],[[[-88.98863,30.21629],[-88.93634,30.22143],[-88.88167,30.24915],[-88.87217,30.24504],[-88.87692,30.2358],[-88.89356,30.22451],[-88.94703,30.20602],[-88.9708,30.20089],[-88.99338,30.20808],[-88.98863,30.21629]]],[[[-89.15976,30.23888],[-89.08489,30.23786],[-89.07063,30.25839],[-89.05637,30.24915],[-89.06231,30.22964],[-89.07419,30.21219],[-89.10866,30.20602],[-89.12767,30.21937],[-89.17045,30.22862],[-89.15976,30.23888]]],[[[-91.65501,31.25182],[-91.65137,31.25953],[-91.64125,31.26692],[-91.62136,31.26781],[-91.56419,31.26163],[-91.53773,31.26737],[-91.51858,31.27528],[-91.51208,31.28418],[-91.5083,31.29583],[-91.50866,31.31513],[-91.54897,31.34726],[-91.551,31.36365],[-91.54991,31.37632],[-91.54621,31.38248],[-91.55568,31.38641],[-91.56895,31.37763],[-91.57833,31.39907],[-91.57627,31.4105],[-91.56518,31.42345],[-91.54846,31.43267],[-91.54065,31.43076],[-91.537,31.42318],[-91.53946,31.41402],[-91.53234,31.39027],[-91.51598,31.37029],[-91.50416,31.36495],[-91.47887,31.36495],[-91.47246,31.37133],[-91.47207,31.39592],[-91.50005,31.42052],[-91.51513,31.44921],[-91.51815,31.48348],[-91.51492,31.51011],[-91.52058,31.51321],[-91.52254,31.52208],[-91.51396,31.53208],[-91.48962,31.53427],[-91.47972,31.53037],[-91.44392,31.54247],[-91.40792,31.56937],[-91.40391,31.58977],[-91.42272,31.59707],[-91.46632,31.58607],[-91.48862,31.58747],[-91.50278,31.59573],[-91.51657,31.61182],[-91.51666,31.62733],[-91.51234,31.63472],[-91.49928,31.64466],[-91.49448,31.64501],[-91.47432,31.62536],[-91.42962,31.61136],[-91.42112,31.61156],[-91.40102,31.62036],[-91.39571,31.64417],[-91.40001,31.69786],[-91.39711,31.71136],[-91.38092,31.73246],[-91.35514,31.74158],[-91.27554,31.74552],[-91.26341,31.75447],[-91.25961,31.76129],[-91.26304,31.767],[-91.27387,31.77118],[-91.28605,31.77206],[-91.30132,31.76675],[-91.34856,31.76584],[-91.36468,31.77034],[-91.35951,31.79936],[-91.34571,31.84286],[-91.33381,31.85326],[-91.29341,31.86016],[-91.28931,31.84686],[-91.28941,31.82866],[-91.28221,31.81476],[-91.26921,31.80916],[-91.25561,31.81266],[-91.24737,31.82232],[-91.24505,31.83145],[-91.26811,31.85306],[-91.26771,31.86266],[-91.2349,31.87686],[-91.20281,31.90796],[-91.19381,31.90956],[-91.18061,31.91796],[-91.18491,31.92376],[-91.18471,31.93506],[-91.19321,31.93566],[-91.18831,31.96096],[-91.18481,31.96556],[-91.16441,31.98256],[-91.10411,31.99036],[-91.0901,32.00016],[-91.07591,32.01683],[-91.07993,32.01832],[-91.08261,32.02866],[-91.08811,32.03446],[-91.15141,32.04926],[-91.16131,32.05976],[-91.16031,32.07035],[-91.14881,32.08015],[-91.13931,32.08175],[-91.12861,32.07655],[-91.11431,32.05826],[-91.10371,32.05025],[-91.08021,32.04836],[-91.08151,32.07775],[-91.03471,32.10105],[-91.03051,32.10815],[-91.03091,32.12055],[-91.01761,32.12515],[-91.00501,32.14285],[-91.00619,32.15696],[-91.02501,32.16255],[-91.05021,32.17845],[-91.05765,32.17735],[-91.05891,32.17125],[-91.04971,32.15735],[-91.04851,32.15015],[-91.05317,32.12424],[-91.08163,32.13399],[-91.10118,32.13114],[-91.11129,32.12504],[-91.16282,32.13269],[-91.1717,32.14425],[-91.17455,32.15498],[-91.16417,32.19689],[-91.13359,32.21343],[-91.11727,32.20667],[-91.10851,32.20815],[-91.10041,32.21785],[-91.08371,32.22645],[-91.07111,32.22605],[-91.06141,32.21865],[-91.05311,32.22795],[-91.05031,32.23795],[-91.03901,32.24235],[-91.02151,32.23615],[-91.00291,32.22305],[-91.00354,32.20077],[-91.00008,32.19753],[-90.99139,32.19944],[-90.98338,32.21177],[-90.98029,32.2436],[-90.9694,32.25252],[-90.98298,32.27029],[-90.98408,32.27995],[-90.97947,32.2937],[-90.9746,32.29712],[-90.96415,32.29687],[-90.95135,32.2832],[-90.93399,32.29034],[-90.91616,32.30358],[-90.89365,32.32809],[-90.8761,32.35775],[-90.87563,32.37243],[-90.88895,32.37325],[-90.89776,32.35436],[-90.91236,32.33945],[-90.99362,32.35405],[-91.00011,32.35769],[-91.00451,32.36814],[-90.99469,32.39228],[-90.99408,32.40386],[-90.97446,32.412],[-90.96626,32.42103],[-90.96646,32.43387],[-90.96959,32.43949],[-90.97855,32.44703],[-90.99386,32.45085],[-91.02961,32.43354],[-91.05291,32.43844],[-91.09531,32.45874],[-91.11601,32.48314],[-91.11671,32.50014],[-91.1013,32.5256],[-91.09788,32.54475],[-91.06741,32.52322],[-91.05091,32.50014],[-91.03811,32.49044],[-91.00421,32.48214],[-90.9907,32.48775],[-90.9872,32.49566],[-90.99487,32.50861],[-91.057,32.53829],[-91.07085,32.54852],[-91.07651,32.55883],[-91.03617,32.57956],[-91.01023,32.60193],[-91.0046,32.60978],[-91.00296,32.62255],[-91.01429,32.64048],[-91.02577,32.64657],[-91.03842,32.63644],[-91.0498,32.60719],[-91.11276,32.59019],[-91.11985,32.58479],[-91.12791,32.58649],[-91.14115,32.59721],[-91.15132,32.61592],[-91.15374,32.63523],[-91.14975,32.64404],[-91.13764,32.65062],[-91.11826,32.67408],[-91.07606,32.69375],[-91.06395,32.70293],[-91.05475,32.71923],[-91.05448,32.72226],[-91.06077,32.72749],[-91.09057,32.7361],[-91.12315,32.7428],[-91.15861,32.74345],[-91.16339,32.74701],[-91.16581,32.75784],[-91.15692,32.78034],[-91.1644,32.78582],[-91.15834,32.8223],[-91.15217,32.82667],[-91.14356,32.84474],[-91.12789,32.85506],[-91.10563,32.8584],[-91.0706,32.88866],[-91.06381,32.90371],[-91.06387,32.92269],[-91.07055,32.93604],[-91.08191,32.94477],[-91.08308,32.94791],[-91.0789,32.95182],[-91.08035,32.96279],[-91.0868,32.97627],[-91.09693,32.98641],[-91.10658,32.98894],[-91.13552,32.97966],[-91.13859,32.97135],[-91.13072,32.96226],[-91.13786,32.95276],[-91.1313,32.92692],[-91.13404,32.91768],[-91.14508,32.90549],[-91.15998,32.89988],[-91.1754,32.9],[-91.19679,32.90678],[-91.2116,32.91962],[-91.21282,32.93608],[-91.19942,32.95231],[-91.20184,32.96121],[-91.16897,32.99213],[-91.16321,33.01791],[-91.12672,33.03625],[-91.12043,33.05463],[-91.12387,33.06323],[-91.14906,33.08131],[-91.17187,33.08808],[-91.18009,33.09732],[-91.1996,33.1065],[-91.20211,33.12231],[-91.1964,33.13286],[-91.18403,33.14168],[-91.16098,33.14143],[-91.14678,33.13005],[-91.10973,33.12945],[-91.08989,33.13441],[-91.08451,33.14108],[-91.08005,33.17031],[-91.0813,33.18428],[-91.09911,33.21961],[-91.08123,33.22246],[-91.05303,33.24751],[-91.0437,33.27178],[-91.04829,33.28284],[-91.06096,33.28712],[-91.07644,33.28441],[-91.08533,33.27551],[-91.09639,33.24296],[-91.10688,33.24244],[-91.11729,33.26064],[-91.1281,33.2687],[-91.12566,33.28036],[-91.14158,33.29975],[-91.1416,33.35019],[-91.12344,33.36132],[-91.07405,33.40785],[-91.05839,33.4282],[-91.059,33.44915],[-91.07298,33.45582],[-91.08807,33.45038],[-91.09743,33.43401],[-91.09521,33.41823],[-91.13046,33.38463],[-91.14811,33.37879],[-91.16696,33.3799],[-91.18301,33.38564],[-91.20607,33.39984],[-91.20928,33.40669],[-91.20229,33.41685],[-91.17383,33.41779],[-91.14995,33.4265],[-91.13807,33.42723],[-91.11877,33.44649],[-91.117,33.45459],[-91.12328,33.47126],[-91.1344,33.48316],[-91.15837,33.49607],[-91.17052,33.49174],[-91.17485,33.48],[-91.17185,33.45032],[-91.18261,33.44042],[-91.20647,33.43392],[-91.22982,33.43729],[-91.23383,33.44299],[-91.23058,33.45772],[-91.21033,33.46753],[-91.18668,33.49967],[-91.18946,33.50952],[-91.21402,33.5247],[-91.22147,33.53308],[-91.23433,33.55611],[-91.23198,33.56454],[-91.22162,33.56862],[-91.18283,33.56717],[-91.16611,33.56971],[-91.14746,33.58097],[-91.13235,33.59553],[-91.12873,33.6092],[-91.13685,33.62623],[-91.17092,33.64916],[-91.18744,33.65457],[-91.20881,33.6561],[-91.22203,33.66271],[-91.2304,33.67557],[-91.22923,33.6863],[-91.2204,33.69654],[-91.2101,33.7005],[-91.17634,33.70181],[-91.16037,33.7066],[-91.13528,33.67886],[-91.12468,33.67155],[-91.08755,33.65739],[-91.03468,33.67288],[-91.0303,33.68334],[-91.04391,33.70325],[-91.05917,33.71452],[-91.07151,33.71522],[-91.10127,33.70503],[-91.11694,33.70527],[-91.12857,33.71109],[-91.14872,33.73213],[-91.14317,33.75369],[-91.14363,33.77017],[-91.13626,33.78103],[-91.12944,33.78373],[-91.10898,33.77198],[-91.05272,33.77793],[-91.02276,33.76431],[-91.00897,33.76597],[-90.99517,33.77254],[-90.98872,33.78349],[-90.99342,33.79422],[-91.00853,33.80282],[-91.0303,33.80726],[-91.04908,33.81603],[-91.06644,33.838],[-91.07139,33.84954],[-91.07298,33.86618],[-91.06591,33.87633],[-91.03144,33.90144],[-91.01045,33.92869],[-91.0122,33.93712],[-91.01913,33.94208],[-91.08601,33.95742],[-91.08977,33.96513],[-91.09048,33.99142],[-91.08541,34.0075],[-91.07896,34.00933],[-91.06876,34.00639],[-91.05093,33.99343],[-91.03943,33.99318],[-91.02408,34.00039],[-91.01691,34.00008],[-91.00057,33.96696],[-90.99199,33.96196],[-90.97999,33.96023],[-90.96763,33.96361],[-90.96326,33.96892],[-90.96188,33.98035],[-90.97564,33.99525],[-90.98806,34.019],[-90.95911,34.02681],[-90.92621,34.02161],[-90.90795,34.02246],[-90.8926,34.02699],[-90.88809,34.03256],[-90.8881,34.05452],[-90.87108,34.08118],[-90.87427,34.08951],[-90.8828,34.09659],[-90.89321,34.09778],[-90.92129,34.09351],[-90.94769,34.10957],[-90.9586,34.12244],[-90.96104,34.13051],[-90.95706,34.13668],[-90.90996,34.16551],[-90.8991,34.16283],[-90.87069,34.14414],[-90.85347,34.13751],[-90.8361,34.13788],[-90.82259,34.14405],[-90.80756,34.16182],[-90.80914,34.17696],[-90.81749,34.1832],[-90.85441,34.18683],[-90.8694,34.18285],[-90.87745,34.18562],[-90.88788,34.18198],[-90.9118,34.1939],[-90.93522,34.21905],[-90.9364,34.2367],[-90.92315,34.24653],[-90.9101,34.24556],[-90.90492,34.24218],[-90.89658,34.2258],[-90.87912,34.21545],[-90.84586,34.20757],[-90.83813,34.22],[-90.84055,34.23454],[-90.83363,34.27407],[-90.82576,34.27989],[-90.81222,34.27951],[-90.76562,34.26951],[-90.75293,34.27461],[-90.73802,34.28928],[-90.73587,34.31069],[-90.768,34.34617],[-90.76977,34.35691],[-90.75969,34.3665],[-90.74763,34.36785],[-90.71193,34.36074],[-90.68272,34.36676],[-90.69224,34.33563],[-90.69313,34.32257],[-90.67808,34.31309],[-90.66139,34.3154],[-90.65749,34.32223],[-90.66323,34.35224],[-90.65819,34.37614],[-90.64518,34.38683],[-90.6096,34.39159],[-90.59801,34.39819],[-90.58431,34.41219],[-90.57769,34.43245],[-90.5836,34.44301],[-90.5931,34.47732],[-90.59329,34.48793],[-90.58124,34.51567],[-90.54253,34.54015],[-90.53962,34.55392],[-90.54335,34.56217],[-90.57118,34.58946],[-90.59159,34.62101],[-90.588,34.63934],[-90.57184,34.66738],[-90.56757,34.68146],[-90.56996,34.69239],[-90.5529,34.69062],[-90.54075,34.68103],[-90.54237,34.67361],[-90.55349,34.65681],[-90.55492,34.64672],[-90.55164,34.63633],[-90.54239,34.62886],[-90.53211,34.62733],[-90.51323,34.63345],[-90.47254,34.66596],[-90.46587,34.67489],[-90.46283,34.68643],[-90.46618,34.69911],[-90.47417,34.70528],[-90.51667,34.69555],[-90.53338,34.69801],[-90.56146,34.71276],[-90.57199,34.7144],[-90.56795,34.73184],[-90.56361,34.73778],[-90.54556,34.73889],[-90.53944,34.75528],[-90.54778,34.78333],[-90.54083,34.79583],[-90.52111,34.80194],[-90.51111,34.79829],[-90.51134,34.79016],[-90.49278,34.7725],[-90.49495,34.75712],[-90.52417,34.73139],[-90.51667,34.72722],[-90.5,34.72167],[-90.48333,34.72222],[-90.46284,34.72826],[-90.44799,34.74199],[-90.45179,34.75423],[-90.47041,34.78088],[-90.47664,34.79713],[-90.46854,34.81331],[-90.45712,34.82005],[-90.48477,34.86571],[-90.48445,34.87437],[-90.47832,34.88417],[-90.46123,34.89173],[-90.43745,34.88371],[-90.42932,34.86685],[-90.44802,34.8416],[-90.4369,34.82554],[-90.41164,34.82606],[-90.38939,34.83067],[-90.33752,34.85765],[-90.32688,34.84865],[-90.31543,34.84434],[-90.3069,34.8467],[-90.30335,34.85195],[-90.30406,34.86007],[-90.31404,34.86371],[-90.31774,34.87106],[-90.25611,34.89455],[-90.24647,34.90339],[-90.24183,34.91566],[-90.2447,34.94703],[-90.26831,34.95738],[-90.29606,34.97647],[-90.3093,34.99569],[-88.20006,34.99563],[-88.17611,34.96252],[-88.15462,34.92239],[-88.13669,34.90759],[-88.09789,34.8922],[-88.24303,33.79568],[-88.40379,32.44977],[-88.47323,31.89386],[-88.41863,30.86653],[-88.39502,30.36942],[-88.39906,30.36074],[-88.39398,30.34931],[-88.40993,30.34211],[-88.41881,30.35391],[-88.43389,30.35465],[-88.44649,30.34775],[-88.44662,30.33767],[-88.45381,30.32963],[-88.48012,30.31835],[-88.5048,30.32147],[-88.50633,30.3274],[-88.52249,30.34009],[-88.53621,30.3433],[-88.56777,30.32956],[-88.58193,30.33106],[-88.60001,30.35657],[-88.61301,30.35396],[-88.66382,30.3621],[-88.70059,30.34369],[-88.72889,30.34267],[-88.74694,30.34762],[-88.77174,30.3654],[-88.81162,30.38491],[-88.81876,30.36059],[-88.88053,30.3866],[-88.88483,30.392],[-88.92203,30.3938],[-88.97123,30.3908],[-89.01633,30.3839],[-89.08324,30.3681],[-89.18684,30.3312],[-89.28574,30.3031],[-89.29144,30.3033],[-89.29444,30.3076],[-89.29184,30.3281],[-89.28784,30.3332],[-89.28156,30.33198],[-89.27982,30.34979],[-89.2925,30.36564],[-89.31507,30.37541],[-89.33594,30.37402],[-89.35325,30.36879],[-89.36612,30.35217],[-89.33885,30.34299],[-89.33255,30.33789],[-89.32255,30.3149],[-89.32995,30.3029],[-89.34475,30.2932],[-89.36575,30.2849],[-89.37955,30.2704],[-89.41935,30.25432],[-89.43043,30.22322],[-89.44746,30.2051],[-89.44791,30.18535],[-89.46359,30.17394],[-89.46979,30.17628],[-89.47582,30.19156],[-89.48021,30.19375],[-89.50323,30.18305],[-89.52281,30.18308],[-89.5245,30.18075],[-89.53045,30.1922],[-89.53865,30.1958],[-89.57015,30.1803],[-89.58575,30.1921],[-89.59665,30.2118],[-89.61586,30.2232],[-89.61416,30.2446],[-89.63179,30.25692],[-89.63141,30.27966],[-89.64344,30.28768],[-89.6404,30.30675],[-89.62622,30.31425],[-89.62988,30.32102],[-89.62973,30.33929],[-89.6452,30.34813],[-89.6467,30.3525],[-89.65719,30.35652],[-89.6622,30.37127],[-89.68369,30.40587],[-89.68412,30.41265],[-89.68013,30.4114],[-89.67851,30.41401],[-89.68482,30.43951],[-89.68341,30.45179],[-89.6901,30.45966],[-89.7018,30.46512],[-89.70955,30.47785],[-89.71589,30.4778],[-89.72461,30.4919],[-89.75813,30.5054],[-89.76057,30.51576],[-89.76813,30.51502],[-89.77164,30.53025],[-89.77957,30.54434],[-89.79533,30.54656],[-89.79166,30.55152],[-89.79453,30.55655],[-89.80279,30.5579],[-89.80389,30.56058],[-89.80149,30.5637],[-89.79243,30.56309],[-89.78969,30.56658],[-89.79449,30.56965],[-89.80803,30.568],[-89.80974,30.58471],[-89.80712,30.58734],[-89.81984,30.59534],[-89.81392,30.60772],[-89.82328,30.60823],[-89.82087,30.61825],[-89.82326,30.6228],[-89.81808,30.63402],[-89.82187,30.64402],[-89.83326,30.65752],[-89.85226,30.66293],[-89.83548,30.69117],[-89.83807,30.70404],[-89.8436,30.70251],[-89.84658,30.70621],[-89.83626,30.71618],[-89.83006,30.71631],[-89.82806,30.72502],[-89.83633,30.7272],[-89.83687,30.73466],[-89.81607,30.73937],[-89.82605,30.74232],[-89.83154,30.76761],[-89.81916,30.79523],[-89.81395,30.79378],[-89.8121,30.78844],[-89.80511,30.7906],[-89.81148,30.798],[-89.80406,30.80325],[-89.79865,30.82086],[-89.79175,30.82039],[-89.78589,30.81596],[-89.78117,30.82012],[-89.78399,30.82738],[-89.79043,30.83098],[-89.79012,30.83798],[-89.7875,30.84411],[-89.78023,30.84624],[-89.78407,30.85527],[-89.77259,30.85366],[-89.76796,30.86386],[-89.77919,30.87518],[-89.77711,30.88109],[-89.77003,30.88225],[-89.7731,30.89834],[-89.75872,30.89732],[-89.75667,30.90107],[-89.7642,30.91191],[-89.7594,30.91513],[-89.75007,30.91293],[-89.74479,30.91893],[-89.75007,30.92982],[-89.7489,30.93389],[-89.75584,30.93954],[-89.75633,30.9435],[-89.73569,30.96657],[-89.72707,30.96739],[-89.73715,30.97608],[-89.7305,30.97971],[-89.7277,30.99333],[-89.73423,30.9956],[-89.73554,30.99971],[-89.72813,31.00096],[-89.72962,31.00393],[-89.74182,31.00344],[-89.74919,30.99956],[-89.75264,31.00185],[-89.81643,31.00208],[-91.63694,30.99942],[-91.57841,31.02403],[-91.5644,31.03897],[-91.55991,31.05412],[-91.56415,31.06683],[-91.61857,31.10733],[-91.62648,31.11913],[-91.62422,31.13373],[-91.59973,31.15959],[-91.5915,31.17312],[-91.5887,31.18103],[-91.59005,31.19369],[-91.60162,31.20857],[-91.62512,31.22607],[-91.64436,31.23441],[-91.65202,31.24269],[-91.65501,31.25182]]]]}},{"type":"Feature","id":29,"properties":{"code":"MO","name":"Missouri"},"geometry":{"type":"Polygon","coordinates":[[[-95.77355,40.5782],[-95.76565,40.58521],[-94.63203,40.57119],[-94.08919,40.57281],[-93.5608,40.5803],[-93.26061,40.5808],[-92.68669,40.58981],[-91.94771,40.60547],[-91.72911,40.61364],[-91.71677,40.59853],[-91.68636,40.58087],[-91.69156,40.56487],[-91.6887,40.55739],[-91.68171,40.55304],[-91.62007,40.54082],[-91.61803,40.53403],[-91.62135,40.51007],[-91.61282,40.50238],[-91.59082,40.49229],[-91.58153,40.47288],[-91.57475,40.46566],[-91.55269,40.45877],[-91.52509,40.45784],[-91.52327,40.45006],[-91.53362,40.43832],[-91.52913,40.43427],[-91.51913,40.43282],[-91.52656,40.41987],[-91.52461,40.41076],[-91.49809,40.40193],[-91.48848,40.40432],[-91.48451,40.3839],[-91.44124,40.38625],[-91.41942,40.37826],[-91.44483,40.36317],[-91.46214,40.34241],[-91.47183,40.31734],[-91.49273,40.27822],[-91.49052,40.2595],[-91.50583,40.23884],[-91.50428,40.2243],[-91.50727,40.20934],[-91.50448,40.19826],[-91.51297,40.18106],[-91.50822,40.15767],[-91.51175,40.14709],[-91.51032,40.12799],[-91.48961,40.05743],[-91.49488,40.03645],[-91.46925,39.99533],[-91.46532,39.984],[-91.45885,39.97901],[-91.44156,39.9513],[-91.42578,39.93776],[-91.41936,39.92772],[-91.42088,39.91486],[-91.44351,39.89358],[-91.44692,39.88303],[-91.44639,39.87039],[-91.43605,39.84551],[-91.42952,39.8378],[-91.37797,39.81127],[-91.36797,39.8004],[-91.36157,39.78755],[-91.36569,39.77491],[-91.36513,39.75872],[-91.36995,39.74504],[-91.37001,39.73252],[-91.3453,39.7094],[-91.30249,39.67963],[-91.27614,39.66576],[-91.22932,39.62085],[-91.18194,39.60268],[-91.17465,39.59331],[-91.16842,39.56493],[-91.15363,39.54825],[-91.10031,39.53869],[-91.07977,39.50773],[-91.06431,39.49464],[-91.05944,39.46886],[-91.03827,39.44844],[-90.99379,39.42296],[-90.94077,39.40398],[-90.92875,39.38754],[-90.90486,39.3794],[-90.89378,39.36734],[-90.8475,39.34527],[-90.81685,39.3205],[-90.79346,39.3095],[-90.79067,39.30291],[-90.77567,39.29281],[-90.76765,39.28003],[-90.7516,39.26543],[-90.72996,39.25589],[-90.71711,39.21391],[-90.7174,39.19741],[-90.71048,39.17637],[-90.7079,39.15086],[-90.70292,39.13875],[-90.68605,39.11778],[-90.68109,39.10059],[-90.68274,39.08835],[-90.70042,39.07179],[-90.70214,39.06557],[-90.71363,39.05398],[-90.67819,38.99185],[-90.67595,38.96214],[-90.66337,38.92804],[-90.65725,38.92027],[-90.63992,38.90827],[-90.62512,38.88865],[-90.58339,38.86903],[-90.55569,38.87078],[-90.54403,38.87505],[-90.50012,38.91041],[-90.48697,38.92598],[-90.48273,38.93471],[-90.48242,38.94446],[-90.47212,38.95884],[-90.45079,38.96776],[-90.44008,38.96736],[-90.39582,38.96004],[-90.30945,38.92412],[-90.27747,38.92372],[-90.25025,38.91934],[-90.22304,38.90739],[-90.19761,38.88765],[-90.16641,38.87635],[-90.11333,38.84931],[-90.10941,38.84355],[-90.11471,38.81505],[-90.12311,38.79805],[-90.16641,38.77265],[-90.17631,38.75445],[-90.20991,38.72605],[-90.21201,38.71175],[-90.20921,38.70275],[-90.18641,38.67475],[-90.18111,38.65955],[-90.17801,38.63375],[-90.18451,38.61155],[-90.19601,38.59445],[-90.22421,38.57505],[-90.26031,38.52835],[-90.27921,38.47245],[-90.28521,38.44345],[-90.29532,38.42675],[-90.34974,38.37761],[-90.36822,38.34025],[-90.37252,38.32335],[-90.37393,38.28185],[-90.35956,38.22452],[-90.33155,38.18758],[-90.29076,38.17045],[-90.27493,38.15761],[-90.24312,38.11267],[-90.21871,38.09437],[-90.17222,38.06964],[-90.15853,38.07473],[-90.13079,38.06234],[-90.1264,38.0549],[-90.12619,38.0407],[-90.11052,38.02655],[-90.08826,38.01577],[-90.05937,38.01554],[-90.05136,38.00358],[-90.03241,37.99526],[-90.00835,37.97018],[-89.9971,37.96323],[-89.97892,37.96279],[-89.9421,37.97012],[-89.93589,37.95958],[-89.92508,37.96002],[-89.92539,37.95413],[-89.93247,37.9475],[-89.94743,37.94034],[-89.95965,37.9402],[-89.96227,37.93436],[-89.97492,37.92672],[-89.97364,37.91766],[-89.95059,37.88153],[-89.92319,37.87067],[-89.90183,37.86982],[-89.88147,37.87959],[-89.86295,37.89691],[-89.85105,37.90398],[-89.84265,37.9052],[-89.79933,37.88152],[-89.79768,37.8742],[-89.80036,37.86863],[-89.79609,37.8595],[-89.78637,37.85173],[-89.78203,37.85509],[-89.7541,37.84636],[-89.73987,37.84693],[-89.71748,37.82572],[-89.66964,37.79992],[-89.66038,37.7863],[-89.66119,37.77573],[-89.66799,37.75948],[-89.66335,37.75005],[-89.64953,37.7455],[-89.61728,37.74972],[-89.61559,37.74235],[-89.59657,37.73289],[-89.58332,37.71326],[-89.52573,37.69844],[-89.51426,37.68992],[-89.51204,37.68098],[-89.51615,37.66797],[-89.51772,37.64122],[-89.50656,37.62505],[-89.48579,37.60716],[-89.47593,37.593],[-89.47755,37.58588],[-89.48606,37.58085],[-89.51394,37.58481],[-89.51981,37.58275],[-89.52192,37.56074],[-89.51705,37.53728],[-89.47553,37.47139],[-89.43977,37.4372],[-89.42594,37.40747],[-89.42105,37.38767],[-89.43284,37.34706],[-89.44756,37.34047],[-89.47457,37.33816],[-89.48901,37.33337],[-89.51184,37.31083],[-89.51834,37.2855],[-89.48991,37.25131],[-89.47052,37.25336],[-89.45883,37.24866],[-89.4583,37.24037],[-89.46763,37.2182],[-89.4561,37.18812],[-89.42558,37.13824],[-89.41173,37.12251],[-89.38805,37.10748],[-89.37871,37.09459],[-89.37571,37.08051],[-89.38519,37.05775],[-89.38394,37.04644],[-89.37828,37.03961],[-89.3624,37.03016],[-89.32298,37.01609],[-89.29213,36.99219],[-89.27863,36.98867],[-89.26353,37.00005],[-89.25761,37.0155],[-89.26,37.02329],[-89.27772,37.03614],[-89.30475,37.04756],[-89.31082,37.0579],[-89.30829,37.06837],[-89.25994,37.06407],[-89.25493,37.07201],[-89.23405,37.03728],[-89.20079,37.01616],[-89.1921,36.98],[-89.18549,36.97352],[-89.17001,36.9703],[-89.12507,36.9835],[-89.1095,36.97656],[-89.09959,36.96454],[-89.10077,36.94397],[-89.11757,36.88736],[-89.13194,36.85744],[-89.13797,36.84735],[-89.15351,36.8466],[-89.15947,36.84251],[-89.1704,36.84152],[-89.17889,36.83137],[-89.17875,36.80993],[-89.17107,36.79812],[-89.15589,36.78913],[-89.12353,36.78531],[-89.11607,36.77242],[-89.1192,36.7598],[-89.12613,36.75173],[-89.1304,36.7517],[-89.16911,36.75947],[-89.18452,36.75364],[-89.1998,36.73422],[-89.19948,36.71605],[-89.16952,36.68888],[-89.16796,36.67819],[-89.17188,36.67253],[-89.15908,36.66635],[-89.19765,36.62894],[-89.20261,36.60158],[-89.21356,36.58012],[-89.22732,36.56938],[-89.23654,36.56682],[-89.25999,36.56515],[-89.27171,36.57139],[-89.29464,36.59373],[-89.31341,36.62012],[-89.32673,36.63219],[-89.36555,36.62506],[-89.37637,36.61387],[-89.38276,36.5836],[-89.39591,36.55965],[-89.39869,36.54233],[-89.41977,36.4939],[-89.44847,36.46442],[-89.46415,36.45719],[-89.48622,36.46162],[-89.49407,36.47322],[-89.48671,36.49495],[-89.47246,36.51374],[-89.46589,36.52995],[-89.46776,36.54685],[-89.47909,36.56821],[-89.50008,36.5763],[-89.52758,36.58115],[-89.54611,36.57999],[-89.56319,36.56875],[-89.57151,36.55257],[-89.57007,36.54439],[-89.55835,36.5221],[-89.5195,36.47542],[-89.52343,36.45657],[-89.54341,36.43877],[-89.54525,36.42708],[-89.51396,36.38489],[-89.50972,36.37363],[-89.519,36.3486],[-89.53182,36.33925],[-89.54501,36.33681],[-89.58164,36.34236],[-89.60567,36.34223],[-89.61584,36.33608],[-89.62026,36.32301],[-89.61182,36.30909],[-89.57849,36.28832],[-89.55429,36.27775],[-89.5448,36.28046],[-89.53949,36.27737],[-89.53553,36.27054],[-89.53475,36.25258],[-89.54474,36.24748],[-89.56221,36.25091],[-89.57754,36.24226],[-89.60237,36.23811],[-89.65252,36.25069],[-89.67805,36.24828],[-89.69523,36.25277],[-89.70351,36.24341],[-89.70525,36.23657],[-89.69263,36.22496],[-89.607,36.17118],[-89.5944,36.15546],[-89.59161,36.1441],[-89.594,36.12719],[-89.60194,36.11947],[-89.6283,36.10685],[-89.6666,36.0958],[-89.67882,36.08464],[-89.68858,36.02924],[-89.70693,36.00098],[-90.37789,35.99568],[-90.35131,36.02688],[-90.33934,36.04711],[-90.33326,36.0675],[-90.31849,36.07551],[-90.31917,36.08998],[-90.29991,36.09824],[-90.29449,36.11295],[-90.2556,36.12709],[-90.23559,36.13947],[-90.23537,36.15915],[-90.22043,36.18476],[-90.20978,36.182],[-90.18285,36.20511],[-90.15593,36.21407],[-90.14224,36.22752],[-90.12637,36.22937],[-90.12596,36.24342],[-90.11492,36.26559],[-90.08373,36.27233],[-90.07881,36.28855],[-90.06398,36.30304],[-90.07998,36.31862],[-90.0774,36.341],[-90.06353,36.35691],[-90.06614,36.38627],[-90.08043,36.40076],[-90.10949,36.40407],[-90.14374,36.42443],[-90.13414,36.4366],[-90.14227,36.47214],[-90.16017,36.48134],[-90.15248,36.49795],[-94.61792,36.49941],[-94.61798,37.72218],[-94.60735,39.11344],[-94.60573,39.1222],[-94.58993,39.1404],[-94.59193,39.155],[-94.60883,39.1605],[-94.64003,39.1531],[-94.66244,39.1576],[-94.66031,39.16805],[-94.66384,39.1791],[-94.68034,39.1843],[-94.71414,39.1704],[-94.74194,39.1702],[-94.76314,39.1799],[-94.78152,39.20615],[-94.81166,39.20659],[-94.82379,39.20987],[-94.83506,39.22066],[-94.82566,39.24173],[-94.83147,39.25627],[-94.84632,39.26848],[-94.88706,39.28648],[-94.90005,39.30019],[-94.90533,39.31195],[-94.91002,39.35254],[-94.9025,39.36038],[-94.88136,39.37038],[-94.87928,39.37978],[-94.88503,39.3898],[-94.89185,39.39331],[-94.90182,39.3928],[-94.92311,39.38449],[-94.94204,39.3895],[-94.94623,39.39565],[-94.94786,39.4086],[-94.97295,39.42171],[-94.98214,39.44055],[-94.99017,39.44619],[-95.01583,39.45281],[-95.0375,39.46369],[-95.04713,39.47497],[-95.05218,39.5],[-95.08271,39.51671],[-95.1093,39.54228],[-95.11308,39.55913],[-95.10323,39.57778],[-95.08952,39.58103],[-95.07669,39.57676],[-95.06452,39.57711],[-95.0569,39.58057],[-95.04928,39.58958],[-95.04645,39.60161],[-95.05492,39.62499],[-95.04952,39.63788],[-95.02764,39.66545],[-95.01531,39.67426],[-94.98415,39.67785],[-94.97132,39.68641],[-94.96845,39.7074],[-94.97121,39.7293],[-94.96532,39.73906],[-94.95529,39.74569],[-94.94873,39.74559],[-94.91832,39.72879],[-94.89932,39.72404],[-94.87564,39.73049],[-94.86294,39.74299],[-94.85944,39.75369],[-94.86074,39.76309],[-94.86964,39.77289],[-94.88146,39.77126],[-94.89916,39.76126],[-94.91229,39.75934],[-94.92623,39.76649],[-94.9353,39.77561],[-94.93521,39.78313],[-94.92965,39.78828],[-94.88408,39.79423],[-94.87634,39.80689],[-94.87594,39.81329],[-94.87704,39.82375],[-94.88693,39.8331],[-94.91692,39.83614],[-94.93977,39.85193],[-94.94241,39.86107],[-94.92847,39.87634],[-94.92957,39.88875],[-94.95154,39.90053],[-94.98698,39.89667],[-95.00844,39.9006],[-95.01874,39.89737],[-95.02439,39.8912],[-95.02793,39.87152],[-95.03777,39.86554],[-95.085,39.86188],[-95.12817,39.87416],[-95.1406,39.88169],[-95.1438,39.90192],[-95.14966,39.90595],[-95.15983,39.90698],[-95.17945,39.90006],[-95.20194,39.90405],[-95.2062,39.90956],[-95.20069,39.92815],[-95.20443,39.93895],[-95.21644,39.94395],[-95.23676,39.94393],[-95.25025,39.94864],[-95.26989,39.9694],[-95.30251,39.98436],[-95.30711,39.98911],[-95.30847,40.00219],[-95.31527,40.01207],[-95.33624,40.0191],[-95.34657,40.02827],[-95.35688,40.03152],[-95.3872,40.02677],[-95.40726,40.03311],[-95.41682,40.04324],[-95.42164,40.05895],[-95.40986,40.07432],[-95.41064,40.09153],[-95.40759,40.09803],[-95.39422,40.10826],[-95.39335,40.11921],[-95.39867,40.12642],[-95.42875,40.13558],[-95.43635,40.15872],[-95.46075,40.16917],[-95.47919,40.18565],[-95.48232,40.20067],[-95.47139,40.21733],[-95.46972,40.22791],[-95.4775,40.24272],[-95.49033,40.24897],[-95.52192,40.24947],[-95.55247,40.2619],[-95.55627,40.27076],[-95.55149,40.28106],[-95.55162,40.28867],[-95.56216,40.29736],[-95.58179,40.29958],[-95.61044,40.31397],[-95.64533,40.30569],[-95.65733,40.31086],[-95.65373,40.32258],[-95.6252,40.33429],[-95.62373,40.34657],[-95.64103,40.3664],[-95.64393,40.38685],[-95.65913,40.40869],[-95.66146,40.41595],[-95.65563,40.43474],[-95.65819,40.44188],[-95.67174,40.4567],[-95.69465,40.47145],[-95.69676,40.47885],[-95.69473,40.4936],[-95.69997,40.50527],[-95.66169,40.51731],[-95.65567,40.52356],[-95.65226,40.53811],[-95.65585,40.54661],[-95.6621,40.54996],[-95.67175,40.56263],[-95.67872,40.56256],[-95.69415,40.55694],[-95.69728,40.53699],[-95.69505,40.53312],[-95.69721,40.52848],[-95.70859,40.52155],[-95.71429,40.52721],[-95.72244,40.52812],[-95.73725,40.52393],[-95.75711,40.52599],[-95.76869,40.53411],[-95.76337,40.5508],[-95.7747,40.57357],[-95.77355,40.5782]]]}},{"type":"Feature","id":30,"properties":{"code":"MT","name":"Montana"},"geometry":{"type":"Polygon","coordinates":[[[-116.04905,48.48102],[-116.04909,49.00085],[-111.55553,48.9967],[-109.4895,49.00029],[-104.04869,48.99959],[-104.04805,48.50003],[-104.04166,47.86228],[-104.04533,47.34345],[-104.04682,46.0002],[-104.0426,45.75],[-104.03914,44.99852],[-105.91338,45.00094],[-105.92818,44.99365],[-106.26359,44.99379],[-107.08494,44.9966],[-107.13418,45.00011],[-107.35144,45.00141],[-109.08301,44.99961],[-109.10344,45.0059],[-109.75073,45.0016],[-110.1101,45.00391],[-110.1995,44.99619],[-110.3627,45.00059],[-110.40293,44.99381],[-110.55243,44.99224],[-110.70527,44.99232],[-110.78501,45.00295],[-111.0552,45.00132],[-111.05642,44.74993],[-111.05243,44.47841],[-111.1087,44.48786],[-111.12838,44.49973],[-111.13862,44.51685],[-111.13236,44.53278],[-111.17375,44.54933],[-111.18075,44.55488],[-111.18065,44.56431],[-111.18666,44.57099],[-111.20135,44.57547],[-111.22462,44.57625],[-111.23109,44.58628],[-111.23759,44.60878],[-111.22405,44.62317],[-111.25257,44.65086],[-111.26919,44.64704],[-111.27685,44.6554],[-111.26864,44.66805],[-111.32356,44.72424],[-111.3357,44.73265],[-111.3471,44.72628],[-111.35566,44.72737],[-111.37465,44.75006],[-111.3849,44.7549],[-111.39374,44.75232],[-111.3977,44.74651],[-111.39435,44.74435],[-111.39847,44.72311],[-111.41416,44.71051],[-111.4241,44.71379],[-111.4295,44.71992],[-111.43868,44.72032],[-111.48923,44.70472],[-111.49012,44.69999],[-111.48479,44.68735],[-111.46961,44.67785],[-111.47307,44.66525],[-111.49491,44.6448],[-111.50394,44.64474],[-111.51264,44.63915],[-111.50547,44.62522],[-111.52113,44.6153],[-111.52424,44.60409],[-111.51781,44.58217],[-111.50464,44.57476],[-111.50776,44.56785],[-111.50528,44.56197],[-111.49192,44.56058],[-111.46908,44.55181],[-111.46763,44.54429],[-111.47157,44.54059],[-111.51601,44.53753],[-111.5239,44.54816],[-111.54653,44.55687],[-111.5627,44.55498],[-111.58565,44.56261],[-111.6143,44.54876],[-111.68146,44.55963],[-111.70411,44.55998],[-111.71537,44.54331],[-111.73708,44.54283],[-111.74629,44.54054],[-111.7618,44.52961],[-111.80627,44.52208],[-111.80781,44.51149],[-111.82138,44.50906],[-111.84243,44.52584],[-111.84918,44.53961],[-111.8704,44.5638],[-111.88774,44.56318],[-111.90346,44.557],[-111.94783,44.55655],[-111.95141,44.54983],[-111.98072,44.53645],[-111.99512,44.53521],[-112.0326,44.54641],[-112.03683,44.53009],[-112.0689,44.53687],[-112.09319,44.52977],[-112.09619,44.52298],[-112.10665,44.5206],[-112.12499,44.5283],[-112.12897,44.53607],[-112.13635,44.53968],[-112.16449,44.54144],[-112.18383,44.53284],[-112.22159,44.54329],[-112.22937,44.54926],[-112.22673,44.55501],[-112.23001,44.56253],[-112.24268,44.56786],[-112.28608,44.56824],[-112.31279,44.55331],[-112.3149,44.54167],[-112.31909,44.53888],[-112.34869,44.53846],[-112.3541,44.53541],[-112.35881,44.52862],[-112.35649,44.4929],[-112.35882,44.48605],[-112.36866,44.46692],[-112.38728,44.44783],[-112.43523,44.46199],[-112.4731,44.4798],[-112.5002,44.46282],[-112.5116,44.46621],[-112.51193,44.47019],[-112.51876,44.47555],[-112.54188,44.48374],[-112.58409,44.48114],[-112.60175,44.49079],[-112.66438,44.48622],[-112.67106,44.49103],[-112.719,44.50411],[-112.7489,44.491],[-112.77603,44.48411],[-112.79692,44.46451],[-112.82808,44.44224],[-112.83593,44.42242],[-112.8125,44.39205],[-112.81313,44.37787],[-112.82038,44.37072],[-112.84475,44.35799],[-112.85529,44.35974],[-112.88166,44.38009],[-112.8847,44.39814],[-112.91768,44.40516],[-112.95144,44.41797],[-112.98157,44.43405],[-113.00343,44.45058],[-113.00674,44.47149],[-113.01853,44.48144],[-113.02604,44.49679],[-113.01694,44.50375],[-113.00672,44.51821],[-113.00709,44.52573],[-113.04224,44.54192],[-113.04599,44.55074],[-113.03841,44.55832],[-113.0374,44.56413],[-113.06096,44.5771],[-113.07025,44.5899],[-113.08237,44.59546],[-113.08371,44.60199],[-113.07365,44.6137],[-113.05666,44.61843],[-113.04924,44.62915],[-113.05139,44.63672],[-113.06548,44.64914],[-113.07047,44.67943],[-113.0818,44.69116],[-113.09795,44.69725],[-113.10203,44.7288],[-113.13471,44.75253],[-113.1376,44.75988],[-113.13128,44.76451],[-113.13134,44.77261],[-113.1581,44.78062],[-113.1637,44.77869],[-113.17926,44.78691],[-113.19425,44.80192],[-113.20951,44.80884],[-113.23862,44.81391],[-113.24706,44.82272],[-113.27827,44.81248],[-113.3014,44.79875],[-113.34159,44.78462],[-113.35393,44.79151],[-113.35465,44.79524],[-113.34599,44.80038],[-113.35595,44.81957],[-113.37695,44.83317],[-113.42219,44.84014],[-113.45706,44.87394],[-113.49864,44.94208],[-113.49434,44.94837],[-113.46736,44.94783],[-113.44885,44.95331],[-113.44367,44.95966],[-113.44678,44.99831],[-113.43762,45.00674],[-113.4498,45.03494],[-113.45186,45.05902],[-113.46047,45.06465],[-113.47885,45.06227],[-113.48881,45.07179],[-113.52029,45.0898],[-113.50597,45.10803],[-113.50976,45.11474],[-113.52873,45.11632],[-113.54939,45.11287],[-113.57456,45.12818],[-113.56939,45.14076],[-113.59452,45.1658],[-113.58978,45.17676],[-113.5994,45.19088],[-113.63678,45.21275],[-113.65692,45.24121],[-113.68484,45.25348],[-113.69193,45.26496],[-113.68797,45.27618],[-113.68925,45.28332],[-113.73862,45.32951],[-113.74009,45.34536],[-113.73298,45.38994],[-113.76081,45.40627],[-113.77415,45.40655],[-113.77693,45.4154],[-113.76422,45.42225],[-113.76448,45.43117],[-113.78405,45.45472],[-113.76014,45.48634],[-113.76691,45.5018],[-113.76788,45.51899],[-113.76981,45.52195],[-113.77825,45.52318],[-113.80274,45.52293],[-113.80903,45.51968],[-113.83445,45.5205],[-113.81976,45.5661],[-113.80147,45.58455],[-113.80662,45.60192],[-113.82296,45.61226],[-113.86129,45.62343],[-113.8859,45.61679],[-113.90458,45.62178],[-113.89709,45.64126],[-113.90048,45.64803],[-113.91109,45.65318],[-113.93143,45.67304],[-113.93836,45.69581],[-113.96079,45.68996],[-113.96987,45.69736],[-113.98655,45.70433],[-114.01552,45.6959],[-114.01921,45.69271],[-114.02042,45.68099],[-114.01996,45.6701],[-114.01368,45.65801],[-114.01486,45.65378],[-114.01862,45.64839],[-114.03335,45.6484],[-114.06751,45.62748],[-114.08168,45.6111],[-114.08199,45.59673],[-114.08647,45.59095],[-114.1002,45.58612],[-114.12221,45.58403],[-114.13136,45.57421],[-114.12899,45.56526],[-114.13514,45.55723],[-114.17993,45.5512],[-114.19269,45.53637],[-114.20356,45.53534],[-114.22783,45.54619],[-114.24801,45.54565],[-114.25173,45.53758],[-114.24807,45.533],[-114.24771,45.52405],[-114.26151,45.49559],[-114.27061,45.48589],[-114.33311,45.45909],[-114.34491,45.45969],[-114.36061,45.47389],[-114.36841,45.49249],[-114.38851,45.50267],[-114.41569,45.50952],[-114.43888,45.53585],[-114.45665,45.54375],[-114.46043,45.56105],[-114.47365,45.56305],[-114.49807,45.55524],[-114.52597,45.57054],[-114.5494,45.56036],[-114.55893,45.56548],[-114.55814,45.58487],[-114.53802,45.6066],[-114.5448,45.61644],[-114.55383,45.61907],[-114.5632,45.63138],[-114.56354,45.63718],[-114.53566,45.65038],[-114.52957,45.65209],[-114.52203,45.64911],[-114.50754,45.65872],[-114.49953,45.6688],[-114.49923,45.67938],[-114.50841,45.68353],[-114.50766,45.68978],[-114.49531,45.70309],[-114.50153,45.71559],[-114.51088,45.72499],[-114.52443,45.72718],[-114.54466,45.74216],[-114.54597,45.75632],[-114.56606,45.77363],[-114.55538,45.78602],[-114.54458,45.79122],[-114.52951,45.81927],[-114.5144,45.82713],[-114.51693,45.83292],[-114.51478,45.84079],[-114.50218,45.84829],[-114.47108,45.84988],[-114.44325,45.86179],[-114.40918,45.85306],[-114.40601,45.86483],[-114.38813,45.88211],[-114.38706,45.88893],[-114.39495,45.90123],[-114.40421,45.90327],[-114.41306,45.91125],[-114.43105,45.93551],[-114.42357,45.94387],[-114.4046,45.95567],[-114.4036,45.96682],[-114.41178,45.97765],[-114.43084,45.98684],[-114.44878,45.98794],[-114.4561,45.9949],[-114.46551,45.99637],[-114.47839,45.99253],[-114.48665,46.00036],[-114.48385,46.00817],[-114.4737,46.01638],[-114.48013,46.0301],[-114.49329,46.02794],[-114.50621,46.03061],[-114.50473,46.0401],[-114.46745,46.06616],[-114.46175,46.07834],[-114.45994,46.09687],[-114.47431,46.11228],[-114.49262,46.11559],[-114.52067,46.12744],[-114.52484,46.14203],[-114.51066,46.16614],[-114.48914,46.16745],[-114.47822,46.16065],[-114.46324,46.16783],[-114.45213,46.1686],[-114.44582,46.1737],[-114.44311,46.20271],[-114.44912,46.21655],[-114.44593,46.22099],[-114.4518,46.24102],[-114.46815,46.24857],[-114.47037,46.26709],[-114.46492,46.2729],[-114.45315,46.27071],[-114.44122,46.27357],[-114.4272,46.28339],[-114.42548,46.28767],[-114.43337,46.30527],[-114.41365,46.33572],[-114.41057,46.36044],[-114.42235,46.38687],[-114.4077,46.40101],[-114.38742,46.40987],[-114.38433,46.41519],[-114.38317,46.43159],[-114.37278,46.4359],[-114.37451,46.44318],[-114.38314,46.45053],[-114.37946,46.46009],[-114.38294,46.46617],[-114.39434,46.46932],[-114.39996,46.47695],[-114.40329,46.49818],[-114.40065,46.50192],[-114.38446,46.50491],[-114.37524,46.50162],[-114.35242,46.50749],[-114.34196,46.51945],[-114.3491,46.52928],[-114.34434,46.54083],[-114.34708,46.55062],[-114.33164,46.57168],[-114.33123,46.57755],[-114.34228,46.58856],[-114.32241,46.61084],[-114.32445,46.65335],[-114.33166,46.66054],[-114.35948,46.66885],[-114.39441,46.66462],[-114.4108,46.65724],[-114.42432,46.66042],[-114.45313,46.64904],[-114.45264,46.64156],[-114.46447,46.63373],[-114.48066,46.63203],[-114.49914,46.63923],[-114.51775,46.63979],[-114.54403,46.64761],[-114.56624,46.64194],[-114.5803,46.6346],[-114.59091,46.63352],[-114.61066,46.63756],[-114.61604,46.644],[-114.61157,46.64747],[-114.61461,46.65503],[-114.63578,46.65948],[-114.64144,46.67949],[-114.62354,46.69093],[-114.62212,46.70824],[-114.63383,46.71578],[-114.64665,46.73025],[-114.66161,46.73621],[-114.69576,46.7401],[-114.6989,46.73999],[-114.7161,46.71426],[-114.74056,46.71166],[-114.7501,46.69791],[-114.76601,46.69702],[-114.76929,46.70198],[-114.7849,46.71001],[-114.78746,46.71494],[-114.77988,46.72981],[-114.76707,46.7386],[-114.76535,46.75791],[-114.78254,46.76883],[-114.78899,46.77956],[-114.79622,46.77724],[-114.80796,46.78221],[-114.82961,46.78297],[-114.83665,46.79249],[-114.84468,46.79407],[-114.85997,46.80483],[-114.86478,46.81417],[-114.87924,46.81131],[-114.89059,46.80369],[-114.89799,46.80784],[-114.89547,46.81591],[-114.89957,46.8226],[-114.91527,46.82541],[-114.9268,46.83344],[-114.92834,46.84301],[-114.92426,46.84753],[-114.92996,46.8552],[-114.94826,46.86001],[-114.94457,46.86786],[-114.93294,46.87533],[-114.93095,46.88188],[-114.9367,46.89715],[-114.92784,46.90972],[-114.92183,46.9127],[-114.9244,46.91785],[-114.9606,46.93001],[-114.95932,46.9329],[-114.98643,46.95187],[-114.99944,46.96603],[-115.00127,46.9719],[-115.02839,46.97566],[-115.03197,46.97157],[-115.04786,46.96953],[-115.06586,47.00085],[-115.07504,47.02583],[-115.08804,47.04588],[-115.10436,47.04778],[-115.12854,47.067],[-115.14154,47.08687],[-115.14085,47.09622],[-115.14368,47.10104],[-115.17217,47.10715],[-115.18666,47.12976],[-115.20289,47.13976],[-115.22147,47.14875],[-115.24311,47.15073],[-115.2542,47.16204],[-115.25603,47.17315],[-115.26242,47.18169],[-115.30039,47.18791],[-115.30123,47.19279],[-115.292,47.20963],[-115.29878,47.2255],[-115.31183,47.23014],[-115.32443,47.24575],[-115.3193,47.2544],[-115.33915,47.26226],[-115.35922,47.25964],[-115.38427,47.26713],[-115.40734,47.26414],[-115.41913,47.27043],[-115.42063,47.27595],[-115.43099,47.27964],[-115.45293,47.27743],[-115.4687,47.28629],[-115.48038,47.28164],[-115.52875,47.30268],[-115.53978,47.32764],[-115.55047,47.33426],[-115.54891,47.34703],[-115.55621,47.35285],[-115.56555,47.35242],[-115.57643,47.35709],[-115.57699,47.3666],[-115.61714,47.38229],[-115.64241,47.37765],[-115.6573,47.40021],[-115.67366,47.4025],[-115.67533,47.4089],[-115.69829,47.41597],[-115.71308,47.41595],[-115.72107,47.42481],[-115.75922,47.42376],[-115.74756,47.44193],[-115.71809,47.4519],[-115.6819,47.45666],[-115.67323,47.45364],[-115.64901,47.45622],[-115.63935,47.4611],[-115.62949,47.47961],[-115.6346,47.48162],[-115.66002,47.47805],[-115.66729,47.48823],[-115.68543,47.4846],[-115.69331,47.50181],[-115.71079,47.51628],[-115.70988,47.52355],[-115.69592,47.52794],[-115.70589,47.5348],[-115.71681,47.53393],[-115.75238,47.54339],[-115.75514,47.55153],[-115.7307,47.56958],[-115.70504,47.58053],[-115.69284,47.59939],[-115.69444,47.62376],[-115.70793,47.63483],[-115.72986,47.64192],[-115.73616,47.65453],[-115.72277,47.69531],[-115.73065,47.7042],[-115.75882,47.719],[-115.77369,47.71771],[-115.78339,47.72908],[-115.78148,47.74391],[-115.79688,47.75646],[-115.80342,47.7583],[-115.82499,47.75237],[-115.83165,47.75556],[-115.84053,47.78021],[-115.84738,47.785],[-115.84603,47.81365],[-115.85176,47.82694],[-115.87104,47.83521],[-115.88141,47.84944],[-115.9014,47.8431],[-115.90846,47.85208],[-115.91597,47.85345],[-115.93922,47.88187],[-115.96301,47.89814],[-115.96504,47.9099],[-115.96897,47.91403],[-115.98312,47.91718],[-116.0072,47.94631],[-116.00748,47.95078],[-116.03039,47.97262],[-116.03851,47.97134],[-116.04911,47.97684],[-116.04905,48.48102]]]}},{"type":"Feature","id":31,"properties":{"code":"NE","name":"Nebraska"},"geometry":{"type":"Polygon","coordinates":[[[-104.05321,41.19995],[-104.05313,43.00059],[-101.84998,42.99933],[-101.62542,42.99624],[-100.47274,42.99929],[-98.49855,42.99856],[-98.49048,42.97795],[-98.46736,42.94756],[-98.44831,42.93643],[-98.44415,42.92924],[-98.42074,42.93192],[-98.34623,42.90275],[-98.32586,42.8865],[-98.28001,42.875],[-98.25181,42.87282],[-98.21983,42.85316],[-98.18976,42.84163],[-98.16752,42.83693],[-98.14693,42.83982],[-98.12749,42.82013],[-98.06739,42.78476],[-98.05662,42.77078],[-98.03503,42.7642],[-98.01305,42.7623],[-97.97759,42.76992],[-97.95015,42.76962],[-97.93672,42.77575],[-97.90898,42.79491],[-97.88856,42.81725],[-97.87585,42.84772],[-97.87534,42.85872],[-97.84527,42.86773],[-97.8285,42.8688],[-97.81708,42.86178],[-97.77446,42.84977],[-97.72045,42.84744],[-97.68651,42.84244],[-97.65785,42.84463],[-97.61181,42.85837],[-97.56193,42.84755],[-97.53187,42.8501],[-97.50485,42.85848],[-97.49149,42.85162],[-97.44228,42.84622],[-97.43195,42.85154],[-97.41707,42.86592],[-97.40832,42.86833],[-97.39397,42.86425],[-97.37669,42.86519],[-97.35957,42.85482],[-97.33616,42.8568],[-97.30668,42.8676],[-97.28986,42.8555],[-97.26795,42.85258],[-97.24856,42.85539],[-97.21882,42.84585],[-97.21827,42.82956],[-97.21013,42.8093],[-97.20043,42.80548],[-97.16698,42.80209],[-97.15076,42.79557],[-97.13133,42.77193],[-97.09613,42.76934],[-97.06559,42.77219],[-97.02485,42.76243],[-96.97912,42.76009],[-96.96888,42.75428],[-96.96123,42.74062],[-96.96583,42.7271],[-96.96158,42.71984],[-96.9489,42.71946],[-96.92416,42.73033],[-96.9068,42.7338],[-96.88684,42.72522],[-96.86044,42.7208],[-96.84342,42.71202],[-96.80622,42.70415],[-96.80048,42.69247],[-96.80218,42.67224],[-96.79324,42.66602],[-96.76406,42.66199],[-96.72802,42.66688],[-96.69127,42.6562],[-96.68708,42.65209],[-96.68779,42.64599],[-96.70949,42.62193],[-96.71155,42.61476],[-96.7093,42.60375],[-96.68137,42.57449],[-96.64359,42.5576],[-96.63533,42.54764],[-96.62818,42.51696],[-96.61149,42.50609],[-96.59112,42.50541],[-96.5679,42.51788],[-96.54879,42.52055],[-96.52875,42.51327],[-96.51589,42.49427],[-96.50132,42.48275],[-96.47557,42.48004],[-96.44551,42.49063],[-96.39611,42.4841],[-96.38601,42.47449],[-96.38131,42.46169],[-96.38071,42.44639],[-96.38761,42.43249],[-96.41361,42.40789],[-96.41498,42.39344],[-96.40844,42.37609],[-96.41709,42.36144],[-96.41779,42.35145],[-96.408,42.33741],[-96.38417,42.32587],[-96.37531,42.31834],[-96.36921,42.30834],[-96.36579,42.28587],[-96.35639,42.27648],[-96.336,42.26481],[-96.32891,42.25473],[-96.33,42.24022],[-96.32287,42.23364],[-96.32372,42.22989],[-96.33632,42.21892],[-96.35659,42.21518],[-96.35987,42.21055],[-96.34807,42.19475],[-96.35032,42.17744],[-96.34775,42.16681],[-96.33798,42.1572],[-96.31953,42.14665],[-96.31009,42.13252],[-96.2792,42.12348],[-96.2689,42.11359],[-96.26764,42.09618],[-96.27908,42.07403],[-96.27555,42.05198],[-96.26389,42.03986],[-96.25609,42.03808],[-96.23839,42.04109],[-96.22566,42.03522],[-96.2219,42.02956],[-96.22361,42.02265],[-96.23886,42.01232],[-96.24193,42.00697],[-96.24071,41.99935],[-96.22546,41.99473],[-96.21523,42.0067],[-96.19456,42.00866],[-96.18807,42.00632],[-96.18357,41.99999],[-96.19214,41.98446],[-96.18627,41.97742],[-96.15654,41.98014],[-96.14123,41.97806],[-96.1295,41.97167],[-96.13332,41.95573],[-96.14458,41.94154],[-96.13661,41.92717],[-96.13674,41.92083],[-96.14226,41.91538],[-96.1591,41.91006],[-96.16176,41.90182],[-96.14883,41.88813],[-96.14204,41.86886],[-96.11025,41.84885],[-96.10791,41.84034],[-96.11081,41.82817],[-96.10759,41.82068],[-96.09827,41.81421],[-96.07555,41.80781],[-96.06488,41.79623],[-96.06641,41.78891],[-96.07754,41.77782],[-96.07991,41.75789],[-96.10277,41.74634],[-96.10643,41.73789],[-96.10261,41.72802],[-96.07968,41.71796],[-96.07338,41.71067],[-96.07306,41.705],[-96.08243,41.69816],[-96.10512,41.69992],[-96.11197,41.69777],[-96.1214,41.68852],[-96.12098,41.67786],[-96.09984,41.66103],[-96.09505,41.64737],[-96.1007,41.63551],[-96.11623,41.62157],[-96.11756,41.61],[-96.10939,41.59687],[-96.08577,41.58575],[-96.08115,41.57729],[-96.08241,41.57123],[-96.09361,41.55827],[-96.09619,41.54719],[-96.09409,41.53927],[-96.08822,41.53059],[-96.07307,41.52505],[-96.05369,41.50886],[-96.0407,41.50708],[-96.03431,41.51285],[-96.02729,41.54108],[-96.01647,41.54608],[-96.00116,41.54115],[-95.99389,41.52341],[-95.99283,41.512],[-95.9979,41.50479],[-96.01922,41.4893],[-96.01176,41.47621],[-95.96233,41.46281],[-95.9368,41.46519],[-95.92571,41.45938],[-95.92028,41.45157],[-95.92183,41.44206],[-95.93317,41.42943],[-95.92972,41.41133],[-95.93749,41.3931],[-95.92879,41.3701],[-95.93549,41.3606],[-95.95489,41.3518],[-95.95669,41.3455],[-95.94689,41.3341],[-95.92569,41.3222],[-95.88869,41.3191],[-95.87469,41.3071],[-95.87149,41.2958],[-95.87289,41.2895],[-95.89015,41.27831],[-95.89907,41.28386],[-95.90589,41.3009],[-95.92749,41.2984],[-95.92869,41.2814],[-95.91089,41.234],[-95.92749,41.2022],[-95.92319,41.191],[-95.91459,41.1851],[-95.86479,41.1883],[-95.85019,41.1848],[-95.84129,41.175],[-95.84619,41.1667],[-95.87191,41.16812],[-95.88349,41.1549],[-95.88209,41.144],[-95.86589,41.1179],[-95.86259,41.0884],[-95.86546,41.08037],[-95.8781,41.06959],[-95.88241,41.06041],[-95.87949,41.0533],[-95.85965,41.03569],[-95.85992,41.0254],[-95.86949,41.0094],[-95.86729,41.0016],[-95.86012,40.99524],[-95.83891,40.98648],[-95.82907,40.97569],[-95.82983,40.96386],[-95.83795,40.95062],[-95.83974,40.93278],[-95.83644,40.92164],[-95.8143,40.90294],[-95.80947,40.89123],[-95.81593,40.87985],[-95.83873,40.87219],[-95.84779,40.86433],[-95.84708,40.85417],[-95.83719,40.83535],[-95.84534,40.81132],[-95.83416,40.78302],[-95.84282,40.77109],[-95.86998,40.75964],[-95.88364,40.74783],[-95.8887,40.73629],[-95.88535,40.72109],[-95.85262,40.70226],[-95.8428,40.6775],[-95.82291,40.66724],[-95.80431,40.66489],[-95.78657,40.65725],[-95.77283,40.6425],[-95.76893,40.62126],[-95.74968,40.60684],[-95.74886,40.59996],[-95.75315,40.59284],[-95.76853,40.5833],[-95.7747,40.57357],[-95.76383,40.55387],[-95.76928,40.53666],[-95.76286,40.52837],[-95.73725,40.52393],[-95.72521,40.52777],[-95.71429,40.52721],[-95.70859,40.52155],[-95.69721,40.52848],[-95.69505,40.53312],[-95.69728,40.53699],[-95.69415,40.55694],[-95.67872,40.56256],[-95.67175,40.56263],[-95.6621,40.54996],[-95.65585,40.54661],[-95.65226,40.53811],[-95.65567,40.52356],[-95.66169,40.51731],[-95.69997,40.50527],[-95.69473,40.4936],[-95.69676,40.47885],[-95.69465,40.47145],[-95.67174,40.4567],[-95.65819,40.44188],[-95.65563,40.43474],[-95.66146,40.41595],[-95.65913,40.40869],[-95.64393,40.38685],[-95.64103,40.3664],[-95.62373,40.34657],[-95.6252,40.33429],[-95.65373,40.32258],[-95.65733,40.31086],[-95.64533,40.30569],[-95.61044,40.31397],[-95.58179,40.29958],[-95.56216,40.29736],[-95.55162,40.28867],[-95.55149,40.28106],[-95.55627,40.27076],[-95.55247,40.2619],[-95.52192,40.24947],[-95.49033,40.24897],[-95.4775,40.24272],[-95.46972,40.22791],[-95.47139,40.21733],[-95.48232,40.20067],[-95.47919,40.18565],[-95.46075,40.16917],[-95.43635,40.15872],[-95.42875,40.13558],[-95.39867,40.12642],[-95.39335,40.11921],[-95.39422,40.10826],[-95.40759,40.09803],[-95.41064,40.09153],[-95.40986,40.07432],[-95.42164,40.05895],[-95.41359,40.03842],[-95.39153,40.02706],[-95.36398,40.0315],[-95.34878,40.0293],[-95.33624,40.0191],[-95.31527,40.01207],[-95.30829,40.0],[-102.05174,40.00308],[-102.05161,41.00238],[-104.05325,41.00141],[-104.05321,41.19995]]]}},{"type":"Feature","id":32,"properties":{"code":"NV","name":"Nevada"},"geometry":{"type":"Polygon","coordinates":[[[-120.00574,39.22866],[-119.99618,40.26246],[-119.99936,40.8731],[-119.99917,41.99484],[-119.79009,41.99754],[-118.69641,41.99179],[-118.501,41.99545],[-117.1978,42.00038],[-116.36848,41.99628],[-115.98688,41.99853],[-115.03178,41.99601],[-114.83108,42.00221],[-114.59827,41.99451],[-114.04172,41.99372],[-114.04023,41.49169],[-114.04618,40.39831],[-114.05048,38.49995],[-114.04847,37.80986],[-114.05296,37.59278],[-114.05056,36.65626],[-114.04583,36.44297],[-114.04851,36.2896],[-114.04684,36.19407],[-114.0603,36.18936],[-114.06803,36.18066],[-114.09987,36.12165],[-114.11101,36.11988],[-114.12314,36.11158],[-114.12322,36.10475],[-114.11453,36.09522],[-114.1369,36.05947],[-114.1382,36.04128],[-114.15413,36.02386],[-114.17682,36.02765],[-114.21369,36.01561],[-114.23329,36.01429],[-114.25265,36.02019],[-114.26672,36.02924],[-114.2802,36.04636],[-114.31556,36.05949],[-114.31421,36.06662],[-114.30574,36.07488],[-114.30843,36.08244],[-114.32878,36.1055],[-114.33727,36.10802],[-114.36311,36.13025],[-114.37211,36.14311],[-114.40547,36.14737],[-114.41695,36.14576],[-114.42717,36.13631],[-114.44661,36.12597],[-114.45837,36.13859],[-114.46364,36.1397],[-114.48703,36.1294],[-114.50217,36.1288],[-114.50577,36.13144],[-114.50463,36.14563],[-114.51172,36.15096],[-114.57203,36.15161],[-114.59721,36.1421],[-114.61669,36.1301],[-114.63172,36.14231],[-114.66654,36.11734],[-114.73616,36.10437],[-114.75562,36.08717],[-114.7541,36.07944],[-114.74334,36.07053],[-114.73625,36.05847],[-114.74062,36.04102],[-114.72971,36.02817],[-114.73116,36.02186],[-114.74278,36.00996],[-114.74376,35.9851],[-114.74059,35.97566],[-114.72994,35.96218],[-114.72832,35.95629],[-114.73116,35.94392],[-114.70753,35.92806],[-114.70852,35.91231],[-114.70027,35.90177],[-114.66719,35.87479],[-114.66969,35.86508],[-114.68201,35.86328],[-114.69777,35.85484],[-114.69985,35.84328],[-114.69571,35.8306],[-114.70371,35.81459],[-114.71211,35.80618],[-114.69891,35.79019],[-114.70141,35.76909],[-114.69571,35.75599],[-114.69731,35.73369],[-114.70541,35.70829],[-114.70121,35.70119],[-114.68061,35.68549],[-114.69001,35.66469],[-114.68941,35.65141],[-114.67711,35.64149],[-114.65341,35.61079],[-114.65431,35.59759],[-114.66618,35.57758],[-114.662,35.54549],[-114.6569,35.53439],[-114.66311,35.52449],[-114.67721,35.51349],[-114.67764,35.48974],[-114.66638,35.46686],[-114.66213,35.44424],[-114.65201,35.42916],[-114.62714,35.4095],[-114.60431,35.35358],[-114.59593,35.32523],[-114.5975,35.29695],[-114.58713,35.26238],[-114.57996,35.20964],[-114.57212,35.20059],[-114.56924,35.18348],[-114.57275,35.13873],[-114.57852,35.12875],[-114.59912,35.12105],[-114.61991,35.12163],[-114.62993,35.11827],[-114.64676,35.10187],[-114.64283,35.0965],[-114.61313,35.0831],[-114.60474,35.07483],[-114.60291,35.06859],[-114.60669,35.05894],[-114.62712,35.04472],[-114.63689,35.02837],[-114.63667,35.00881],[-114.63349,35.00186],[-115.10288,35.37937],[-115.85291,35.96966],[-116.54198,36.49995],[-117.00089,36.84769],[-117.50012,37.22038],[-117.87593,37.49727],[-118.71431,38.10218],[-119.33342,38.53833],[-120.00101,38.99957],[-120.00574,39.22866]]]}},{"type":"Feature","id":33,"properties":{"code":"NH","name":"New Hampshire"},"geometry":{"type":"Polygon","coordinates":[[[-72.55627,42.85529],[-72.55283,42.88497],[-72.54071,42.88938],[-72.53278,42.89608],[-72.53022,42.91158],[-72.52443,42.91557],[-72.52743,42.94315],[-72.53455,42.94989],[-72.53219,42.95495],[-72.51842,42.96317],[-72.4926,42.96765],[-72.48171,42.97398],[-72.47383,42.97205],[-72.46163,42.98291],[-72.46533,42.98956],[-72.46294,42.99694],[-72.45694,43.00131],[-72.44871,43.00117],[-72.44376,43.00624],[-72.44464,43.01057],[-72.45704,43.01729],[-72.4624,43.02556],[-72.46025,43.04067],[-72.46736,43.05265],[-72.43619,43.08173],[-72.43519,43.08662],[-72.44305,43.10084],[-72.43313,43.11264],[-72.43297,43.11966],[-72.44293,43.13019],[-72.44091,43.13579],[-72.45199,43.13892],[-72.45714,43.14849],[-72.4518,43.15349],[-72.45256,43.17212],[-72.4434,43.17973],[-72.45028,43.19248],[-72.43772,43.20275],[-72.4405,43.21905],[-72.43368,43.23343],[-72.43894,43.24424],[-72.43869,43.2529],[-72.43522,43.25848],[-72.42158,43.26344],[-72.41545,43.27137],[-72.39546,43.31299],[-72.41035,43.33167],[-72.3901,43.35693],[-72.40395,43.3581],[-72.41338,43.36274],[-72.41598,43.37653],[-72.41315,43.3843],[-72.40381,43.39193],[-72.39566,43.43854],[-72.39057,43.45123],[-72.3925,43.46736],[-72.38172,43.48009],[-72.38089,43.49339],[-72.39856,43.51344],[-72.39422,43.5274],[-72.3891,43.52827],[-72.38038,43.54088],[-72.38278,43.56246],[-72.37944,43.57407],[-72.32851,43.60081],[-72.32823,43.60684],[-72.3327,43.61031],[-72.3344,43.61925],[-72.32724,43.63053],[-72.32913,43.63556],[-72.31408,43.64281],[-72.31402,43.65616],[-72.30432,43.66951],[-72.30533,43.69577],[-72.29972,43.70656],[-72.27118,43.73414],[-72.26425,43.73416],[-72.23271,43.74829],[-72.2181,43.76573],[-72.20476,43.77126],[-72.2053,43.78447],[-72.19555,43.79149],[-72.18333,43.80818],[-72.18857,43.82115],[-72.1822,43.83403],[-72.18286,43.84511],[-72.18792,43.85613],[-72.18479,43.86339],[-72.16748,43.86915],[-72.17358,43.87967],[-72.1706,43.88639],[-72.16082,43.88722],[-72.15132,43.9017],[-72.121,43.91896],[-72.11677,43.93392],[-72.1187,43.94536],[-72.10587,43.94937],[-72.09869,43.95766],[-72.11473,43.96833],[-72.11176,43.98494],[-72.11698,43.99448],[-72.10376,44.00284],[-72.10529,44.01266],[-72.0989,44.01548],[-72.09406,44.02318],[-72.08526,44.02447],[-72.07565,44.03165],[-72.07899,44.04289],[-72.06271,44.05162],[-72.04857,44.07136],[-72.0425,44.07464],[-72.03978,44.08127],[-72.0473,44.08538],[-72.04768,44.08887],[-72.03629,44.08924],[-72.03188,44.09336],[-72.03298,44.10166],[-72.05483,44.11014],[-72.05234,44.11989],[-72.04195,44.12565],[-72.03751,44.12471],[-72.0337,44.13154],[-72.04198,44.13717],[-72.04287,44.15129],[-72.04017,44.15702],[-72.05302,44.1679],[-72.0575,44.17944],[-72.06617,44.18977],[-72.05323,44.21688],[-72.05358,44.22604],[-72.04789,44.23849],[-72.06777,44.27098],[-72.06543,44.27723],[-72.05335,44.2905],[-72.0463,44.29198],[-72.03347,44.30188],[-72.03314,44.32037],[-72.00998,44.32195],[-71.98831,44.32977],[-71.98112,44.3375],[-71.93539,44.33577],[-71.91743,44.34654],[-71.90691,44.34828],[-71.87247,44.33663],[-71.81435,44.35454],[-71.81221,44.35736],[-71.81616,44.36756],[-71.81224,44.37149],[-71.81577,44.37546],[-71.81439,44.38193],[-71.80032,44.38428],[-71.80349,44.39189],[-71.79392,44.39927],[-71.77861,44.3998],[-71.76197,44.40703],[-71.7431,44.40166],[-71.73592,44.41006],[-71.71509,44.41049],[-71.69943,44.41607],[-71.67995,44.42791],[-71.67926,44.43502],[-71.66183,44.44029],[-71.65335,44.4605],[-71.64507,44.46055],[-71.6404,44.46419],[-71.64786,44.46998],[-71.64589,44.47514],[-71.6328,44.48389],[-71.59948,44.48645],[-71.5915,44.49965],[-71.57764,44.50269],[-71.59426,44.52168],[-71.5825,44.5244],[-71.57308,44.53798],[-71.5968,44.55342],[-71.59614,44.5609],[-71.59017,44.56569],[-71.55985,44.56412],[-71.5532,44.58068],[-71.54492,44.57928],[-71.53625,44.58844],[-71.55345,44.59345],[-71.55656,44.61699],[-71.55576,44.62412],[-71.55172,44.6276],[-71.56264,44.63727],[-71.55857,44.64437],[-71.56614,44.65386],[-71.57515,44.65061],[-71.57601,44.65569],[-71.58658,44.65948],[-71.58564,44.66928],[-71.58198,44.67353],[-71.5963,44.67908],[-71.59422,44.68382],[-71.60077,44.6999],[-71.59975,44.70532],[-71.61835,44.72261],[-71.61766,44.72892],[-71.62492,44.72903],[-71.62518,44.74398],[-71.63188,44.75246],[-71.61794,44.75588],[-71.61177,44.76434],[-71.59604,44.77542],[-71.59695,44.77899],[-71.59297,44.78278],[-71.58,44.78548],[-71.57325,44.79188],[-71.56922,44.80881],[-71.5755,44.81606],[-71.56791,44.82383],[-71.56226,44.82463],[-71.55767,44.83442],[-71.55222,44.83778],[-71.5568,44.84881],[-71.54834,44.85553],[-71.54953,44.86259],[-71.52915,44.87356],[-71.52834,44.87782],[-71.51229,44.89025],[-71.51387,44.89465],[-71.50109,44.90443],[-71.49584,44.90498],[-71.4944,44.91184],[-71.51519,44.92732],[-71.51622,44.96457],[-71.52237,44.96631],[-71.5316,44.97602],[-71.53859,44.98818],[-71.53698,44.99418],[-71.52502,45.00188],[-71.49741,45.00388],[-71.48757,45.00094],[-71.47961,45.0029],[-71.46504,45.01364],[-71.50109,45.01338],[-71.49994,45.02632],[-71.49108,45.04367],[-71.50087,45.04511],[-71.50509,45.05147],[-71.49774,45.05475],[-71.49792,45.07059],[-71.48914,45.07231],[-71.48077,45.08356],[-71.46745,45.08685],[-71.46484,45.09302],[-71.44926,45.10452],[-71.44561,45.11337],[-71.42883,45.12388],[-71.42675,45.12967],[-71.43722,45.14233],[-71.42675,45.15326],[-71.42462,45.16587],[-71.41906,45.17049],[-71.41485,45.18491],[-71.40878,45.18797],[-71.40564,45.19814],[-71.39781,45.20355],[-71.40327,45.21535],[-71.41555,45.218],[-71.42137,45.22404],[-71.44388,45.23546],[-71.44337,45.23772],[-71.41713,45.23557],[-71.40264,45.24259],[-71.39442,45.24122],[-71.38492,45.23335],[-71.37669,45.24491],[-71.36301,45.2482],[-71.35725,45.25334],[-71.36322,45.26643],[-71.36066,45.26984],[-71.35345,45.2687],[-71.33639,45.27307],[-71.33173,45.27997],[-71.30901,45.28724],[-71.30111,45.29656],[-71.2844,45.30243],[-71.28074,45.29519],[-71.27232,45.29669],[-71.26494,45.29345],[-71.26675,45.29123],[-71.26214,45.2761],[-71.2445,45.26814],[-71.23536,45.26035],[-71.23112,45.24971],[-71.22199,45.25354],[-71.2118,45.25046],[-71.19828,45.25426],[-71.18379,45.24493],[-71.1809,45.23986],[-71.16285,45.25033],[-71.14817,45.24241],[-71.13943,45.24296],[-71.13195,45.24542],[-71.11633,45.27232],[-71.10734,45.27861],[-71.10569,45.2825],[-71.11074,45.28458],[-71.10515,45.29463],[-71.09777,45.30191],[-71.08392,45.30545],[-71.07691,45.24691],[-71.03104,44.65546],[-71.00874,44.25883],[-70.98907,43.79244],[-70.97272,43.57026],[-70.95723,43.56136],[-70.95084,43.55103],[-70.95525,43.54089],[-70.96218,43.54103],[-70.96353,43.53676],[-70.95407,43.52261],[-70.95686,43.51272],[-70.95476,43.5098],[-70.96957,43.4862],[-70.96797,43.48078],[-70.97424,43.47742],[-70.96143,43.4697],[-70.9669,43.45046],[-70.96115,43.43832],[-70.96878,43.43489],[-70.97104,43.42561],[-70.98681,43.41426],[-70.98668,43.40354],[-70.98256,43.39778],[-70.98765,43.38952],[-70.98434,43.37613],[-70.97641,43.36727],[-70.96723,43.34378],[-70.95303,43.33326],[-70.93273,43.33676],[-70.93078,43.32957],[-70.912,43.31982],[-70.91246,43.30829],[-70.90231,43.30487],[-70.90039,43.30136],[-70.9074,43.29358],[-70.906,43.29168],[-70.8865,43.28278],[-70.8828,43.27318],[-70.86323,43.26511],[-70.85821,43.25629],[-70.8433,43.25432],[-70.83921,43.25122],[-70.84127,43.24865],[-70.83868,43.24293],[-70.81786,43.23791],[-70.81545,43.22902],[-70.80967,43.22456],[-70.8169,43.2146],[-70.82076,43.19978],[-70.81934,43.19304],[-70.8283,43.18668],[-70.8235,43.17459],[-70.8283,43.16898],[-70.8338,43.14689],[-70.8281,43.12909],[-70.7791,43.09589],[-70.7664,43.09269],[-70.7564,43.07999],[-70.7419,43.07739],[-70.7379,43.07349],[-70.706,43.07309],[-70.7038,43.05957],[-70.71363,43.05601],[-70.71355,43.04208],[-70.71894,43.03235],[-70.73043,43.02539],[-70.73436,43.01331],[-70.74379,43.00803],[-70.74997,42.99169],[-70.7567,42.99134],[-70.76147,42.98668],[-70.76522,42.97535],[-70.7718,42.96806],[-70.76967,42.96442],[-70.77173,42.96132],[-70.78038,42.9558],[-70.794,42.93989],[-70.79815,42.92093],[-70.80597,42.91655],[-70.81007,42.90955],[-70.811,42.89238],[-70.81586,42.88625],[-70.8173,42.87229],[-70.84862,42.86094],[-70.88614,42.88261],[-70.9149,42.88659],[-70.9308,42.88459],[-70.9665,42.86899],[-71.0312,42.85909],[-71.0475,42.84409],[-71.0642,42.80629],[-71.1325,42.82139],[-71.1656,42.80869],[-71.1861,42.79069],[-71.1818,42.73759],[-71.2239,42.74669],[-71.2455,42.74259],[-71.2679,42.72589],[-71.29421,42.69699],[-72.45852,42.72685],[-72.47307,42.74592],[-72.47762,42.76125],[-72.49112,42.77246],[-72.49795,42.77292],[-72.50069,42.76766],[-72.50799,42.76441],[-72.51608,42.76595],[-72.51484,42.77144],[-72.50837,42.77461],[-72.50886,42.77992],[-72.51584,42.78856],[-72.54278,42.80848],[-72.54855,42.84202],[-72.55627,42.85529]]]}},{"type":"Feature","id":34,"properties":{"code":"NJ","name":"New Jersey"},"geometry":{"type":"Polygon","coordinates":[[[-75.55827,39.62989],[-75.54247,39.64466],[-75.526,39.65469],[-75.51834,39.66391],[-75.51003,39.67921],[-75.50716,39.69696],[-75.49624,39.70141],[-75.48855,39.71483],[-75.47764,39.71501],[-75.47417,39.73547],[-75.46334,39.76121],[-75.45234,39.76901],[-75.45069,39.77506],[-75.4383,39.7844],[-75.40541,39.7964],[-75.41506,39.80192],[-75.3544,39.83992],[-75.33043,39.84901],[-75.27116,39.84944],[-75.24343,39.8546],[-75.21043,39.86591],[-75.18932,39.88071],[-75.14542,39.88421],[-75.13082,39.90021],[-75.12792,39.91181],[-75.13612,39.93391],[-75.13352,39.95441],[-75.12692,39.96111],[-75.10812,39.97031],[-75.07202,39.98061],[-75.04702,40.00891],[-75.01112,40.02131],[-74.97471,40.04871],[-74.94441,40.06321],[-74.92531,40.07071],[-74.90901,40.07021],[-74.86091,40.08371],[-74.85441,40.09311],[-74.83511,40.10391],[-74.82841,40.12031],[-74.82231,40.12671],[-74.78211,40.12081],[-74.75888,40.13404],[-74.74061,40.13521],[-74.7226,40.15001],[-74.7223,40.16061],[-74.73721,40.17761],[-74.75431,40.18521],[-74.77136,40.2154],[-74.84231,40.25051],[-74.86821,40.29521],[-74.89161,40.31301],[-74.90831,40.31691],[-74.93971,40.33801],[-74.94378,40.34256],[-74.94872,40.36477],[-74.96551,40.39734],[-74.99638,40.41053],[-75.02832,40.40388],[-75.05885,40.41806],[-75.07057,40.45517],[-75.06778,40.47283],[-75.06194,40.48636],[-75.06861,40.54222],[-75.10032,40.56781],[-75.11729,40.57321],[-75.14191,40.57527],[-75.16287,40.5641],[-75.18315,40.56735],[-75.19405,40.57626],[-75.19466,40.58194],[-75.19015,40.59036],[-75.19229,40.60268],[-75.20181,40.61719],[-75.19069,40.61996],[-75.18858,40.62463],[-75.19148,40.63663],[-75.20045,40.64922],[-75.19085,40.66194],[-75.18276,40.66597],[-75.1768,40.67571],[-75.18056,40.67936],[-75.19692,40.6813],[-75.20392,40.6915],[-75.19442,40.71402],[-75.18208,40.73152],[-75.19535,40.74547],[-75.19653,40.75163],[-75.17904,40.7619],[-75.17159,40.77775],[-75.1344,40.77376],[-75.12309,40.78675],[-75.1085,40.79109],[-75.1008,40.7998],[-75.10028,40.80758],[-75.08393,40.82447],[-75.08552,40.83008],[-75.09701,40.83934],[-75.09578,40.84708],[-75.07668,40.84987],[-75.06601,40.84759],[-75.06325,40.85019],[-75.06432,40.8541],[-75.05131,40.8647],[-75.05366,40.87366],[-75.07596,40.89569],[-75.07928,40.91389],[-75.09553,40.92415],[-75.11776,40.95302],[-75.12044,40.9683],[-75.13378,40.97097],[-75.13552,40.97686],[-75.13057,40.99109],[-75.09556,41.00887],[-75.08979,41.01455],[-75.07053,41.01862],[-75.02578,41.03981],[-75.0257,41.04648],[-75.01113,41.06752],[-75.00638,41.06755],[-74.99485,41.07656],[-74.98259,41.07917],[-74.96839,41.0878],[-74.96676,41.09343],[-74.96943,41.09607],[-74.98478,41.08855],[-74.99101,41.08858],[-74.99172,41.09228],[-74.97987,41.11042],[-74.96429,41.11424],[-74.94791,41.12356],[-74.94507,41.12905],[-74.92317,41.13815],[-74.90526,41.15567],[-74.8997,41.16618],[-74.88214,41.18084],[-74.85963,41.21908],[-74.86741,41.22777],[-74.85715,41.24898],[-74.84693,41.25332],[-74.84632,41.26308],[-74.83006,41.2872],[-74.79256,41.31063],[-74.79504,41.32041],[-74.77159,41.32508],[-74.75324,41.34612],[-74.72092,41.34738],[-74.69491,41.35742],[-74.45758,41.24822],[-74.30199,41.17259],[-73.90501,40.99759],[-73.89398,40.9972],[-73.89648,40.9817],[-73.92901,40.88958],[-73.95398,40.848],[-73.96318,40.8269],[-74.01378,40.7566],[-74.02454,40.70944],[-74.04086,40.70012],[-74.04729,40.6905],[-74.06703,40.69107],[-74.0716,40.67365],[-74.06412,40.66976],[-74.07152,40.66047],[-74.08018,40.66304],[-74.08681,40.6516],[-74.09375,40.64824],[-74.14325,40.64215],[-74.18139,40.64648],[-74.18834,40.64426],[-74.20225,40.6309],[-74.20381,40.60596],[-74.19952,40.59754],[-74.2063,40.58854],[-74.21528,40.56024],[-74.2184,40.557],[-74.23169,40.55846],[-74.24742,40.5492],[-74.25061,40.54185],[-74.24607,40.52095],[-74.25481,40.51534],[-74.25909,40.50228],[-74.27083,40.48922],[-74.26189,40.46471],[-74.20979,40.44741],[-74.20213,40.43894],[-74.19391,40.441],[-74.1808,40.4577],[-74.15808,40.44707],[-74.1427,40.4505],[-74.13629,40.45575],[-74.11351,40.44445],[-74.0889,40.43832],[-74.05898,40.42271],[-74.00638,40.41111],[-73.9985,40.41091],[-73.99168,40.44291],[-74.00367,40.44849],[-74.00536,40.45962],[-74.01933,40.47124],[-74.01838,40.47793],[-73.99794,40.47667],[-73.98286,40.44857],[-73.98226,40.42078],[-73.97698,40.40851],[-73.97138,40.37171],[-73.97744,40.29937],[-73.99329,40.23767],[-74.03018,40.12281],[-74.03408,40.10312],[-74.03132,40.10054],[-74.03942,40.08144],[-74.06413,39.97916],[-74.07725,39.91099],[-74.09691,39.76303],[-74.11365,39.74072],[-74.14173,39.68944],[-74.24051,39.55491],[-74.28478,39.51405],[-74.32615,39.50814],[-74.32898,39.5025],[-74.31943,39.49303],[-74.313,39.47424],[-74.32704,39.45551],[-74.32589,39.44612],[-74.3348,39.432],[-74.36699,39.40202],[-74.40669,39.37752],[-74.40824,39.36507],[-74.41269,39.36082],[-74.45989,39.34502],[-74.5218,39.31382],[-74.55115,39.29354],[-74.56096,39.27868],[-74.58101,39.27082],[-74.61448,39.24466],[-74.6466,39.212],[-74.65144,39.19858],[-74.67143,39.1798],[-74.71434,39.1198],[-74.71413,39.11463],[-74.70441,39.10786],[-74.70588,39.10294],[-74.73832,39.07473],[-74.77003,39.03285],[-74.7931,39.02876],[-74.79511,39.02299],[-74.78772,39.00001],[-74.81935,38.9794],[-74.86446,38.94041],[-74.8705,38.94354],[-74.88231,38.94176],[-74.92041,38.92914],[-74.96727,38.93341],[-74.972,38.94037],[-74.95536,39.00126],[-74.93832,39.03518],[-74.89778,39.09881],[-74.88591,39.14363],[-74.88717,39.15883],[-74.90518,39.17495],[-74.96238,39.19024],[-75.02618,39.19362],[-75.02344,39.20479],[-75.02638,39.2132],[-75.03755,39.22167],[-75.04849,39.21522],[-75.09079,39.2108],[-75.111,39.21246],[-75.12407,39.19957],[-75.12707,39.18977],[-75.13667,39.18188],[-75.1514,39.19],[-75.16835,39.20255],[-75.16397,39.21132],[-75.17751,39.24275],[-75.19186,39.2457],[-75.20586,39.26262],[-75.24164,39.2741],[-75.25181,39.29991],[-75.27163,39.30404],[-75.28262,39.29906],[-75.2889,39.28956],[-75.3152,39.31059],[-75.32675,39.33247],[-75.32746,39.33927],[-75.33374,39.34533],[-75.34197,39.3487],[-75.35556,39.34782],[-75.36502,39.34139],[-75.39003,39.35826],[-75.3993,39.37949],[-75.4318,39.39162],[-75.44239,39.40229],[-75.46521,39.43893],[-75.48357,39.44082],[-75.50567,39.45293],[-75.50838,39.45913],[-75.53643,39.46056],[-75.54289,39.47045],[-75.54437,39.4796],[-75.54269,39.49657],[-75.52714,39.50011],[-75.53014,39.50537],[-75.52679,39.53144],[-75.53401,39.5407],[-75.51476,39.56261],[-75.51193,39.56762],[-75.51273,39.578],[-75.5535,39.602],[-75.55829,39.61767],[-75.55827,39.62989]]]}},{"type":"Feature","id":35,"properties":{"code":"NM","name":"New Mexico"},"geometry":{"type":"Polygon","coordinates":[[[-109.05017,31.48],[-109.04522,36.99908],[-106.87729,37.00014],[-106.8698,36.99243],[-105.44725,36.99602],[-105.02923,36.99273],[-103.0022,37.0001],[-103.00243,36.5004],[-103.04192,36.50044],[-103.04353,34.01801],[-103.06463,32.9999],[-103.06442,32.00052],[-106.12553,32.00253],[-106.61849,32.0005],[-106.61945,31.99473],[-106.63118,31.98981],[-106.63953,31.98035],[-106.63011,31.97126],[-106.62319,31.97292],[-106.61937,31.96478],[-106.62136,31.95741],[-106.61437,31.95275],[-106.62241,31.941],[-106.62397,31.931],[-106.61206,31.91866],[-106.63367,31.90979],[-106.64548,31.89867],[-106.6453,31.89486],[-106.6292,31.88372],[-106.63593,31.86623],[-106.61464,31.84649],[-106.60205,31.8444],[-106.60527,31.82791],[-106.60273,31.82502],[-106.58904,31.82271],[-106.57724,31.81041],[-106.56684,31.81331],[-106.54714,31.8073],[-106.53584,31.79861],[-106.533,31.79183],[-106.52794,31.79051],[-106.52824,31.78315],[-108.20839,31.7836],[-108.20857,31.33339],[-109.05004,31.3325],[-109.05017,31.48]]]}},{"type":"Feature","id":36,"properties":{"code":"NY","name":"New York"},"geometry":{"type":"MultiPolygon","coordinates":[[[[-72.03799,41.25351],[-72.01893,41.27411],[-72.00091,41.27051],[-71.99112,41.28133],[-71.93307,41.29239],[-71.92519,41.28733],[-71.93275,41.27955],[-71.96317,41.27197],[-72.00246,41.25287],[-72.0349,41.24886],[-72.03799,41.25351]]],[[[-72.14293,41.09781],[-72.12835,41.10813],[-72.1267,41.11514],[-72.08421,41.10152],[-72.07793,41.09571],[-72.08374,41.06006],[-72.09961,41.05425],[-72.09954,41.07522],[-72.10556,41.08586],[-72.12056,41.09317],[-72.13923,41.09245],[-72.14293,41.09781]]],[[[-72.21412,41.18282],[-72.18916,41.19355],[-72.15827,41.19713],[-72.16103,41.18867],[-72.18203,41.17835],[-72.18797,41.1694],[-72.19986,41.16045],[-72.2165,41.17029],[-72.21412,41.18282]]],[[[-74.25901,40.50287],[-74.25481,40.51534],[-74.24607,40.52095],[-74.25061,40.54185],[-74.24742,40.5492],[-74.23169,40.55846],[-74.2184,40.557],[-74.21528,40.56024],[-74.2063,40.58854],[-74.19952,40.59754],[-74.20381,40.60596],[-74.20225,40.6309],[-74.18834,40.64426],[-74.18139,40.64648],[-74.14325,40.64215],[-74.09375,40.64824],[-74.08681,40.6516],[-74.07588,40.6481],[-74.0697,40.64122],[-74.0676,40.62387],[-74.05312,40.60368],[-74.06231,40.59023],[-74.11258,40.5476],[-74.13724,40.53008],[-74.14443,40.53516],[-74.17038,40.5228],[-74.21047,40.50945],[-74.21979,40.5026],[-74.24669,40.4961],[-74.25901,40.50287]]],[[[-76.3466,43.89457],[-76.31184,43.91804],[-76.3013,43.91775],[-76.29959,43.90991],[-76.32763,43.88178],[-76.34233,43.87811],[-76.35162,43.88216],[-76.3466,43.89457]]],[[[-76.44501,43.8969],[-76.40089,43.92304],[-76.38593,43.91965],[-76.3886,43.90813],[-76.43496,43.88654],[-76.44508,43.88785],[-76.44501,43.8969]]],[[[-79.76215,42.24305],[-79.76195,42.26986],[-79.71783,42.28471],[-79.64536,42.31563],[-79.54626,42.36342],[-79.47479,42.40429],[-79.45353,42.41116],[-79.42912,42.42838],[-79.40546,42.45328],[-79.38194,42.46649],[-79.35199,42.48892],[-79.33148,42.48908],[-79.31774,42.49988],[-79.28336,42.51123],[-79.26462,42.52316],[-79.24289,42.53176],[-79.19323,42.54588],[-79.14872,42.55367],[-79.13857,42.56446],[-79.12963,42.58982],[-79.12192,42.59423],[-79.11136,42.61336],[-79.07876,42.64006],[-79.06376,42.64476],[-79.06226,42.66836],[-79.04886,42.68916],[-79.01886,42.70156],[-78.99116,42.70536],[-78.94416,42.73196],[-78.91816,42.73726],[-78.86856,42.77026],[-78.85345,42.78396],[-78.85135,42.79176],[-78.85936,42.80066],[-78.86366,42.81306],[-78.86566,42.82676],[-78.85946,42.84136],[-78.86559,42.85236],[-78.87223,42.85331],[-78.89166,42.88484],[-78.91246,42.88656],[-78.90576,42.89996],[-78.90566,42.92336],[-78.91886,42.94686],[-78.93236,42.95586],[-78.96176,42.95776],[-78.97506,42.96876],[-79.01156,42.98526],[-79.01996,42.99476],[-79.02092,43.01429],[-79.00516,43.04706],[-79.00545,43.05723],[-79.01053,43.06439],[-79.07447,43.07785],[-79.07468,43.08314],[-79.06475,43.0932],[-79.06028,43.10509],[-79.06252,43.12018],[-79.04407,43.13806],[-79.04237,43.14366],[-79.04657,43.16235],[-79.05307,43.17365],[-79.05074,43.19742],[-79.05587,43.23855],[-79.07047,43.26245],[-78.97187,43.28125],[-78.83626,43.31846],[-78.69686,43.34125],[-78.63435,43.35762],[-78.48886,43.37476],[-78.4731,43.37081],[-78.37022,43.37651],[-78.23361,43.36907],[-78.10451,43.37563],[-78.02361,43.36657],[-77.99484,43.36526],[-77.97644,43.36916],[-77.96524,43.36806],[-77.92274,43.35696],[-77.90484,43.35696],[-77.87534,43.34966],[-77.79738,43.33986],[-77.76023,43.34116],[-77.75693,43.33736],[-77.71413,43.32356],[-77.70143,43.30826],[-77.66036,43.283],[-77.62832,43.2713],[-77.57722,43.24326],[-77.55102,43.23576],[-77.53418,43.23457],[-77.50092,43.25036],[-77.39633,43.27475],[-77.3134,43.28029],[-77.30673,43.27752],[-77.26659,43.27656],[-77.21441,43.28354],[-77.18995,43.28377],[-77.17715,43.28021],[-77.14984,43.28818],[-77.1344,43.28465],[-77.11223,43.28627],[-77.07347,43.28007],[-77.04169,43.27001],[-77.00118,43.27003],[-76.98832,43.27364],[-76.95857,43.26923],[-76.94738,43.27073],[-76.89816,43.2933],[-76.87739,43.29142],[-76.85277,43.29804],[-76.84167,43.3054],[-76.82319,43.30401],[-76.78582,43.31087],[-76.76596,43.31826],[-76.73083,43.34257],[-76.69836,43.34444],[-76.66962,43.36653],[-76.63517,43.40797],[-76.60006,43.42441],[-76.56439,43.44738],[-76.48696,43.47535],[-76.4725,43.49278],[-76.41758,43.52128],[-76.36885,43.52582],[-76.34549,43.51344],[-76.2971,43.51287],[-76.2287,43.53299],[-76.20985,43.56014],[-76.20347,43.57498],[-76.19914,43.60045],[-76.1966,43.64976],[-76.20544,43.71875],[-76.21321,43.75351],[-76.23073,43.81084],[-76.29603,43.84429],[-76.29676,43.85708],[-76.286,43.86808],[-76.26476,43.87984],[-76.22103,43.89755],[-76.21168,43.89729],[-76.20808,43.89207],[-76.21839,43.86657],[-76.21432,43.86013],[-76.20136,43.85996],[-76.19056,43.86905],[-76.1533,43.88986],[-76.14296,43.88849],[-76.12474,43.89769],[-76.12652,43.93221],[-76.13852,43.9406],[-76.13863,43.958],[-76.15877,43.95992],[-76.20798,43.97969],[-76.23398,43.98253],[-76.25038,43.96888],[-76.27199,43.96077],[-76.28364,43.96265],[-76.2687,43.98728],[-76.26967,44.00115],[-76.28193,44.00918],[-76.29649,44.00849],[-76.30767,44.02528],[-76.3213,44.03121],[-76.37556,44.03154],[-76.38334,44.03736],[-76.38139,44.04711],[-76.37008,44.05203],[-76.36184,44.07272],[-76.3608,44.08764],[-76.37071,44.1005],[-76.35568,44.13326],[-76.31265,44.19904],[-76.28655,44.20377],[-76.24549,44.20367],[-76.20678,44.21454],[-76.19133,44.22124],[-76.16427,44.2396],[-76.16183,44.28078],[-76.13088,44.29664],[-76.11814,44.29485],[-76.09735,44.29955],[-76.04523,44.33172],[-76.001,44.34753],[-75.97828,44.34688],[-75.97019,44.34284],[-75.94954,44.34913],[-75.92225,44.36568],[-75.91299,44.36808],[-75.82083,44.43224],[-75.80778,44.47164],[-75.76623,44.51585],[-75.66238,44.59193],[-75.61836,44.61964],[-75.5059,44.70508],[-75.47764,44.72022],[-75.42394,44.75633],[-75.41388,44.76889],[-75.37235,44.78311],[-75.34653,44.80556],[-75.33374,44.80638],[-75.30649,44.82614],[-75.30763,44.83681],[-75.28314,44.84916],[-75.25552,44.85765],[-75.2413,44.86696],[-75.22863,44.8679],[-75.21855,44.87554],[-75.20301,44.87755],[-75.14296,44.90024],[-75.13398,44.91184],[-75.10516,44.92119],[-75.09666,44.92707],[-75.06624,44.93017],[-75.02712,44.94657],[-75.00516,44.9584],[-74.99927,44.97164],[-74.99276,44.97745],[-74.97246,44.9834],[-74.90796,44.98336],[-74.90073,44.99275],[-74.88784,45.00005],[-74.86193,45.00277],[-74.82658,45.01585],[-74.79943,45.00913],[-74.79315,45.00465],[-74.76875,45.00389],[-74.76022,44.99495],[-74.7313,44.99042],[-74.72257,44.99806],[-74.70202,45.00332],[-74.68397,44.99969],[-74.66734,45.00165],[-74.45753,44.99703],[-74.33518,44.99191],[-74.14681,44.9915],[-73.8746,45.00122],[-73.63972,45.00346],[-73.34312,45.01084],[-73.35463,44.98735],[-73.35022,44.97622],[-73.33824,44.96475],[-73.33898,44.91768],[-73.35808,44.90132],[-73.3691,44.86668],[-73.37982,44.85704],[-73.38136,44.84502],[-73.37945,44.83801],[-73.36965,44.82914],[-73.35495,44.8215],[-73.33544,44.8046],[-73.33315,44.78876],[-73.33571,44.78209],[-73.34707,44.77299],[-73.35436,44.7553],[-73.36556,44.74179],[-73.36556,44.7003],[-73.36131,44.69452],[-73.37014,44.68485],[-73.36721,44.67851],[-73.37184,44.67696],[-73.37272,44.66874],[-73.36967,44.66348],[-73.37907,44.65677],[-73.37797,44.65292],[-73.38316,44.64576],[-73.37856,44.64147],[-73.38678,44.63637],[-73.3865,44.62692],[-73.39023,44.61835],[-73.38293,44.61218],[-73.37685,44.5996],[-73.38185,44.58932],[-73.37439,44.57545],[-73.35679,44.55792],[-73.33875,44.54805],[-73.33899,44.5433],[-73.32946,44.5292],[-73.32203,44.52529],[-73.32084,44.51363],[-73.30671,44.50033],[-73.29894,44.4713],[-73.30011,44.45471],[-73.29361,44.44056],[-73.29603,44.42834],[-73.31502,44.38851],[-73.33357,44.37229],[-73.33494,44.36444],[-73.33464,44.35688],[-73.324,44.33384],[-73.32423,44.31002],[-73.3123,44.28003],[-73.31285,44.26535],[-73.3236,44.2439],[-73.3305,44.24425],[-73.34323,44.23805],[-73.34231,44.23453],[-73.34989,44.23036],[-73.36201,44.20855],[-73.39058,44.19089],[-73.38966,44.18125],[-73.39689,44.17385],[-73.39553,44.16612],[-73.40238,44.14586],[-73.41576,44.13283],[-73.41132,44.11269],[-73.42924,44.07941],[-73.43774,44.04501],[-73.42312,44.03276],[-73.41078,44.02694],[-73.40774,44.02131],[-73.40598,44.01149],[-73.41261,43.97998],[-73.40682,43.96732],[-73.40552,43.94881],[-73.40859,43.93293],[-73.39588,43.90304],[-73.38349,43.89095],[-73.37405,43.87556],[-73.38205,43.85501],[-73.37225,43.84534],[-73.38839,43.8324],[-73.39249,43.82078],[-73.3808,43.81095],[-73.37636,43.79877],[-73.35755,43.78593],[-73.35059,43.77194],[-73.36973,43.74427],[-73.37061,43.72533],[-73.38588,43.71134],[-73.39552,43.69683],[-73.40474,43.69021],[-73.40413,43.68134],[-73.41551,43.65245],[-73.42646,43.6426],[-73.42791,43.63443],[-73.41767,43.62169],[-73.42371,43.61236],[-73.42162,43.60302],[-73.43123,43.58828],[-73.42864,43.58399],[-73.39577,43.56809],[-73.38337,43.57677],[-73.38345,43.59678],[-73.37247,43.60485],[-73.37604,43.6126],[-73.36993,43.61909],[-73.37189,43.62449],[-73.34762,43.62251],[-73.34218,43.62607],[-73.32389,43.62763],[-73.31061,43.62411],[-73.30623,43.62802],[-73.30208,43.62436],[-73.30029,43.61081],[-73.29223,43.60255],[-73.2928,43.59386],[-73.29692,43.58732],[-73.29211,43.58451],[-73.29462,43.57897],[-73.28491,43.57927],[-73.25863,43.56495],[-73.24864,43.55386],[-73.25013,43.54343],[-73.24159,43.53497],[-73.24189,43.52942],[-73.2477,43.52317],[-73.25649,43.25925],[-73.27867,42.83341],[-73.28539,42.83409],[-73.28706,42.82014],[-73.28375,42.81386],[-73.29094,42.80192],[-73.27642,42.74602],[-73.26496,42.74594],[-73.50814,42.08626],[-73.49688,42.04968],[-73.48731,42.04964],[-73.48962,42.00009],[-73.55096,41.29542],[-73.48271,41.21276],[-73.72777,41.1007],[-73.65467,41.0117],[-73.65937,40.9995],[-73.65967,40.98791],[-73.65597,40.9796],[-73.66207,40.9662],[-73.67807,40.9628],[-73.68647,40.9452],[-73.72174,40.93204],[-73.75678,40.9126],[-73.7735,40.89361],[-73.76628,40.8811],[-73.78511,40.8769],[-73.79257,40.86332],[-73.78483,40.85998],[-73.76987,40.85968],[-73.76582,40.85519],[-73.76908,40.8529],[-73.76715,40.84577],[-73.78031,40.84456],[-73.78318,40.83684],[-73.79104,40.84655],[-73.80691,40.8495],[-73.81281,40.84674],[-73.81521,40.83107],[-73.80452,40.81855],[-73.79733,40.8156],[-73.78137,40.79491],[-73.77603,40.79527],[-73.7683,40.8008],[-73.75403,40.82094],[-73.7544,40.82684],[-73.72827,40.8529],[-73.72957,40.8665],[-73.71367,40.8701],[-73.67557,40.857],[-73.66591,40.84116],[-73.65712,40.84116],[-73.64791,40.8543],[-73.65587,40.8639],[-73.65437,40.8782],[-73.64107,40.8926],[-73.63377,40.8982],[-73.61757,40.8979],[-73.56997,40.9154],[-73.54807,40.9087],[-73.515,40.91282],[-73.50853,40.90746],[-73.50736,40.89379],[-73.49441,40.89502],[-73.48869,40.87685],[-73.47889,40.87217],[-73.4706,40.87667],[-73.47352,40.89546],[-73.48107,40.90195],[-73.48962,40.91963],[-73.49664,40.92348],[-73.49177,40.9421],[-73.48537,40.9464],[-73.46437,40.93697],[-73.43713,40.93427],[-73.42987,40.92777],[-73.42884,40.92151],[-73.43523,40.90719],[-73.40409,40.90508],[-73.4071,40.91597],[-73.40296,40.9251],[-73.40244,40.95085],[-73.40109,40.95469],[-73.39291,40.95468],[-73.3723,40.93536],[-73.35276,40.9267],[-73.34556,40.9253],[-73.33136,40.9296],[-73.29506,40.9245],[-73.22929,40.90512],[-73.14899,40.9289],[-73.14329,40.95144],[-73.15351,40.96149],[-73.15042,40.96562],[-73.13273,40.96676],[-73.11993,40.97546],[-73.1007,40.96867],[-73.08158,40.97306],[-73.0437,40.96218],[-73.04045,40.9645],[-72.99593,40.9665],[-72.91383,40.96247],[-72.82606,40.96979],[-72.7741,40.96531],[-72.74566,40.96845],[-72.70807,40.97785],[-72.63556,40.98196],[-72.58533,40.99759],[-72.52155,41.03765],[-72.47731,41.05221],[-72.44524,41.08612],[-72.41795,41.08796],[-72.39484,41.09704],[-72.38224,41.11424],[-72.36893,41.11997],[-72.35776,41.13071],[-72.35396,41.13925],[-72.30443,41.14921],[-72.27879,41.15872],[-72.2681,41.15415],[-72.24535,41.16122],[-72.23821,41.15949],[-72.23773,41.15643],[-72.26161,41.12964],[-72.28168,41.1226],[-72.3,41.13274],[-72.30911,41.13466],[-72.32116,41.1319],[-72.33504,41.12098],[-72.33946,41.1111],[-72.32146,41.10064],[-72.31724,41.08866],[-72.29772,41.08104],[-72.28037,41.0804],[-72.27671,41.07672],[-72.28309,41.06787],[-72.27366,41.05153],[-72.26051,41.04207],[-72.22936,41.04436],[-72.20186,41.03227],[-72.19056,41.03258],[-72.1629,41.05319],[-72.15386,41.05186],[-72.1373,41.03968],[-72.13514,41.03128],[-72.13741,41.02391],[-72.11071,40.99515],[-72.09176,40.99427],[-72.08199,40.99881],[-72.07823,41.00788],[-72.06094,41.01154],[-72.06111,41.01702],[-72.05669,41.01796],[-72.05585,41.02199],[-72.03781,41.01998],[-72.02003,41.02225],[-71.9908,41.04769],[-71.98186,41.04772],[-71.97819,41.0431],[-71.96975,41.04051],[-71.95898,41.04574],[-71.95656,41.05002],[-71.96156,41.06402],[-71.95959,41.07124],[-71.90417,41.08411],[-71.88954,41.0757],[-71.86402,41.07579],[-71.85636,41.0711],[-71.87391,41.05228],[-71.90349,41.04089],[-71.93569,41.03418],[-72.11445,40.97208],[-72.39585,40.86666],[-72.47,40.84274],[-72.75311,40.76357],[-72.76815,40.76159],[-72.86316,40.73296],[-73.05496,40.66637],[-73.20844,40.63088],[-73.26211,40.62148],[-73.3064,40.62076],[-73.32626,40.6331],[-73.35147,40.6305],[-73.41731,40.61113],[-73.55909,40.58203],[-73.61087,40.5877],[-73.6409,40.58282],[-73.74269,40.58679],[-73.75687,40.59184],[-73.77493,40.59076],[-73.83441,40.5772],[-73.93035,40.5467],[-73.93981,40.54826],[-73.93999,40.55556],[-73.92633,40.56484],[-73.9235,40.57188],[-73.92956,40.57627],[-73.99135,40.57035],[-74.01202,40.57453],[-74.00049,40.58409],[-74.00328,40.59575],[-74.03286,40.60442],[-74.03959,40.61293],[-74.04241,40.62485],[-74.03207,40.64648],[-74.01827,40.65902],[-74.02047,40.67877],[-74.02544,40.68419],[-74.04729,40.6905],[-74.04086,40.70012],[-74.02454,40.70944],[-74.01378,40.7566],[-73.96318,40.8269],[-73.95398,40.848],[-73.92901,40.88958],[-73.89648,40.9817],[-73.89398,40.9972],[-73.90501,40.99759],[-74.30199,41.17259],[-74.45758,41.24822],[-74.6964,41.35734],[-74.68977,41.36156],[-74.69113,41.36732],[-74.70846,41.3789],[-74.71598,41.39258],[-74.73364,41.39697],[-74.74096,41.40512],[-74.74109,41.41141],[-74.73473,41.4227],[-74.73846,41.43064],[-74.75859,41.42329],[-74.77324,41.42635],[-74.79042,41.42166],[-74.7954,41.42398],[-74.80123,41.4381],[-74.80758,41.44285],[-74.81799,41.44051],[-74.83067,41.4305],[-74.85858,41.44443],[-74.89391,41.43893],[-74.8964,41.44218],[-74.88908,41.45125],[-74.89036,41.45532],[-74.90689,41.46113],[-74.91252,41.47561],[-74.9418,41.48354],[-74.95826,41.4764],[-74.98334,41.48089],[-74.9856,41.48586],[-74.98217,41.49849],[-74.98437,41.50661],[-75.00315,41.5081],[-75.00091,41.51929],[-75.00385,41.52405],[-75.02476,41.5351],[-75.0248,41.5398],[-75.01614,41.54425],[-75.01852,41.5518],[-75.02734,41.56354],[-75.04049,41.56969],[-75.04676,41.58326],[-75.06001,41.59081],[-75.07461,41.60571],[-75.07167,41.6095],[-75.05973,41.6108],[-75.0601,41.61748],[-75.0473,41.61579],[-75.04422,41.61798],[-75.04356,41.62364],[-75.04866,41.63378],[-75.04992,41.66256],[-75.05933,41.67232],[-75.05128,41.67996],[-75.05274,41.68839],[-75.06883,41.70816],[-75.06663,41.71259],[-75.04986,41.71331],[-75.05482,41.73517],[-75.05343,41.75254],[-75.06076,41.76464],[-75.07594,41.77152],[-75.09545,41.76837],[-75.10099,41.76912],[-75.10464,41.7742],[-75.10146,41.78794],[-75.09288,41.79639],[-75.07689,41.79851],[-75.07217,41.81373],[-75.07806,41.81511],[-75.08948,41.81158],[-75.11333,41.82278],[-75.1156,41.84464],[-75.13098,41.84515],[-75.14024,41.85208],[-75.1529,41.84856],[-75.16154,41.84984],[-75.16873,41.85926],[-75.17056,41.87161],[-75.17663,41.87237],[-75.18525,41.85993],[-75.19438,41.86729],[-75.204,41.86987],[-75.21497,41.86745],[-75.22373,41.85746],[-75.23161,41.85946],[-75.24113,41.86712],[-75.2512,41.86204],[-75.26053,41.8638],[-75.26381,41.87076],[-75.25756,41.87711],[-75.26062,41.88378],[-75.27129,41.88736],[-75.27278,41.89711],[-75.26777,41.90197],[-75.26756,41.90705],[-75.27655,41.92221],[-75.27909,41.93892],[-75.28938,41.94289],[-75.29371,41.95459],[-75.30041,41.95387],[-75.30166,41.94838],[-75.31282,41.95018],[-75.32932,41.96823],[-75.3422,41.97287],[-75.3376,41.9867],[-75.34113,41.99277],[-75.35958,41.99945],[-76.34372,41.99835],[-76.92078,42.00177],[-77.83203,41.99852],[-79.76131,41.99881],[-79.76215,42.24305]]]]}},{"type":"Feature","id":37,"properties":{"code":"NC","name":"North Carolina"},"geometry":{"type":"MultiPolygon","coordinates":[[[[-75.72681,35.93584],[-75.71827,35.93971],[-75.69115,35.93693],[-75.65954,35.91956],[-75.66294,35.91617],[-75.66202,35.90652],[-75.65348,35.90469],[-75.61683,35.85633],[-75.61977,35.84761],[-75.61436,35.81566],[-75.62045,35.80925],[-75.63898,35.81864],[-75.66789,35.82354],[-75.67505,35.8302],[-75.66009,35.83861],[-75.66336,35.86984],[-75.67283,35.88242],[-75.68142,35.88398],[-75.69767,35.90164],[-75.69687,35.90956],[-75.70216,35.91543],[-75.72378,35.92557],[-75.72681,35.93584]]],[[[-76.01356,35.06883],[-75.99188,35.0924],[-75.98918,35.11516],[-75.98395,35.12004],[-75.9547,35.1196],[-75.89394,35.15043],[-75.83953,35.1722],[-75.80144,35.18308],[-75.78573,35.19424],[-75.71801,35.20938],[-75.69444,35.22298],[-75.68401,35.23291],[-75.67539,35.22842],[-75.66451,35.22751],[-75.64093,35.23386],[-75.59901,35.25625],[-75.59691,35.26949],[-75.58194,35.26392],[-75.53574,35.27286],[-75.52939,35.28827],[-75.50672,35.38712],[-75.48768,35.48506],[-75.48962,35.50847],[-75.48753,35.52589],[-75.47861,35.55307],[-75.47861,35.59932],[-75.48943,35.6427],[-75.50738,35.68056],[-75.5175,35.73596],[-75.52891,35.77145],[-75.52345,35.77357],[-75.50243,35.74291],[-75.49609,35.72852],[-75.47913,35.67863],[-75.45866,35.5966],[-75.47136,35.47962],[-75.48677,35.39165],[-75.50219,35.32001],[-75.52592,35.23384],[-75.53363,35.22583],[-75.56023,35.23205],[-75.6101,35.22751],[-75.76971,35.18036],[-75.94473,35.10509],[-76.01314,35.06186],[-76.01356,35.06883]]],[[[-84.31748,35.02196],[-84.29024,35.22557],[-84.28322,35.22658],[-84.27542,35.23478],[-84.24302,35.25318],[-84.22372,35.26908],[-84.21182,35.26608],[-84.20288,35.25577],[-84.20012,35.24468],[-84.18842,35.23998],[-84.17852,35.24068],[-84.17042,35.24578],[-84.16132,35.24348],[-84.14312,35.24688],[-84.13057,35.24336],[-84.12115,35.25064],[-84.09751,35.24738],[-84.08112,35.26115],[-84.05261,35.26998],[-84.03601,35.28868],[-84.02351,35.29578],[-84.02141,35.30138],[-84.02651,35.30928],[-84.03571,35.31288],[-84.02938,35.3332],[-84.03808,35.34836],[-84.02346,35.35422],[-84.00759,35.37166],[-84.01121,35.38438],[-84.00821,35.39038],[-84.01881,35.39978],[-84.02063,35.40984],[-84.00225,35.42255],[-83.99257,35.43807],[-83.97306,35.44892],[-83.97144,35.45515],[-83.96523,35.4554],[-83.96105,35.46414],[-83.94939,35.46116],[-83.93702,35.47151],[-83.91177,35.47603],[-83.90561,35.48906],[-83.90034,35.49309],[-83.90138,35.49655],[-83.89207,35.50309],[-83.88007,35.51875],[-83.85926,35.52185],[-83.8485,35.51926],[-83.8319,35.52477],[-83.82559,35.52383],[-83.80243,35.54159],[-83.78013,35.55039],[-83.77174,35.56212],[-83.75692,35.5636],[-83.74989,35.56115],[-83.73567,35.56546],[-83.72346,35.56187],[-83.7072,35.56853],[-83.67627,35.57029],[-83.6405,35.56607],[-83.62973,35.56789],[-83.60889,35.57945],[-83.59427,35.57291],[-83.58559,35.56294],[-83.56609,35.56599],[-83.49833,35.56298],[-83.48553,35.5682],[-83.47852,35.5792],[-83.47908,35.58332],[-83.45572,35.59804],[-83.4458,35.6118],[-83.42158,35.61119],[-83.39663,35.62272],[-83.38872,35.63358],[-83.36694,35.63873],[-83.3562,35.65002],[-83.35156,35.65986],[-83.33496,35.66547],[-83.3211,35.66282],[-83.31276,35.65481],[-83.29715,35.65775],[-83.28916,35.67451],[-83.27138,35.68148],[-83.25812,35.69192],[-83.25561,35.69606],[-83.25535,35.71623],[-83.25125,35.71992],[-83.2435,35.72253],[-83.24067,35.72676],[-83.2145,35.72443],[-83.18569,35.72989],[-83.1775,35.74391],[-83.17017,35.74611],[-83.16477,35.75462],[-83.16491,35.75997],[-83.15921,35.76489],[-83.12771,35.76809],[-83.12018,35.76623],[-83.07403,35.79002],[-83.06397,35.78664],[-83.05268,35.78955],[-83.04411,35.78535],[-83.03621,35.7874],[-83.00607,35.7784],[-83.00147,35.77375],[-82.99205,35.77395],[-82.96965,35.78966],[-82.96409,35.78998],[-82.96172,35.80049],[-82.94552,35.82466],[-82.93744,35.82732],[-82.93186,35.83635],[-82.92017,35.84166],[-82.91831,35.86398],[-82.89972,35.8746],[-82.90397,35.88549],[-82.90184,35.89293],[-82.91167,35.91471],[-82.91194,35.92162],[-82.91061,35.92693],[-82.90237,35.92985],[-82.89851,35.9451],[-82.87416,35.9527],[-82.86072,35.94743],[-82.85255,35.94909],[-82.82893,35.93293],[-82.82186,35.92184],[-82.805,35.92717],[-82.80277,35.93013],[-82.80585,35.93794],[-82.78746,35.95216],[-82.78454,35.9639],[-82.77775,35.96691],[-82.77491,35.97198],[-82.78556,35.9778],[-82.78527,35.98793],[-82.776,36.0001],[-82.75007,36.006],[-82.73186,36.0176],[-82.71596,36.0228],[-82.71516,36.0286],[-82.68887,36.0386],[-82.68357,36.0461],[-82.65017,36.05781],[-82.63716,36.0658],[-82.63227,36.06571],[-82.61866,36.05611],[-82.61816,36.047],[-82.60966,36.04491],[-82.59487,36.0296],[-82.61436,36.00351],[-82.61303,35.994],[-82.60694,35.99217],[-82.60424,35.98732],[-82.61088,35.97444],[-82.61089,35.96741],[-82.60037,35.96463],[-82.581,35.96556],[-82.57517,35.95838],[-82.55787,35.9539],[-82.54968,35.96428],[-82.53129,35.97219],[-82.50538,35.97768],[-82.48468,35.99285],[-82.48229,35.99782],[-82.46066,36.00781],[-82.40946,36.08341],[-82.35516,36.11561],[-82.33676,36.11491],[-82.32145,36.11955],[-82.30285,36.13131],[-82.28946,36.13571],[-82.28035,36.12881],[-82.26875,36.12704],[-82.26035,36.13371],[-82.24752,36.13087],[-82.22485,36.15001],[-82.22205,36.15691],[-82.21385,36.15911],[-82.20487,36.15707],[-82.18255,36.14371],[-82.14795,36.14952],[-82.13655,36.12882],[-82.13797,36.11958],[-82.12715,36.10442],[-82.10544,36.10812],[-82.08014,36.10572],[-82.06134,36.11312],[-82.05414,36.12682],[-82.03314,36.12042],[-81.90814,36.30201],[-81.87938,36.31377],[-81.85733,36.33479],[-81.84127,36.34332],[-81.8129,36.35107],[-81.80081,36.35807],[-81.79527,36.35785],[-81.78747,36.34869],[-81.7661,36.33852],[-81.74784,36.33736],[-81.73098,36.34119],[-81.71319,36.33411],[-81.70744,36.33517],[-81.7053,36.34185],[-81.70779,36.34601],[-81.72133,36.3531],[-81.72608,36.36889],[-81.73287,36.3765],[-81.72981,36.38803],[-81.73795,36.39719],[-81.73965,36.40669],[-81.73829,36.41076],[-81.72073,36.42254],[-81.71523,36.43653],[-81.71489,36.45722],[-81.69531,36.46791],[-81.69591,36.49158],[-81.70024,36.50048],[-81.69774,36.50845],[-81.70757,36.5261],[-81.70796,36.53621],[-81.69996,36.53683],[-81.69754,36.54436],[-81.69003,36.55215],[-81.69251,36.56575],[-81.69024,36.56872],[-81.67704,36.57072],[-81.68014,36.58552],[-81.67754,36.58812],[-81.60093,36.58702],[-81.44223,36.57682],[-81.17671,36.57193],[-81.0038,36.56363],[-80.83764,36.55912],[-80.70483,36.56232],[-80.29524,36.54397],[-80.12218,36.54265],[-78.52972,36.54098],[-78.24546,36.54441],[-77.20516,36.54458],[-77.16966,36.54731],[-77.15269,36.54408],[-76.91605,36.54382],[-76.9159,36.55209],[-75.8683,36.55039],[-75.85797,36.50017],[-75.81874,36.35758],[-75.77251,36.22944],[-75.71831,36.11367],[-75.65854,36.02043],[-75.56979,35.8633],[-75.5523,35.82217],[-75.53301,35.78738],[-75.53643,35.78012],[-75.54326,35.77969],[-75.55202,35.79503],[-75.56306,35.79926],[-75.56934,35.81484],[-75.60125,35.8673],[-75.62291,35.89232],[-75.62332,35.90909],[-75.6472,35.95432],[-75.66022,35.96961],[-75.66707,35.97138],[-75.6718,35.98524],[-75.67891,35.99392],[-75.72366,36.00314],[-75.72708,36.01051],[-75.72261,36.03736],[-75.72682,36.04052],[-75.73709,36.04078],[-75.74051,36.04684],[-75.73972,36.07527],[-75.75893,36.15221],[-75.79329,36.22643],[-75.81159,36.24401],[-75.80817,36.25955],[-75.81448,36.28534],[-75.82291,36.29166],[-75.83791,36.29456],[-75.84528,36.30561],[-75.84134,36.32852],[-75.83186,36.33905],[-75.83159,36.34642],[-75.8362,36.36313],[-75.85147,36.37946],[-75.85147,36.41578],[-75.86411,36.43053],[-75.88832,36.44158],[-75.89148,36.46054],[-75.89991,36.48212],[-75.91307,36.48634],[-75.92413,36.48212],[-75.93547,36.4906],[-75.96007,36.49502],[-75.97254,36.49467],[-75.97529,36.48553],[-75.98979,36.49394],[-75.98054,36.51278],[-75.98623,36.52566],[-75.99621,36.52814],[-76.02248,36.52709],[-76.02639,36.51649],[-76.04256,36.51056],[-76.03195,36.4825],[-76.01234,36.44746],[-76.00391,36.44186],[-75.98005,36.43546],[-75.96228,36.41724],[-75.94068,36.41885],[-75.92837,36.42859],[-75.9236,36.42579],[-75.91641,36.38901],[-75.92333,36.36186],[-75.89529,36.31961],[-75.88821,36.29341],[-75.88215,36.28467],[-75.86493,36.28467],[-75.86052,36.28061],[-75.86182,36.26642],[-75.86736,36.25248],[-75.86415,36.23552],[-75.8587,36.22263],[-75.84884,36.21657],[-75.83837,36.20013],[-75.84122,36.19381],[-75.83992,36.17711],[-75.82391,36.15833],[-75.82253,36.14596],[-75.81344,36.13687],[-75.80038,36.11273],[-75.79164,36.08227],[-75.79397,36.07171],[-75.83608,36.09262],[-75.84779,36.10199],[-75.86779,36.12726],[-75.86391,36.15923],[-75.88299,36.18681],[-75.91066,36.21216],[-75.92234,36.24412],[-75.94984,36.25787],[-75.96462,36.25443],[-75.95706,36.2479],[-75.94537,36.22247],[-75.95603,36.19806],[-75.93644,36.18088],[-75.905,36.16419],[-75.93905,36.16552],[-75.99519,36.17807],[-76.01698,36.18637],[-76.02909,36.20204],[-76.04384,36.21013],[-76.05431,36.22916],[-76.08148,36.23794],[-76.13201,36.28777],[-76.16138,36.29103],[-76.1847,36.29817],[-76.18872,36.28124],[-76.17138,36.26581],[-76.14949,36.2639],[-76.11585,36.21422],[-76.08011,36.19944],[-76.05992,36.15514],[-76.05927,36.14928],[-76.06422,36.14377],[-76.09256,36.13579],[-76.17895,36.12342],[-76.20687,36.13752],[-76.23693,36.17039],[-76.24788,36.17515],[-76.25406,36.18419],[-76.26874,36.18976],[-76.27405,36.18895],[-76.27699,36.18495],[-76.26358,36.17182],[-76.2474,36.16182],[-76.22853,36.13065],[-76.19172,36.1072],[-76.2166,36.09541],[-76.26504,36.10489],[-76.32992,36.1334],[-76.37357,36.13821],[-76.3935,36.16325],[-76.44781,36.19251],[-76.45441,36.1899],[-76.45606,36.18358],[-76.37589,36.12042],[-76.34642,36.12102],[-76.33496,36.1109],[-76.29873,36.1012],[-76.304,36.09278],[-76.32348,36.08488],[-76.35507,36.08646],[-76.41088,36.07803],[-76.42088,36.06066],[-76.45142,36.03907],[-76.45932,36.02433],[-76.49196,36.01801],[-76.51434,36.00564],[-76.54751,36.00985],[-76.58067,36.00722],[-76.60384,36.03302],[-76.61542,36.03776],[-76.65333,36.03512],[-76.67648,36.04361],[-76.72145,36.14784],[-76.7194,36.19944],[-76.67546,36.26688],[-76.69325,36.27836],[-76.74444,36.21272],[-76.7521,36.14733],[-76.723,36.06659],[-76.67966,35.99195],[-76.70019,35.96457],[-76.69756,35.95194],[-76.69177,35.94457],[-76.66755,35.93351],[-76.60805,35.93667],[-76.60384,35.93983],[-76.58699,35.94193],[-76.52855,35.94404],[-76.47379,35.96089],[-76.46063,35.97037],[-76.39824,35.98432],[-76.38192,35.97168],[-76.38139,35.96273],[-76.36297,35.9422],[-76.34033,35.94325],[-76.31769,35.94694],[-76.27241,35.97273],[-76.21397,35.988],[-76.17659,35.99327],[-76.0937,35.993],[-76.08313,35.98985],[-76.06207,35.993],[-76.02416,35.97089],[-76.01416,35.9572],[-76.01995,35.93404],[-76.01435,35.92075],[-76.0632,35.85343],[-76.05048,35.80669],[-76.04681,35.71793],[-76.03639,35.69034],[-76.04636,35.65907],[-76.04015,35.65131],[-76.02986,35.64944],[-76.01302,35.67007],[-75.9869,35.76819],[-75.98715,35.83697],[-75.97783,35.89718],[-75.96256,35.90139],[-75.94782,35.92035],[-75.92729,35.93193],[-75.92676,35.94035],[-75.93782,35.95088],[-75.94361,35.95246],[-75.94729,35.95983],[-75.89938,35.97721],[-75.87937,35.97879],[-75.84989,35.97616],[-75.8077,35.95728],[-75.80093,35.94457],[-75.7825,35.92824],[-75.75852,35.88651],[-75.7488,35.84674],[-75.73362,35.8261],[-75.7335,35.80882],[-75.74053,35.77367],[-75.73894,35.75105],[-75.71896,35.70747],[-75.71914,35.69426],[-75.73097,35.68226],[-75.76311,35.68253],[-75.76815,35.66176],[-75.74122,35.64723],[-75.73738,35.62474],[-75.78108,35.59774],[-75.78007,35.58327],[-75.78813,35.57643],[-75.83715,35.5709],[-75.87134,35.58508],[-75.89504,35.57315],[-75.91902,35.54129],[-75.94463,35.53663],[-75.958,35.52751],[-75.96418,35.51133],[-75.96305,35.4939],[-75.98722,35.48435],[-75.99565,35.47536],[-75.99453,35.46355],[-75.9979,35.45343],[-76.0097,35.44219],[-76.01139,35.42308],[-76.02094,35.41072],[-76.02544,35.40847],[-76.03724,35.41409],[-76.05017,35.41578],[-76.05973,35.41016],[-76.06366,35.4051],[-76.05973,35.38374],[-76.06928,35.37081],[-76.13279,35.34945],[-76.14291,35.33878],[-76.14291,35.32866],[-76.14965,35.32641],[-76.16539,35.32866],[-76.18225,35.33653],[-76.20586,35.33653],[-76.23509,35.35002],[-76.25307,35.35002],[-76.25757,35.3444],[-76.26544,35.34327],[-76.2823,35.34552],[-76.30478,35.35564],[-76.32726,35.35676],[-76.33513,35.35564],[-76.34075,35.34665],[-76.34974,35.34552],[-76.38234,35.35676],[-76.38796,35.35676],[-76.39921,35.34889],[-76.4082,35.35002],[-76.40932,35.35339],[-76.4318,35.36238],[-76.4363,35.37812],[-76.44867,35.38374],[-76.46216,35.38037],[-76.47227,35.37138],[-76.48576,35.37138],[-76.54029,35.41066],[-76.58635,35.50896],[-76.47671,35.51171],[-76.45643,35.55055],[-76.47121,35.55742],[-76.48358,35.53817],[-76.55679,35.52889],[-76.60044,35.53852],[-76.63447,35.51033],[-76.60147,35.46084],[-76.58019,35.38711],[-76.60604,35.38711],[-76.71008,35.42715],[-76.75923,35.41891],[-76.8309,35.44795],[-76.90995,35.4634],[-76.97672,35.488],[-77.01168,35.51571],[-77.02794,35.51268],[-77.02896,35.48892],[-76.99153,35.46706],[-76.96666,35.43781],[-76.89194,35.43365],[-76.66403,35.3457],[-76.618,35.34147],[-76.59773,35.33093],[-76.53908,35.32514],[-76.48406,35.3131],[-76.47099,35.2804],[-76.46816,35.26349],[-76.48368,35.24881],[-76.49755,35.24289],[-76.49619,35.22155],[-76.51683,35.2112],[-76.52173,35.19264],[-76.53972,35.16679],[-76.53635,35.14206],[-76.54646,35.12295],[-76.5577,35.1162],[-76.56894,35.09709],[-76.60042,35.06787],[-76.6319,35.05663],[-76.80143,34.96437],[-76.9829,35.06061],[-76.98978,35.04548],[-76.9774,35.00493],[-76.89354,34.9575],[-76.76293,34.92037],[-76.63507,34.98912],[-76.58805,34.99143],[-76.5667,34.99817],[-76.50262,35.00717],[-76.49138,35.01728],[-76.49026,35.03414],[-76.48014,35.05213],[-76.47452,35.07012],[-76.46347,35.07641],[-76.43576,35.05794],[-76.42546,35.00146],[-76.40628,34.98726],[-76.39562,34.97518],[-76.33204,34.97092],[-76.32636,34.97624],[-76.32956,34.9869],[-76.35016,35.01674],[-76.36082,35.02597],[-76.36437,35.03485],[-76.31855,35.02065],[-76.28835,35.00573],[-76.28871,34.9972],[-76.29619,34.98669],[-76.29652,34.97624],[-76.29069,34.96906],[-76.27557,34.96097],[-76.2777,34.94001],[-76.31144,34.91018],[-76.33382,34.88212],[-76.34767,34.87217],[-76.36827,34.87288],[-76.37715,34.86755],[-76.3822,34.85697],[-76.38648,34.85541],[-76.39313,34.85756],[-76.39857,34.86653],[-76.41001,34.86146],[-76.41215,34.8322],[-76.41857,34.82673],[-76.42403,34.83259],[-76.42938,34.83023],[-76.43687,34.81874],[-76.44946,34.81483],[-76.47253,34.77069],[-76.48535,34.75491],[-76.50192,34.74269],[-76.49843,34.73205],[-76.51269,34.72033],[-76.51952,34.70711],[-76.52471,34.68196],[-76.58624,34.69881],[-76.58242,34.76776],[-76.6048,34.78748],[-76.62061,34.78439],[-76.61657,34.71406],[-76.67362,34.71491],[-76.67354,34.70757],[-76.5233,34.65227],[-76.44378,34.74643],[-76.43973,34.75848],[-76.4133,34.77899],[-76.32281,34.86116],[-76.23367,34.92593],[-76.19494,34.96275],[-76.09335,35.0487],[-76.06991,35.0757],[-76.06493,35.07712],[-76.04362,35.07002],[-76.03865,35.06504],[-76.0377,35.05635],[-76.06902,35.0403],[-76.13908,34.98847],[-76.23309,34.90548],[-76.31021,34.85231],[-76.3868,34.78458],[-76.49407,34.66197],[-76.5242,34.61542],[-76.53595,34.58858],[-76.5552,34.61599],[-76.54934,34.64558],[-76.57947,34.66017],[-76.64294,34.67762],[-76.67631,34.69315],[-76.77004,34.6969],[-76.81745,34.69372],[-76.99026,34.66962],[-77.11506,34.64205],[-77.17585,34.62235],[-77.21138,34.60539],[-77.34428,34.52648],[-77.46293,34.47198],[-77.55731,34.41765],[-77.64853,34.34878],[-77.6604,34.34356],[-77.70752,34.30556],[-77.71828,34.29004],[-77.73974,34.27336],[-77.77456,34.23578],[-77.83004,34.16351],[-77.87449,34.07893],[-77.91521,33.97454],[-77.92136,33.96683],[-77.94657,33.91226],[-77.95688,33.87779],[-77.96017,33.85332],[-77.97061,33.84452],[-78.00677,33.8587],[-78.01869,33.88829],[-78.07471,33.90223],[-78.13695,33.91218],[-78.22934,33.91328],[-78.24094,33.91617],[-78.37118,33.90231],[-78.37976,33.90385],[-78.50661,33.86746],[-78.54242,33.85228],[-79.24976,34.44977],[-79.35832,34.54536],[-79.6753,34.80474],[-80.79754,34.81979],[-80.78204,34.93578],[-80.93495,35.10741],[-81.04149,35.0447],[-81.05765,35.06243],[-81.05803,35.07319],[-81.05724,35.08613],[-81.05208,35.09628],[-81.03737,35.10254],[-81.03281,35.10805],[-81.03897,35.1263],[-81.05104,35.13165],[-81.04363,35.14988],[-81.71626,35.17885],[-82.17687,35.19379],[-82.27492,35.20007],[-82.31486,35.19109],[-82.32335,35.18479],[-82.33055,35.18677],[-82.33298,35.19065],[-82.33951,35.18893],[-82.34455,35.19311],[-82.36147,35.19083],[-82.3643,35.18473],[-82.3713,35.18145],[-82.3809,35.18957],[-82.37874,35.19805],[-82.38403,35.21054],[-82.39293,35.2154],[-82.40335,35.20447],[-82.41974,35.19861],[-82.43569,35.16772],[-82.43959,35.16586],[-82.4512,35.16526],[-82.45299,35.17469],[-82.46009,35.17814],[-82.46799,35.17463],[-82.48394,35.1738],[-82.49551,35.16431],[-82.51604,35.16344],[-82.52997,35.15562],[-82.54048,35.16031],[-82.55051,35.1595],[-82.55617,35.15174],[-82.56377,35.15158],[-82.57832,35.1421],[-82.58816,35.14293],[-82.59814,35.13773],[-82.60971,35.13904],[-82.62118,35.13464],[-82.62903,35.12615],[-82.64224,35.12922],[-82.66238,35.11812],[-82.66961,35.1181],[-82.67686,35.12535],[-82.68363,35.12583],[-82.69119,35.11472],[-82.68846,35.10635],[-82.6949,35.09846],[-82.7153,35.09294],[-82.72701,35.09414],[-82.73838,35.07945],[-82.74949,35.07849],[-82.7577,35.06802],[-82.77738,35.06414],[-82.78197,35.06682],[-82.77636,35.08135],[-82.78787,35.08502],[-83.10861,35.00066],[-83.62019,34.99209],[-83.61998,34.98659],[-84.32187,34.98841],[-84.31748,35.02196]]]]}},{"type":"Feature","id":38,"properties":{"code":"ND","name":"North Dakota"},"geometry":{"type":"Polygon","coordinates":[[[-104.04865,48.86573],[-104.04869,48.99959],[-97.22872,49.00056],[-97.23083,48.9913],[-97.23839,48.98263],[-97.23888,48.96657],[-97.23146,48.96244],[-97.23215,48.94895],[-97.22785,48.94586],[-97.2245,48.9341],[-97.21755,48.92989],[-97.21909,48.92208],[-97.21116,48.91665],[-97.21054,48.90439],[-97.19798,48.89833],[-97.19798,48.88034],[-97.18624,48.87347],[-97.18711,48.8661],[-97.18012,48.8616],[-97.17562,48.8531],[-97.17724,48.84648],[-97.17381,48.83831],[-97.18112,48.83274],[-97.17775,48.82482],[-97.18003,48.81845],[-97.16487,48.80825],[-97.16296,48.79293],[-97.15709,48.79002],[-97.1578,48.7841],[-97.15326,48.78103],[-97.15485,48.77452],[-97.14748,48.76603],[-97.15104,48.75571],[-97.13949,48.74661],[-97.13961,48.73813],[-97.13485,48.73332],[-97.13559,48.7264],[-97.1264,48.7211],[-97.11619,48.70935],[-97.11829,48.70057],[-97.09734,48.68519],[-97.10265,48.66479],[-97.10055,48.65861],[-97.11192,48.64292],[-97.10847,48.63266],[-97.12527,48.62969],[-97.12477,48.62154],[-97.13009,48.62117],[-97.13145,48.614],[-97.1375,48.61227],[-97.13825,48.60423],[-97.14368,48.59707],[-97.14292,48.58373],[-97.14974,48.57952],[-97.14962,48.56988],[-97.15864,48.56407],[-97.15827,48.55875],[-97.15246,48.55233],[-97.16086,48.54924],[-97.16311,48.54386],[-97.14887,48.53428],[-97.15308,48.52415],[-97.14813,48.50338],[-97.13886,48.49436],[-97.13928,48.48631],[-97.14498,48.48157],[-97.1414,48.47626],[-97.14412,48.46921],[-97.14177,48.46402],[-97.13275,48.45994],[-97.13361,48.45228],[-97.13769,48.44758],[-97.13497,48.43634],[-97.1393,48.43201],[-97.1356,48.42437],[-97.14285,48.41947],[-97.1356,48.41183],[-97.13501,48.40673],[-97.14559,48.3942],[-97.14011,48.38048],[-97.14736,48.36872],[-97.14775,48.3599],[-97.13782,48.352],[-97.1379,48.34459],[-97.13115,48.33972],[-97.13477,48.32868],[-97.12744,48.32571],[-97.13192,48.31273],[-97.12618,48.30915],[-97.12618,48.3037],[-97.12207,48.30087],[-97.12864,48.29766],[-97.12886,48.29288],[-97.12216,48.29006],[-97.11657,48.27966],[-97.13185,48.26759],[-97.12715,48.26289],[-97.12953,48.25782],[-97.12728,48.25332],[-97.13803,48.24624],[-97.13576,48.2376],[-97.14125,48.23467],[-97.136,48.22808],[-97.13815,48.2231],[-97.13437,48.21043],[-97.13877,48.20465],[-97.13801,48.19759],[-97.14623,48.18605],[-97.14147,48.1791],[-97.14674,48.16856],[-97.13891,48.15779],[-97.14213,48.14498],[-97.13196,48.13956],[-97.1207,48.11499],[-97.1232,48.10665],[-97.11147,48.10591],[-97.10395,48.09618],[-97.10562,48.09136],[-97.09943,48.08211],[-97.10448,48.07243],[-97.09777,48.07108],[-97.08699,48.05822],[-97.07226,48.04807],[-97.06871,48.02769],[-97.07224,48.01911],[-97.06329,48.01499],[-97.06676,48.00956],[-97.06429,47.99851],[-97.05309,47.99025],[-97.05915,47.97538],[-97.05715,47.97048],[-97.06185,47.96448],[-97.05245,47.95718],[-97.05455,47.94628],[-97.03605,47.93938],[-97.03575,47.93018],[-97.01775,47.91978],[-97.02375,47.91588],[-97.01725,47.91308],[-97.01505,47.90718],[-97.02496,47.90818],[-97.02016,47.90048],[-97.02496,47.89498],[-97.01896,47.89108],[-97.02536,47.88428],[-97.01796,47.87848],[-97.02316,47.87398],[-97.00156,47.86738],[-97.00586,47.86528],[-96.99814,47.85888],[-96.99829,47.84172],[-96.98668,47.83764],[-96.97933,47.82453],[-96.98039,47.81566],[-96.97795,47.81162],[-96.98058,47.80561],[-96.97513,47.79833],[-96.96607,47.7973],[-96.95786,47.79202],[-96.96532,47.78347],[-96.93918,47.7684],[-96.93786,47.7602],[-96.93268,47.7568],[-96.93446,47.75296],[-96.92851,47.74804],[-96.93281,47.73714],[-96.91856,47.72386],[-96.92354,47.7182],[-96.92039,47.71653],[-96.92012,47.71038],[-96.91486,47.707],[-96.91524,47.70237],[-96.9076,47.69512],[-96.90991,47.68952],[-96.90026,47.69078],[-96.89672,47.67476],[-96.89192,47.67316],[-96.88557,47.66344],[-96.88697,47.65305],[-96.88238,47.64903],[-96.88286,47.64171],[-96.88857,47.63845],[-96.88239,47.63349],[-96.8795,47.62058],[-96.87087,47.61804],[-96.87367,47.61365],[-96.86025,47.61218],[-96.85542,47.60875],[-96.8569,47.60233],[-96.85129,47.58926],[-96.85637,47.57575],[-96.85369,47.57038],[-96.85877,47.56741],[-96.85685,47.56329],[-96.85915,47.55974],[-96.85376,47.5525],[-96.85662,47.5481],[-96.85471,47.53597],[-96.86636,47.52489],[-96.86325,47.51727],[-96.85347,47.51381],[-96.85165,47.4971],[-96.85853,47.49089],[-96.85567,47.48726],[-96.85853,47.48248],[-96.85471,47.47828],[-96.85987,47.47093],[-96.85681,47.46319],[-96.85996,47.45736],[-96.85748,47.44046],[-96.86101,47.429],[-96.85872,47.42613],[-96.86426,47.41954],[-96.85809,47.41032],[-96.84511,47.40048],[-96.84549,47.39418],[-96.84072,47.39131],[-96.8411,47.38415],[-96.85375,47.3734],[-96.84891,47.37056],[-96.85242,47.36624],[-96.84344,47.3544],[-96.84401,47.34618],[-96.83585,47.33591],[-96.83852,47.33238],[-96.83518,47.32856],[-96.83604,47.32006],[-96.84196,47.31691],[-96.84253,47.31242],[-96.83573,47.31084],[-96.83288,47.30449],[-96.84409,47.28998],[-96.84022,47.27698],[-96.8432,47.27049],[-96.839,47.26772],[-96.84263,47.26399],[-96.84167,47.25816],[-96.8347,47.24813],[-96.83823,47.24183],[-96.83269,47.2362],[-96.83756,47.2318],[-96.83565,47.22655],[-96.83928,47.22387],[-96.83594,47.22101],[-96.83336,47.21146],[-96.83546,47.2084],[-96.83212,47.20487],[-96.83881,47.19789],[-96.83126,47.19178],[-96.83241,47.18748],[-96.82668,47.18156],[-96.82964,47.17497],[-96.82209,47.16504],[-96.82486,47.15978],[-96.82271,47.15623],[-96.83126,47.1509],[-96.83241,47.14374],[-96.82763,47.13657],[-96.82878,47.13151],[-96.82448,47.12719],[-96.82734,47.12014],[-96.82119,47.11572],[-96.82269,47.10962],[-96.81798,47.10601],[-96.81948,47.07818],[-96.8241,47.07067],[-96.82133,47.06293],[-96.82448,47.05968],[-96.81932,47.0529],[-96.82085,47.04144],[-96.81856,47.03552],[-96.82161,47.03151],[-96.81798,47.02654],[-96.8295,47.02154],[-96.8346,47.00772],[-96.82318,46.99997],[-96.8246,46.99331],[-96.81989,46.97736],[-96.82185,46.96937],[-96.80981,46.9639],[-96.79931,46.96412],[-96.79936,46.94736],[-96.79156,46.94446],[-96.79105,46.92988],[-96.78312,46.92548],[-96.76326,46.93506],[-96.76029,46.93341],[-96.76201,46.92835],[-96.75953,46.92577],[-96.75924,46.91822],[-96.76287,46.91689],[-96.76566,46.90506],[-96.77046,46.90676],[-96.77656,46.89566],[-96.77356,46.88476],[-96.76736,46.88366],[-96.76846,46.87956],[-96.77126,46.87746],[-96.78136,46.87936],[-96.7793,46.8727],[-96.78288,46.86259],[-96.78202,46.85341],[-96.77791,46.85074],[-96.77935,46.84214],[-96.78384,46.84023],[-96.78536,46.83402],[-96.78938,46.83317],[-96.78766,46.82782],[-96.79156,46.82786],[-96.80016,46.81966],[-96.80254,46.81152],[-96.79576,46.80779],[-96.79699,46.79157],[-96.79148,46.78569],[-96.79243,46.77891],[-96.7888,46.77757],[-96.78861,46.77127],[-96.78431,46.76755],[-96.78365,46.76258],[-96.78747,46.75675],[-96.78365,46.75312],[-96.7846,46.74309],[-96.78122,46.74094],[-96.78428,46.73299],[-96.77925,46.72743],[-96.7912,46.70375],[-96.7878,46.70045],[-96.7878,46.69118],[-96.78434,46.68505],[-96.79334,46.67685],[-96.79258,46.67217],[-96.79836,46.66531],[-96.79882,46.65807],[-96.79066,46.64911],[-96.7911,46.63316],[-96.78412,46.62867],[-96.78393,46.6216],[-96.77906,46.62083],[-96.77849,46.61615],[-96.77409,46.61329],[-96.77562,46.60928],[-96.7718,46.60574],[-96.77245,46.60013],[-96.76258,46.59395],[-96.76182,46.5885],[-96.75208,46.5822],[-96.75275,46.57752],[-96.74644,46.57408],[-96.74444,46.56596],[-96.74883,46.55813],[-96.74453,46.55135],[-96.74635,46.54628],[-96.74281,46.54361],[-96.74434,46.53301],[-96.73847,46.52579],[-96.7377,46.50077],[-96.73361,46.49722],[-96.73799,46.48788],[-96.73503,46.48386],[-96.73637,46.48014],[-96.72156,46.47212],[-96.71556,46.46323],[-96.71559,46.45387],[-96.71893,46.45105],[-96.71644,46.44457],[-96.71807,46.43825],[-96.70164,46.42861],[-96.70136,46.42058],[-96.68894,46.41313],[-96.68808,46.40788],[-96.68069,46.40738],[-96.66913,46.39004],[-96.66719,46.37546],[-96.65844,46.37339],[-96.65521,46.36596],[-96.64653,46.36251],[-96.64433,46.35191],[-96.62921,46.35265],[-96.62852,46.34957],[-96.61815,46.3443],[-96.61999,46.34013],[-96.59976,46.33039],[-96.60104,46.31955],[-96.59823,46.31256],[-96.60136,46.30413],[-96.6003,46.29441],[-96.59608,46.29054],[-96.59877,46.28142],[-96.59501,46.27513],[-96.59973,46.26212],[-96.59008,46.24865],[-96.59812,46.24311],[-96.59755,46.22773],[-96.59567,46.21985],[-96.59165,46.21818],[-96.58437,46.20416],[-96.58858,46.18969],[-96.5876,46.17893],[-96.57862,46.16813],[-96.57945,46.1476],[-96.56926,46.13369],[-96.57144,46.12572],[-96.56304,46.11951],[-96.56281,46.11625],[-96.56692,46.11475],[-96.55795,46.10244],[-96.55451,46.08398],[-96.55927,46.05827],[-96.56629,46.05142],[-96.57794,46.02687],[-96.57426,46.01655],[-96.57587,46.008],[-96.57035,45.96359],[-96.56133,45.94566],[-96.56252,45.93709],[-97.78458,45.93533],[-100.4306,45.94364],[-104.04544,45.94531],[-104.04533,47.34345],[-104.04166,47.86228],[-104.04865,48.86573]]]}},{"type":"Feature","id":39,"properties":{"code":"OH","name":"Ohio"},"geometry":{"type":"MultiPolygon","coordinates":[[[[-82.7328,41.60432],[-82.72107,41.61751],[-82.70731,41.61961],[-82.69614,41.61513],[-82.68353,41.6173],[-82.67647,41.61463],[-82.67907,41.5977],[-82.68603,41.58725],[-82.69923,41.58553],[-82.73186,41.59925],[-82.7328,41.60432]]],[[[-82.82638,41.68452],[-82.81413,41.69309],[-82.80496,41.6934],[-82.80063,41.68963],[-82.80474,41.67153],[-82.81419,41.67072],[-82.82638,41.68452]]],[[[-82.8328,41.71461],[-82.82041,41.72455],[-82.81203,41.72187],[-82.80898,41.70821],[-82.83346,41.70932],[-82.8328,41.71461]]],[[[-82.84451,41.64746],[-82.82875,41.65976],[-82.79978,41.66505],[-82.7955,41.65897],[-82.83466,41.62875],[-82.84108,41.62891],[-82.84451,41.64746]]],[[[-84.82016,39.22722],[-84.81418,39.81421],[-84.80255,40.50181],[-84.80608,41.69609],[-83.45383,41.73265],[-83.45563,41.72745],[-83.46809,41.71588],[-83.47094,41.70353],[-83.46258,41.697],[-83.39263,41.69195],[-83.37573,41.68665],[-83.34352,41.69203],[-83.3374,41.70208],[-83.32956,41.70273],[-83.30492,41.68749],[-83.30192,41.67971],[-83.27845,41.67208],[-83.23819,41.65117],[-83.23166,41.64422],[-83.14589,41.6179],[-83.10393,41.61356],[-83.08604,41.60668],[-83.06659,41.59534],[-83.04308,41.56796],[-83.02807,41.55566],[-82.96964,41.52423],[-82.93437,41.51435],[-82.89773,41.51924],[-82.87523,41.52968],[-82.85677,41.54826],[-82.8552,41.56411],[-82.85953,41.57637],[-82.85296,41.58333],[-82.8341,41.58759],[-82.82021,41.57066],[-82.7855,41.54068],[-82.77201,41.54058],[-82.74991,41.54647],[-82.71788,41.54193],[-82.71094,41.53665],[-82.71163,41.5272],[-82.72191,41.51668],[-82.7139,41.5017],[-82.71001,41.49759],[-82.68792,41.49232],[-82.6583,41.46188],[-82.61774,41.43183],[-82.61695,41.42842],[-82.55808,41.40001],[-82.51383,41.38426],[-82.48121,41.38134],[-82.43131,41.39687],[-82.39809,41.41394],[-82.36178,41.42664],[-82.33418,41.43024],[-82.29158,41.42844],[-82.25468,41.43444],[-82.19338,41.46454],[-82.18477,41.47404],[-82.1816,41.47163],[-82.16537,41.47444],[-82.01197,41.51564],[-81.99456,41.51444],[-81.96491,41.50545],[-81.95846,41.49864],[-81.93786,41.49144],[-81.87736,41.48345],[-81.86026,41.48384],[-81.81076,41.49565],[-81.79416,41.49665],[-81.74475,41.48715],[-81.73875,41.48855],[-81.71095,41.50175],[-81.66485,41.53145],[-81.63365,41.54046],[-81.59975,41.56065],[-81.52974,41.61455],[-81.50044,41.62345],[-81.48864,41.63135],[-81.46604,41.64915],[-81.44264,41.67325],[-81.35323,41.72774],[-81.30163,41.75054],[-81.28692,41.76024],[-81.26422,41.75814],[-81.24867,41.76129],[-81.11289,41.81757],[-81.02452,41.84647],[-81.01049,41.85396],[-80.90034,41.86891],[-80.81494,41.89769],[-80.80079,41.90964],[-80.78468,41.91152],[-80.78205,41.90664],[-80.72082,41.91974],[-80.51942,41.97752],[-80.51899,40.6388],[-80.55113,40.62885],[-80.57674,40.61422],[-80.59876,40.62526],[-80.62717,40.61994],[-80.66256,40.5916],[-80.66796,40.5825],[-80.66692,40.57366],[-80.65244,40.56254],[-80.63311,40.53871],[-80.62751,40.53579],[-80.618,40.50205],[-80.59549,40.47527],[-80.59609,40.46337],[-80.6123,40.43487],[-80.61219,40.40267],[-80.6322,40.39367],[-80.6336,40.39047],[-80.63074,40.3849],[-80.6192,40.38177],[-80.6097,40.37497],[-80.6076,40.36957],[-80.6128,40.34767],[-80.5999,40.31767],[-80.6029,40.30707],[-80.6149,40.29197],[-80.6193,40.26517],[-80.6521,40.24497],[-80.66154,40.2298],[-80.6681,40.19967],[-80.68614,40.18161],[-80.7046,40.15482],[-80.71004,40.13831],[-80.71055,40.12527],[-80.7067,40.11087],[-80.7091,40.10147],[-80.7307,40.08647],[-80.7386,40.07567],[-80.7309,40.04667],[-80.7419,40.00793],[-80.73872,39.98511],[-80.74013,39.97079],[-80.75853,39.95924],[-80.76448,39.95025],[-80.75643,39.91393],[-80.76259,39.90891],[-80.79571,39.91969],[-80.80602,39.91713],[-80.80901,39.90323],[-80.79399,39.88279],[-80.79076,39.86728],[-80.7999,39.85891],[-80.82128,39.84998],[-80.82612,39.84424],[-80.82218,39.81171],[-80.82608,39.79858],[-80.86305,39.7752],[-80.86909,39.76636],[-80.86534,39.75325],[-80.84609,39.73781],[-80.83155,39.71948],[-80.83187,39.70566],[-80.8637,39.69172],[-80.86665,39.65262],[-80.88036,39.62071],[-80.89221,39.61676],[-80.92584,39.6174],[-80.97044,39.59013],[-81.07059,39.51599],[-81.10083,39.48718],[-81.11443,39.46628],[-81.13253,39.44627],[-81.17063,39.43917],[-81.18595,39.43073],[-81.20823,39.40715],[-81.21165,39.39298],[-81.21731,39.38759],[-81.22358,39.38606],[-81.24184,39.39028],[-81.27072,39.38591],[-81.29752,39.37438],[-81.34757,39.34577],[-81.37596,39.3417],[-81.38456,39.34345],[-81.39379,39.35171],[-81.40669,39.38809],[-81.41271,39.39462],[-81.43564,39.40847],[-81.45614,39.40927],[-81.47319,39.40017],[-81.50319,39.37324],[-81.54235,39.35287],[-81.55755,39.33877],[-81.56525,39.27618],[-81.57025,39.26767],[-81.58556,39.26875],[-81.60335,39.27553],[-81.62131,39.27364],[-81.65614,39.27736],[-81.67833,39.27376],[-81.68948,39.26604],[-81.69638,39.25704],[-81.6924,39.22644],[-81.70091,39.22084],[-81.72697,39.21507],[-81.73708,39.19384],[-81.75575,39.18098],[-81.74357,39.14193],[-81.74215,39.11678],[-81.74545,39.09808],[-81.76075,39.08408],[-81.77555,39.07838],[-81.80306,39.08388],[-81.81065,39.08328],[-81.81386,39.07928],[-81.81166,39.05958],[-81.80335,39.04768],[-81.77285,39.02618],[-81.76425,39.01528],[-81.76515,39.00258],[-81.77406,38.99368],[-81.78182,38.96493],[-81.77885,38.95589],[-81.75697,38.93715],[-81.75851,38.92794],[-81.76266,38.92412],[-81.77411,38.92296],[-81.78565,38.92619],[-81.81423,38.94617],[-81.82735,38.9459],[-81.84449,38.92875],[-81.84531,38.91009],[-81.85597,38.89273],[-81.88923,38.87428],[-81.89854,38.87458],[-81.91031,38.87929],[-81.928,38.89349],[-81.92667,38.90131],[-81.89847,38.9296],[-81.90059,38.93767],[-81.93319,38.98766],[-81.95145,38.99603],[-81.97937,38.99319],[-81.98706,39.01198],[-82.00226,39.02788],[-82.01756,39.03008],[-82.03596,39.02548],[-82.05156,38.99438],[-82.09157,38.97378],[-82.09486,38.96458],[-82.10907,38.94558],[-82.11167,38.93258],[-82.12887,38.90998],[-82.14317,38.89808],[-82.14527,38.88348],[-82.13922,38.86502],[-82.14487,38.84048],[-82.16157,38.82463],[-82.19117,38.81514],[-82.20929,38.80267],[-82.22157,38.78719],[-82.22045,38.77374],[-82.21661,38.76835],[-82.19888,38.75773],[-82.18827,38.73408],[-82.18247,38.70878],[-82.19087,38.68038],[-82.18557,38.65958],[-82.17267,38.62968],[-82.17207,38.61928],[-82.17727,38.60378],[-82.18877,38.59498],[-82.20517,38.59172],[-82.22217,38.59138],[-82.24597,38.59848],[-82.26207,38.59818],[-82.27427,38.59368],[-82.29127,38.57898],[-82.29567,38.53848],[-82.30397,38.51768],[-82.30422,38.49631],[-82.31811,38.45788],[-82.33034,38.4445],[-82.38177,38.43478],[-82.40488,38.43935],[-82.5402,38.40367],[-82.56066,38.40434],[-82.57998,38.41013],[-82.59692,38.4267],[-82.60409,38.45984],[-82.61046,38.47146],[-82.65705,38.49682],[-82.69662,38.54211],[-82.73096,38.55926],[-82.77947,38.55902],[-82.80011,38.56318],[-82.82016,38.5727],[-82.84431,38.59086],[-82.85429,38.61345],[-82.85939,38.66038],[-82.87759,38.69018],[-82.87039,38.72208],[-82.87129,38.73938],[-82.87949,38.75148],[-82.88919,38.75608],[-82.92369,38.75008],[-82.97939,38.72598],[-83.01182,38.73006],[-83.0307,38.72572],[-83.0531,38.69583],[-83.06432,38.68898],[-83.10275,38.67732],[-83.11237,38.67168],[-83.12255,38.6592],[-83.12897,38.64023],[-83.14284,38.62508],[-83.15693,38.62055],[-83.20245,38.61696],[-83.2324,38.62757],[-83.24557,38.62794],[-83.26401,38.62154],[-83.28651,38.59924],[-83.29419,38.59659],[-83.30783,38.60082],[-83.31754,38.60924],[-83.32238,38.63061],[-83.32764,38.63749],[-83.35644,38.65401],[-83.38475,38.66317],[-83.44699,38.67014],[-83.46806,38.67547],[-83.49334,38.69419],[-83.52095,38.70305],[-83.61574,38.68415],[-83.62692,38.67939],[-83.63621,38.67058],[-83.64591,38.63701],[-83.6593,38.62859],[-83.67948,38.63004],[-83.72078,38.6467],[-83.76509,38.65288],[-83.77216,38.65815],[-83.78711,38.69949],[-83.82185,38.70958],[-83.8367,38.71786],[-83.84169,38.72426],[-83.84873,38.74718],[-83.86653,38.7602],[-83.92699,38.77156],[-83.94398,38.78362],[-83.96212,38.78738],[-83.97881,38.7871],[-84.04449,38.77057],[-84.07149,38.77047],[-84.15591,38.79491],[-84.2129,38.80571],[-84.2253,38.81766],[-84.23131,38.83055],[-84.23445,38.89323],[-84.25701,38.92321],[-84.28816,38.95579],[-84.29508,38.96829],[-84.29726,38.98969],[-84.3047,39.00646],[-84.32654,39.02746],[-84.34604,39.03696],[-84.38684,39.04516],[-84.40694,39.04566],[-84.42573,39.05306],[-84.43234,39.06756],[-84.43554,39.10226],[-84.44524,39.11446],[-84.45534,39.12036],[-84.47624,39.11916],[-84.49654,39.10026],[-84.50974,39.09366],[-84.52464,39.09216],[-84.54134,39.09916],[-84.55084,39.09936],[-84.57214,39.08206],[-84.60793,39.07324],[-84.63245,39.07676],[-84.65725,39.09546],[-84.68485,39.10046],[-84.71855,39.13706],[-84.74415,39.14746],[-84.75445,39.14666],[-84.76675,39.13856],[-84.78768,39.1153],[-84.82016,39.10548],[-84.82016,39.22722]]]]}},{"type":"Feature","id":40,"properties":{"code":"OK","name":"Oklahoma"},"geometry":{"type":"Polygon","coordinates":[[[-103.00257,36.52659],[-103.0022,37.0001],[-102.77857,36.99924],[-102.69814,36.99515],[-102.04224,36.99308],[-100.11572,37.00221],[-98.2195,36.99782],[-94.61796,36.99891],[-94.61792,36.49941],[-94.5779,36.24955],[-94.43121,35.39429],[-94.43391,35.38739],[-94.43152,35.36959],[-94.45753,34.64296],[-94.48751,33.62894],[-94.4915,33.62512],[-94.52072,33.61657],[-94.52629,33.6192],[-94.52893,33.62184],[-94.52922,33.63444],[-94.53332,33.63766],[-94.54914,33.6359],[-94.55266,33.63825],[-94.55207,33.65348],[-94.55705,33.6567],[-94.57082,33.65494],[-94.56994,33.66637],[-94.57962,33.67762],[-94.58664,33.67897],[-94.5969,33.67135],[-94.60305,33.67135],[-94.62121,33.68102],[-94.63527,33.66989],[-94.64289,33.66842],[-94.64846,33.6734],[-94.64846,33.68453],[-94.65226,33.69098],[-94.65917,33.69214],[-94.68479,33.68435],[-94.70786,33.68688],[-94.71072,33.69165],[-94.71104,33.70567],[-94.71901,33.70822],[-94.72824,33.69962],[-94.73238,33.70025],[-94.73907,33.71013],[-94.73939,33.72255],[-94.74258,33.72701],[-94.76296,33.73179],[-94.76774,33.73752],[-94.76646,33.7509],[-94.77092,33.7544],[-94.79863,33.74453],[-94.81743,33.75217],[-94.82475,33.7493],[-94.8308,33.74007],[-94.8493,33.73958],[-94.8693,33.74587],[-94.87708,33.75222],[-94.87603,33.76077],[-94.87922,33.76491],[-94.88623,33.76459],[-94.90228,33.77629],[-94.91143,33.77838],[-94.91961,33.7863],[-94.91683,33.80462],[-94.91945,33.81018],[-94.92452,33.81279],[-94.9358,33.81034],[-94.9443,33.81214],[-94.94872,33.81802],[-94.94953,33.82571],[-94.95768,33.835],[-94.9644,33.83702],[-94.9689,33.86092],[-94.97341,33.86173],[-94.98165,33.85228],[-94.98849,33.851],[-95.00022,33.8625],[-95.00838,33.86609],[-95.02232,33.85981],[-95.04657,33.86256],[-95.06549,33.89959],[-95.07126,33.9016],[-95.084,33.89328],[-95.09044,33.89328],[-95.10077,33.91219],[-95.11096,33.913],[-95.12237,33.91863],[-95.12118,33.93131],[-95.1247,33.93467],[-95.16111,33.9376],[-95.18408,33.95035],[-95.22639,33.96195],[-95.23049,33.96076],[-95.25291,33.93365],[-95.25074,33.91708],[-95.2531,33.90544],[-95.26385,33.89926],[-95.27785,33.90088],[-95.28345,33.87775],[-95.28786,33.87495],[-95.33345,33.88629],[-95.33912,33.86887],[-95.40779,33.86631],[-95.44737,33.86885],[-95.46335,33.87231],[-95.4615,33.88369],[-95.46492,33.88671],[-95.49203,33.87482],[-95.5023,33.87474],[-95.50608,33.87639],[-95.50623,33.88631],[-95.5153,33.89114],[-95.53328,33.88116],[-95.5452,33.88029],[-95.55209,33.88842],[-95.54914,33.90795],[-95.55941,33.93018],[-95.59968,33.93425],[-95.60366,33.92719],[-95.63698,33.90661],[-95.66534,33.90813],[-95.68483,33.89023],[-95.69696,33.88522],[-95.71354,33.88512],[-95.73751,33.89597],[-95.75637,33.89263],[-95.76192,33.8834],[-95.76256,33.87437],[-95.75351,33.85646],[-95.75802,33.85008],[-95.77207,33.84382],[-95.78987,33.85769],[-95.80515,33.8613],[-95.8206,33.85847],[-95.82078,33.84056],[-95.82824,33.83605],[-95.83752,33.83564],[-95.85947,33.85246],[-95.88129,33.86063],[-95.91596,33.88115],[-95.9352,33.8871],[-95.93663,33.87062],[-95.94428,33.85981],[-95.97216,33.85637],[-95.99149,33.86687],[-95.99675,33.8644],[-95.99835,33.85105],[-96.0196,33.84057],[-96.02223,33.85092],[-96.02946,33.8524],[-96.03719,33.84125],[-96.04883,33.83647],[-96.08463,33.84666],[-96.10009,33.84797],[-96.09764,33.83794],[-96.09936,33.83047],[-96.10999,33.8324],[-96.12295,33.83996],[-96.14807,33.8378],[-96.15163,33.83195],[-96.14879,33.8192],[-96.15077,33.81699],[-96.17589,33.81463],[-96.17896,33.81055],[-96.17515,33.80195],[-96.16212,33.79614],[-96.16945,33.77013],[-96.17806,33.76052],[-96.22052,33.74739],[-96.22902,33.74802],[-96.2699,33.76841],[-96.29248,33.76642],[-96.30301,33.75088],[-96.30739,33.73501],[-96.30703,33.71999],[-96.31692,33.699],[-96.3211,33.6951],[-96.34831,33.68638],[-96.35595,33.68715],[-96.3622,33.69182],[-96.36959,33.71681],[-96.40847,33.75119],[-96.42264,33.77604],[-96.44804,33.78103],[-96.45915,33.77523],[-96.50027,33.77258],[-96.51591,33.7878],[-96.51658,33.80317],[-96.52666,33.82089],[-96.53287,33.82301],[-96.55122,33.81913],[-96.57294,33.8191],[-96.59293,33.83092],[-96.62929,33.84549],[-96.62897,33.85241],[-96.61197,33.86902],[-96.59011,33.88067],[-96.58536,33.88895],[-96.58793,33.89478],[-96.62829,33.89448],[-96.6599,33.91667],[-96.66719,33.91694],[-96.67345,33.91228],[-96.68095,33.8962],[-96.68473,33.8629],[-96.69957,33.83905],[-96.71242,33.83163],[-96.76159,33.82441],[-96.77068,33.82962],[-96.78057,33.8601],[-96.79428,33.86889],[-96.83216,33.87483],[-96.83978,33.8684],[-96.84159,33.85289],[-96.85059,33.84721],[-96.85609,33.84749],[-96.87528,33.86051],[-96.88301,33.86802],[-96.89573,33.89641],[-96.90243,33.94202],[-96.9163,33.9578],[-96.92427,33.95916],[-96.97381,33.9357],[-96.97982,33.94159],[-96.98134,33.95638],[-96.99084,33.9527],[-96.99618,33.94173],[-96.98494,33.90487],[-96.98557,33.88652],[-97.0239,33.84421],[-97.04125,33.83776],[-97.05584,33.85574],[-97.06807,33.86046],[-97.08725,33.85345],[-97.09048,33.84484],[-97.08345,33.84046],[-97.05782,33.83452],[-97.04888,33.82521],[-97.04815,33.81746],[-97.07859,33.81276],[-97.09211,33.8041],[-97.09524,33.79414],[-97.08522,33.76551],[-97.0862,33.74393],[-97.09409,33.73099],[-97.10452,33.72261],[-97.1261,33.71694],[-97.15507,33.72444],[-97.17219,33.73754],[-97.18779,33.7697],[-97.1904,33.78115],[-97.20543,33.80149],[-97.20499,33.81887],[-97.1997,33.82732],[-97.19583,33.8308],[-97.18137,33.83138],[-97.17163,33.83534],[-97.16682,33.8404],[-97.16663,33.84731],[-97.18085,33.8952],[-97.21092,33.91606],[-97.22652,33.91464],[-97.24495,33.90309],[-97.24921,33.8751],[-97.25564,33.8637],[-97.27911,33.86456],[-97.29924,33.88018],[-97.30749,33.8782],[-97.31824,33.86512],[-97.32416,33.86602],[-97.32756,33.8739],[-97.33294,33.87444],[-97.33939,33.86763],[-97.34834,33.84388],[-97.36874,33.82147],[-97.42649,33.8194],[-97.45306,33.82854],[-97.46286,33.84177],[-97.45147,33.87093],[-97.45095,33.8914],[-97.46038,33.90395],[-97.4865,33.91699],[-97.50096,33.91964],[-97.52528,33.91175],[-97.55154,33.89795],[-97.58744,33.90248],[-97.59712,33.91787],[-97.59151,33.9282],[-97.5896,33.95355],[-97.63378,33.98126],[-97.65621,33.98949],[-97.67177,33.99137],[-97.69311,33.9837],[-97.70968,33.955],[-97.72529,33.94105],[-97.73372,33.93639],[-97.76277,33.9344],[-97.7594,33.91882],[-97.76545,33.91353],[-97.78372,33.91056],[-97.77968,33.89924],[-97.78466,33.89063],[-97.80158,33.88514],[-97.80542,33.87717],[-97.83433,33.85767],[-97.87145,33.849],[-97.89674,33.85798],[-97.93674,33.8792],[-97.95122,33.87842],[-97.96778,33.88243],[-97.97786,33.88993],[-97.98454,33.9007],[-97.9788,33.91255],[-97.96987,33.906],[-97.95716,33.91445],[-97.9534,33.93644],[-97.97118,33.93713],[-97.97417,33.94283],[-97.96035,33.95193],[-97.94573,33.98984],[-97.95833,33.99085],[-97.97417,34.00672],[-97.98739,33.99982],[-98.02767,33.99336],[-98.0552,33.99584],[-98.0882,34.00548],[-98.10548,34.03131],[-98.10402,34.03623],[-98.09727,34.03897],[-98.09618,34.04463],[-98.11459,34.06228],[-98.12021,34.07213],[-98.11942,34.08447],[-98.09933,34.1043],[-98.08975,34.12821],[-98.10946,34.15411],[-98.12338,34.15454],[-98.13082,34.15053],[-98.15435,34.12273],[-98.16912,34.11417],[-98.20371,34.11768],[-98.24101,34.1331],[-98.25647,34.12948],[-98.2939,34.13302],[-98.32545,34.15102],[-98.36402,34.15711],[-98.38124,34.14945],[-98.39844,34.12846],[-98.40097,34.12224],[-98.39816,34.1214],[-98.39978,34.09997],[-98.41443,34.08507],[-98.42,34.08249],[-98.42848,34.08552],[-98.44009,34.08431],[-98.44903,34.07346],[-98.48633,34.0626],[-98.50418,34.07237],[-98.5282,34.09496],[-98.53626,34.10734],[-98.55092,34.11933],[-98.57245,34.14509],[-98.59979,34.16057],[-98.61673,34.15642],[-98.64807,34.16444],[-98.69007,34.13316],[-98.73429,34.13576],[-98.74197,34.12553],[-98.75704,34.12463],[-98.76557,34.13638],[-98.79202,34.14374],[-98.81295,34.15844],[-98.83111,34.16215],[-98.85559,34.16162],[-98.86012,34.14991],[-98.86812,34.14964],[-98.87487,34.15566],[-98.87121,34.16301],[-98.87292,34.16658],[-98.91833,34.18183],[-98.95251,34.21265],[-98.96079,34.21303],[-98.96247,34.20467],[-98.9663,34.20132],[-98.97413,34.20357],[-98.98136,34.21758],[-98.98729,34.22122],[-99.00076,34.21764],[-99.00292,34.20878],[-99.01308,34.20322],[-99.03627,34.20691],[-99.04347,34.19821],[-99.05808,34.20057],[-99.06646,34.2084],[-99.07954,34.21152],[-99.10876,34.2034],[-99.12657,34.203],[-99.13188,34.20738],[-99.12661,34.21533],[-99.13061,34.21941],[-99.13822,34.21916],[-99.15902,34.20888],[-99.18951,34.21431],[-99.19268,34.21883],[-99.19015,34.22966],[-99.19715,34.2443],[-99.19561,34.28084],[-99.20756,34.2835],[-99.21165,34.29223],[-99.21348,34.31067],[-99.20972,34.32494],[-99.21313,34.34037],[-99.23261,34.34238],[-99.23723,34.36272],[-99.24295,34.37267],[-99.24897,34.37598],[-99.2587,34.37263],[-99.27493,34.3849],[-99.27396,34.38756],[-99.25898,34.39124],[-99.26132,34.4035],[-99.29465,34.41537],[-99.31961,34.40887],[-99.33404,34.42754],[-99.35671,34.44214],[-99.35467,34.45186],[-99.3588,34.45586],[-99.36961,34.4587],[-99.38101,34.45694],[-99.39496,34.4421],[-99.3969,34.41869],[-99.39149,34.40563],[-99.39725,34.37787],[-99.40296,34.37348],[-99.40885,34.37278],[-99.42043,34.38046],[-99.43099,34.37341],[-99.44076,34.37412],[-99.45265,34.38825],[-99.47097,34.39647],[-99.48722,34.39796],[-99.49988,34.40961],[-99.51428,34.41403],[-99.54924,34.41271],[-99.5697,34.41842],[-99.58006,34.41665],[-99.58448,34.40767],[-99.58544,34.38891],[-99.60003,34.37469],[-99.6242,34.37358],[-99.64966,34.37989],[-99.66271,34.37368],[-99.67828,34.3798],[-99.69646,34.38104],[-99.71268,34.39093],[-99.71509,34.40075],[-99.72026,34.4063],[-99.75425,34.42129],[-99.76723,34.4305],[-99.7656,34.43749],[-99.77574,34.44423],[-99.78299,34.44436],[-99.79368,34.45389],[-99.81431,34.4762],[-99.82533,34.4976],[-99.85307,34.51159],[-99.88715,34.54905],[-99.91577,34.56598],[-99.92321,34.57455],[-99.94572,34.57927],[-99.95457,34.5782],[-99.9589,34.57127],[-99.97155,34.56218],[-100.00038,34.56051],[-100.00041,36.4997],[-103.00243,36.5004],[-103.00257,36.52659]]]}},{"type":"Feature","id":41,"properties":{"code":"OR","name":"Oregon"},"geometry":{"type":"Polygon","coordinates":[[[-124.55244,42.84057],[-124.50014,42.9175],[-124.45692,43.00032],[-124.4362,43.07131],[-124.43224,43.09738],[-124.43445,43.11599],[-124.42411,43.12686],[-124.40173,43.1849],[-124.3953,43.2111],[-124.39561,43.22391],[-124.38246,43.27017],[-124.38889,43.29052],[-124.39399,43.29926],[-124.40281,43.30587],[-124.38764,43.32597],[-124.37304,43.33895],[-124.35333,43.34267],[-124.34159,43.35134],[-124.31501,43.38839],[-124.2869,43.4363],[-124.25561,43.50217],[-124.23353,43.55713],[-124.16839,43.8089],[-124.1427,43.95818],[-124.12241,44.10444],[-124.12582,44.12613],[-124.11701,44.17191],[-124.11105,44.23507],[-124.10895,44.26548],[-124.10974,44.2706],[-124.11595,44.27464],[-124.1152,44.28649],[-124.10907,44.30371],[-124.10956,44.31455],[-124.10059,44.33193],[-124.0844,44.41561],[-124.08211,44.44152],[-124.0836,44.50112],[-124.07639,44.53121],[-124.06725,44.60804],[-124.06914,44.61298],[-124.05828,44.65887],[-124.06004,44.66936],[-124.07039,44.68351],[-124.06341,44.70318],[-124.05908,44.73766],[-124.06633,44.76267],[-124.07547,44.7714],[-124.07407,44.79811],[-124.06675,44.83119],[-124.05415,44.83823],[-124.04881,44.85001],[-124.02514,44.92818],[-124.02383,44.94982],[-124.00439,45.0462],[-124.01799,45.04981],[-124.01585,45.06476],[-124.01216,45.07692],[-124.00606,45.08474],[-123.98953,45.09405],[-123.97543,45.14548],[-123.96819,45.20122],[-123.97292,45.21678],[-123.96289,45.28022],[-123.96417,45.31703],[-123.9729,45.33689],[-124.00776,45.33681],[-124.00749,45.33974],[-123.97971,45.34772],[-123.9734,45.35479],[-123.96573,45.38624],[-123.96056,45.43078],[-123.96407,45.44911],[-123.97295,45.46751],[-123.97654,45.48973],[-123.96634,45.49342],[-123.95757,45.5104],[-123.94756,45.56488],[-123.95671,45.5713],[-123.95125,45.58577],[-123.939,45.66192],[-123.93945,45.7088],[-123.94312,45.72703],[-123.96856,45.75702],[-123.98258,45.76181],[-123.98186,45.76828],[-123.96946,45.78237],[-123.96154,45.8371],[-123.96274,45.86997],[-123.96763,45.90781],[-123.9795,45.93039],[-123.99304,45.93884],[-123.9937,45.94643],[-123.96999,45.96914],[-123.95744,45.97447],[-123.93747,45.97731],[-123.92789,46.00956],[-123.92933,46.04198],[-123.93337,46.07167],[-123.94753,46.11613],[-123.95919,46.14167],[-124.01034,46.22351],[-124.0243,46.22926],[-124.01135,46.23622],[-123.99805,46.23533],[-123.97294,46.21268],[-123.92704,46.19162],[-123.9042,46.16929],[-123.8548,46.15734],[-123.84285,46.16053],[-123.84152,46.16982],[-123.86335,46.18235],[-123.86664,46.18767],[-123.86421,46.18953],[-123.8388,46.19221],[-123.82183,46.19029],[-123.7832,46.19854],[-123.75759,46.213],[-123.71815,46.18899],[-123.69343,46.18981],[-123.67418,46.1982],[-123.67383,46.21542],[-123.66675,46.21823],[-123.64423,46.21317],[-123.61951,46.21531],[-123.54819,46.24824],[-123.54766,46.25911],[-123.50124,46.271],[-123.47484,46.26783],[-123.44759,46.24983],[-123.42763,46.22935],[-123.43085,46.18183],[-123.37143,46.14637],[-123.28017,46.14484],[-123.2312,46.16615],[-123.16641,46.18897],[-123.1159,46.18527],[-123.0413,46.14635],[-123.00423,46.13382],[-122.96268,46.10482],[-122.90412,46.08373],[-122.88448,46.06028],[-122.87809,46.03128],[-122.85616,46.01447],[-122.83764,45.98082],[-122.814,45.96098],[-122.80619,45.93242],[-122.81151,45.91273],[-122.79809,45.88433],[-122.78503,45.8677],[-122.7857,45.84422],[-122.79596,45.82502],[-122.7956,45.81],[-122.76953,45.78058],[-122.76145,45.75916],[-122.76011,45.73441],[-122.77251,45.69964],[-122.77451,45.68044],[-122.76381,45.65714],[-122.73811,45.64414],[-122.71331,45.63744],[-122.67501,45.61804],[-122.64391,45.60974],[-122.60261,45.60764],[-122.54815,45.59677],[-122.47931,45.57976],[-122.45389,45.56731],[-122.43867,45.56359],[-122.3803,45.57594],[-122.3528,45.56944],[-122.3315,45.54824],[-122.2949,45.54354],[-122.2667,45.54384],[-122.24899,45.54774],[-122.2017,45.56414],[-122.1837,45.5777],[-122.14075,45.58451],[-122.11236,45.58141],[-122.10168,45.58352],[-122.04437,45.60952],[-122.02257,45.61515],[-122.00369,45.61593],[-121.98304,45.62281],[-121.96355,45.63278],[-121.95573,45.64356],[-121.93515,45.64417],[-121.90827,45.6544],[-121.90086,45.66201],[-121.90185,45.67072],[-121.86717,45.69328],[-121.8113,45.70676],[-121.7351,45.69404],[-121.70736,45.69481],[-121.66836,45.70508],[-121.63117,45.70466],[-121.53311,45.72654],[-121.49915,45.72085],[-121.46285,45.70137],[-121.42359,45.69399],[-121.40174,45.69289],[-121.37257,45.70311],[-121.33777,45.70495],[-121.3122,45.69993],[-121.28732,45.68702],[-121.21578,45.67124],[-121.20037,45.64983],[-121.19523,45.62951],[-121.19656,45.61669],[-121.18384,45.60644],[-121.16785,45.6061],[-121.14553,45.60789],[-121.13948,45.61196],[-121.13195,45.60976],[-121.11705,45.61812],[-121.12006,45.62313],[-121.08493,45.64789],[-121.06437,45.65255],[-121.00745,45.65322],[-120.98348,45.64834],[-120.95308,45.65675],[-120.94398,45.65644],[-120.91348,45.64005],[-120.89557,45.64294],[-120.85567,45.67155],[-120.78887,45.68625],[-120.68937,45.71585],[-120.66887,45.73015],[-120.63497,45.74585],[-120.59117,45.74655],[-120.55947,45.73835],[-120.50586,45.70005],[-120.48236,45.69445],[-120.40396,45.69925],[-120.28216,45.72125],[-120.21075,45.72595],[-120.17045,45.76195],[-120.14135,45.77315],[-120.07015,45.78515],[-119.96574,45.82437],[-119.90746,45.82814],[-119.80266,45.84753],[-119.77293,45.84558],[-119.66988,45.85687],[-119.62339,45.90564],[-119.60055,45.91958],[-119.57158,45.92546],[-119.52463,45.90861],[-119.48783,45.90631],[-119.45026,45.91735],[-119.3644,45.9216],[-119.32251,45.93318],[-119.25715,45.93993],[-119.19553,45.92787],[-119.1695,45.9276],[-119.12612,45.93286],[-119.09322,45.94275],[-119.06146,45.95853],[-119.02706,45.96913],[-119.00856,45.97927],[-118.98713,45.99985],[-118.94124,46.00057],[-117.99691,46.00079],[-116.91599,45.99541],[-116.89293,45.9744],[-116.88684,45.95862],[-116.87571,45.94501],[-116.86965,45.9238],[-116.8598,45.90726],[-116.84355,45.89227],[-116.81414,45.87755],[-116.79605,45.85847],[-116.78779,45.84427],[-116.78907,45.83347],[-116.78268,45.82538],[-116.75979,45.81617],[-116.73627,45.82618],[-116.71182,45.82627],[-116.69719,45.82014],[-116.68014,45.79359],[-116.66534,45.782],[-116.64634,45.77981],[-116.63203,45.78498],[-116.593,45.77854],[-116.55944,45.75519],[-116.54664,45.75097],[-116.5357,45.73423],[-116.53801,45.71493],[-116.5354,45.69173],[-116.52396,45.67764],[-116.48789,45.64977],[-116.46981,45.6206],[-116.4635,45.61579],[-116.46363,45.60278],[-116.48194,45.5779],[-116.50276,45.56661],[-116.52364,45.54661],[-116.53548,45.52508],[-116.54868,45.51038],[-116.5588,45.48119],[-116.55483,45.46293],[-116.56399,45.46017],[-116.58819,45.44292],[-116.59745,45.41277],[-116.61906,45.39821],[-116.67379,45.32151],[-116.67216,45.28894],[-116.67449,45.27635],[-116.69139,45.26374],[-116.70361,45.23976],[-116.70975,45.21724],[-116.70954,45.20302],[-116.7242,45.1715],[-116.72961,45.14209],[-116.75464,45.11397],[-116.77485,45.10554],[-116.78354,45.0936],[-116.78371,45.07697],[-116.79733,45.06027],[-116.82513,45.03784],[-116.84131,45.03091],[-116.84794,45.0226],[-116.84462,45.00144],[-116.85831,44.97876],[-116.85074,44.95811],[-116.83199,44.93301],[-116.83847,44.9236],[-116.85243,44.88758],[-116.86534,44.8706],[-116.89625,44.84833],[-116.9205,44.81438],[-116.9311,44.80478],[-116.9338,44.79678],[-116.9307,44.78988],[-116.9347,44.78388],[-116.9709,44.77388],[-116.9989,44.75638],[-117.0138,44.75684],[-117.03827,44.74818],[-117.06227,44.72714],[-117.0618,44.70665],[-117.07912,44.69217],[-117.08077,44.68416],[-117.09587,44.66474],[-117.09497,44.65201],[-117.09822,44.64069],[-117.10823,44.62711],[-117.11475,44.62488],[-117.12052,44.61466],[-117.12475,44.58383],[-117.14826,44.56437],[-117.14293,44.55724],[-117.14416,44.54565],[-117.14924,44.53615],[-117.16103,44.52517],[-117.18158,44.52296],[-117.18976,44.51338],[-117.20024,44.49203],[-117.20894,44.48566],[-117.22508,44.48235],[-117.22576,44.47722],[-117.21557,44.45375],[-117.21507,44.42716],[-117.22698,44.40558],[-117.24268,44.39655],[-117.24303,44.39097],[-117.23512,44.37385],[-117.19734,44.34741],[-117.18977,44.33658],[-117.20332,44.31302],[-117.2168,44.30824],[-117.22265,44.29758],[-117.21697,44.28836],[-117.19815,44.27383],[-117.17034,44.25889],[-117.14339,44.25826],[-117.13398,44.26297],[-117.12104,44.27759],[-117.10421,44.27994],[-117.09457,44.27098],[-117.0895,44.25823],[-117.06728,44.24401],[-117.05303,44.22908],[-117.04706,44.22974],[-117.04228,44.24278],[-117.03186,44.24864],[-116.9759,44.24284],[-116.97196,44.23568],[-116.97395,44.22593],[-116.97168,44.19726],[-116.94759,44.19126],[-116.93544,44.19396],[-116.92539,44.19154],[-116.9001,44.17685],[-116.89576,44.17127],[-116.89408,44.16019],[-116.9337,44.10004],[-116.94313,44.09406],[-116.9672,44.09094],[-116.97735,44.08536],[-116.97319,44.04942],[-116.94336,44.03565],[-116.93473,44.02381],[-116.93676,44.01061],[-116.94316,44.00154],[-116.93638,43.99157],[-116.93819,43.98459],[-116.95987,43.98293],[-116.97586,43.97391],[-116.96984,43.96759],[-116.95921,43.96636],[-116.96148,43.95266],[-116.969,43.93921],[-116.96764,43.93479],[-116.95999,43.93065],[-116.9601,43.92123],[-116.96583,43.91714],[-116.97958,43.91525],[-116.97602,43.89555],[-116.98294,43.86771],[-117.02107,43.85896],[-117.02271,43.8544],[-117.0107,43.84975],[-117.0077,43.84624],[-117.009,43.84232],[-117.01283,43.84],[-117.02516,43.84133],[-117.02956,43.83906],[-117.03288,43.83002],[-117.02358,43.82381],[-117.02188,43.81816],[-117.02663,43.8081],[-117.02684,43.73291],[-117.0262,41.99989],[-118.19719,41.99699],[-118.69641,41.99179],[-119.79009,41.99754],[-120.28642,41.99306],[-121.0352,41.99332],[-122.37819,42.00952],[-122.89396,42.00261],[-123.04525,42.00305],[-123.14596,42.00925],[-123.34756,41.99911],[-123.43477,42.00164],[-123.62455,41.99984],[-123.657,41.99514],[-124.21161,41.99846],[-124.21421,42.00594],[-124.27046,42.04555],[-124.28737,42.04602],[-124.29965,42.05174],[-124.34101,42.09293],[-124.35623,42.11495],[-124.35178,42.13497],[-124.3557,42.14196],[-124.36156,42.14377],[-124.36683,42.15845],[-124.36032,42.16227],[-124.36101,42.18075],[-124.37495,42.19313],[-124.37776,42.21881],[-124.38363,42.22716],[-124.41098,42.25055],[-124.40515,42.27811],[-124.41056,42.30743],[-124.42929,42.33175],[-124.42555,42.35187],[-124.42486,42.39543],[-124.42807,42.42033],[-124.4351,42.44016],[-124.42204,42.46123],[-124.42138,42.49174],[-124.39906,42.53993],[-124.39066,42.56659],[-124.38998,42.57476],[-124.40092,42.59752],[-124.40118,42.62719],[-124.41677,42.66159],[-124.45074,42.6758],[-124.44842,42.68991],[-124.47386,42.73267],[-124.49168,42.74179],[-124.51002,42.73475],[-124.51467,42.73681],[-124.52444,42.78979],[-124.55244,42.84057]]]}},{"type":"Feature","id":42,"properties":{"code":"PA","name":"Pennsylvania"},"geometry":{"type":"Polygon","coordinates":[[[-80.51989,40.90666],[-80.51942,41.97752],[-80.36325,42.02797],[-80.32998,42.03617],[-80.18809,42.09426],[-80.15408,42.11476],[-80.13621,42.14994],[-80.11737,42.16634],[-80.08851,42.17318],[-80.07739,42.17126],[-80.07338,42.16866],[-80.08003,42.16363],[-80.07198,42.15536],[-80.07878,42.15146],[-80.07198,42.14606],[-80.06108,42.14486],[-79.93132,42.20674],[-79.86798,42.231],[-79.84466,42.23549],[-79.76195,42.26986],[-79.76131,41.99881],[-77.83203,41.99852],[-76.92078,42.00177],[-76.34372,41.99835],[-75.35958,41.99945],[-75.34113,41.99277],[-75.3376,41.9867],[-75.3422,41.97287],[-75.32932,41.96823],[-75.31282,41.95018],[-75.30166,41.94838],[-75.30041,41.95387],[-75.29371,41.95459],[-75.28938,41.94289],[-75.27909,41.93892],[-75.27655,41.92221],[-75.26756,41.90705],[-75.26777,41.90197],[-75.27278,41.89711],[-75.27129,41.88736],[-75.26062,41.88378],[-75.25756,41.87711],[-75.26381,41.87076],[-75.26053,41.8638],[-75.2512,41.86204],[-75.24113,41.86712],[-75.23161,41.85946],[-75.22373,41.85746],[-75.21497,41.86745],[-75.204,41.86987],[-75.19438,41.86729],[-75.18525,41.85993],[-75.17663,41.87237],[-75.17056,41.87161],[-75.16873,41.85926],[-75.16154,41.84984],[-75.1529,41.84856],[-75.14024,41.85208],[-75.13098,41.84515],[-75.1156,41.84464],[-75.11333,41.82278],[-75.08948,41.81158],[-75.07806,41.81511],[-75.07217,41.81373],[-75.07689,41.79851],[-75.09288,41.79639],[-75.10146,41.78794],[-75.10464,41.7742],[-75.10099,41.76912],[-75.09545,41.76837],[-75.07594,41.77152],[-75.06076,41.76464],[-75.05343,41.75254],[-75.05482,41.73517],[-75.04986,41.71331],[-75.06663,41.71259],[-75.06883,41.70816],[-75.05274,41.68839],[-75.05128,41.67996],[-75.05933,41.67232],[-75.04992,41.66256],[-75.04866,41.63378],[-75.04356,41.62364],[-75.04422,41.61798],[-75.0473,41.61579],[-75.0601,41.61748],[-75.05973,41.6108],[-75.07167,41.6095],[-75.07461,41.60571],[-75.06001,41.59081],[-75.04676,41.58326],[-75.04049,41.56969],[-75.02734,41.56354],[-75.01852,41.5518],[-75.01614,41.54425],[-75.0248,41.5398],[-75.02476,41.5351],[-75.00385,41.52405],[-75.00091,41.51929],[-75.00315,41.5081],[-74.98437,41.50661],[-74.98217,41.49849],[-74.9856,41.48586],[-74.98334,41.48089],[-74.95826,41.4764],[-74.9418,41.48354],[-74.91252,41.47561],[-74.90689,41.46113],[-74.89036,41.45532],[-74.88908,41.45125],[-74.8964,41.44218],[-74.89391,41.43893],[-74.85858,41.44443],[-74.83067,41.4305],[-74.81799,41.44051],[-74.80758,41.44285],[-74.80123,41.4381],[-74.7954,41.42398],[-74.79042,41.42166],[-74.77324,41.42635],[-74.75859,41.42329],[-74.73846,41.43064],[-74.73473,41.4227],[-74.74172,41.40788],[-74.73855,41.40119],[-74.73038,41.39566],[-74.71598,41.39258],[-74.70846,41.3789],[-74.68952,41.36384],[-74.69491,41.35742],[-74.72092,41.34738],[-74.75324,41.34612],[-74.77159,41.32508],[-74.79504,41.32041],[-74.79256,41.31063],[-74.83006,41.2872],[-74.84632,41.26308],[-74.84693,41.25332],[-74.85715,41.24898],[-74.86741,41.22777],[-74.85963,41.21908],[-74.88214,41.18084],[-74.8997,41.16618],[-74.90526,41.15567],[-74.92317,41.13815],[-74.94507,41.12905],[-74.94791,41.12356],[-74.96429,41.11424],[-74.97987,41.11042],[-74.99172,41.09228],[-74.99101,41.08858],[-74.98478,41.08855],[-74.96943,41.09607],[-74.96676,41.09343],[-74.96839,41.0878],[-74.98259,41.07917],[-74.99485,41.07656],[-75.00638,41.06755],[-75.01113,41.06752],[-75.0257,41.04648],[-75.02578,41.03981],[-75.07053,41.01862],[-75.08979,41.01455],[-75.09556,41.00887],[-75.13057,40.99109],[-75.13552,40.97686],[-75.13378,40.97097],[-75.12044,40.9683],[-75.11776,40.95302],[-75.09553,40.92415],[-75.07928,40.91389],[-75.07596,40.89569],[-75.05366,40.87366],[-75.05131,40.8647],[-75.06432,40.8541],[-75.06325,40.85019],[-75.06601,40.84759],[-75.07668,40.84987],[-75.09578,40.84708],[-75.09701,40.83934],[-75.08552,40.83008],[-75.08393,40.82447],[-75.10028,40.80758],[-75.1008,40.7998],[-75.1085,40.79109],[-75.12309,40.78675],[-75.1344,40.77376],[-75.17159,40.77775],[-75.17904,40.7619],[-75.19653,40.75163],[-75.19535,40.74547],[-75.18208,40.73152],[-75.19442,40.71402],[-75.20392,40.6915],[-75.19692,40.6813],[-75.18056,40.67936],[-75.1768,40.67571],[-75.18276,40.66597],[-75.19085,40.66194],[-75.20045,40.64922],[-75.19148,40.63663],[-75.18858,40.62463],[-75.19069,40.61996],[-75.20181,40.61719],[-75.19229,40.60268],[-75.19015,40.59036],[-75.19511,40.57969],[-75.19235,40.57426],[-75.18315,40.56735],[-75.16861,40.56411],[-75.15845,40.56529],[-75.14191,40.57527],[-75.11729,40.57321],[-75.10032,40.56781],[-75.06861,40.54222],[-75.06194,40.48636],[-75.06778,40.47283],[-75.07057,40.45517],[-75.05885,40.41806],[-75.02832,40.40388],[-74.99638,40.41053],[-74.96551,40.39734],[-74.94872,40.36477],[-74.94378,40.34256],[-74.93971,40.33801],[-74.90831,40.31691],[-74.89161,40.31301],[-74.86821,40.29521],[-74.84231,40.25051],[-74.77136,40.2154],[-74.75431,40.18521],[-74.73721,40.17761],[-74.7223,40.16061],[-74.7243,40.14701],[-74.74061,40.13521],[-74.75888,40.13404],[-74.78211,40.12081],[-74.82231,40.12671],[-74.82841,40.12031],[-74.83511,40.10391],[-74.85441,40.09311],[-74.86091,40.08371],[-74.90901,40.07021],[-74.92531,40.07071],[-74.94441,40.06321],[-74.97471,40.04871],[-75.01112,40.02131],[-75.04702,40.00891],[-75.07202,39.98061],[-75.10812,39.97031],[-75.12692,39.96111],[-75.13352,39.95441],[-75.13612,39.93391],[-75.12792,39.91181],[-75.13082,39.90021],[-75.14542,39.88421],[-75.18932,39.88071],[-75.21043,39.86591],[-75.24343,39.8546],[-75.27116,39.84944],[-75.32323,39.84981],[-75.34176,39.84608],[-75.41506,39.80192],[-75.46331,39.82387],[-75.51841,39.83643],[-75.57982,39.83871],[-75.63471,39.83041],[-75.68604,39.81135],[-75.71706,39.79232],[-75.75323,39.75799],[-75.77379,39.7222],[-80.51934,39.7214],[-80.51989,40.90666]]]}},{"type":"Feature","id":44,"properties":{"code":"RI","name":"Rhode Island"},"geometry":{"type":"MultiPolygon","coordinates":[[[[-71.36152,41.46483],[-71.34707,41.47123],[-71.33599,41.46965],[-71.32738,41.47639],[-71.32782,41.48298],[-71.34301,41.49562],[-71.33069,41.5077],[-71.33083,41.51836],[-71.31308,41.53467],[-71.30365,41.55992],[-71.29436,41.57142],[-71.28514,41.57713],[-71.27344,41.60699],[-71.27241,41.61504],[-71.27523,41.61944],[-71.27186,41.62399],[-71.25108,41.63878],[-71.23323,41.64023],[-71.21919,41.65367],[-71.20498,41.65852],[-71.19564,41.67509],[-71.17599,41.6714],[-71.17609,41.6681],[-71.13289,41.6601],[-71.13569,41.6284],[-71.14047,41.62389],[-71.14091,41.6074],[-71.13131,41.59231],[-71.12057,41.49745],[-71.13687,41.49394],[-71.14109,41.48994],[-71.14022,41.48586],[-71.16734,41.4714],[-71.17013,41.46397],[-71.19302,41.45793],[-71.19686,41.46112],[-71.19017,41.48428],[-71.20638,41.49921],[-71.20079,41.51437],[-71.21356,41.54582],[-71.20865,41.57103],[-71.20778,41.60066],[-71.21266,41.61007],[-71.212,41.62299],[-71.21616,41.62549],[-71.24071,41.61923],[-71.2436,41.58751],[-71.23613,41.57477],[-71.23664,41.53585],[-71.22799,41.5283],[-71.24061,41.50056],[-71.23675,41.48337],[-71.24071,41.47487],[-71.2467,41.47196],[-71.24599,41.4813],[-71.25269,41.4859],[-71.26479,41.4889],[-71.28564,41.48781],[-71.29511,41.48435],[-71.30439,41.4545],[-71.31139,41.4508],[-71.31272,41.4546],[-71.32141,41.4556],[-71.33769,41.4489],[-71.3511,41.4508],[-71.36274,41.46038],[-71.36152,41.46483]]],[[[-71.36616,41.66098],[-71.34482,41.66701],[-71.3387,41.65878],[-71.33618,41.64796],[-71.32641,41.63604],[-71.30555,41.62252],[-71.30335,41.60659],[-71.31747,41.58319],[-71.3261,41.57858],[-71.33595,41.5859],[-71.33705,41.59469],[-71.32661,41.61611],[-71.32588,41.62399],[-71.35129,41.63578],[-71.36287,41.65146],[-71.36616,41.66098]]],[[[-71.40056,41.46094],[-71.39593,41.49222],[-71.38651,41.49307],[-71.37891,41.50495],[-71.39101,41.51458],[-71.39214,41.52447],[-71.38448,41.55674],[-71.37902,41.56777],[-71.37019,41.57396],[-71.36356,41.57086],[-71.35987,41.55631],[-71.36329,41.50195],[-71.3604,41.48312],[-71.38095,41.47456],[-71.39028,41.45504],[-71.39957,41.4486],[-71.40056,41.46094]]],[[[-71.61313,41.16028],[-71.60556,41.18214],[-71.59499,41.18839],[-71.58023,41.20484],[-71.57666,41.22443],[-71.56923,41.22638],[-71.56109,41.22421],[-71.55407,41.21296],[-71.56412,41.19537],[-71.56657,41.18475],[-71.56227,41.17617],[-71.546,41.16389],[-71.54561,41.15693],[-71.55195,41.15172],[-71.5937,41.14634],[-71.61171,41.15324],[-71.61313,41.16028]]],[[[-71.86211,41.31661],[-71.82959,41.34454],[-71.83595,41.35393],[-71.83774,41.36353],[-71.83161,41.3709],[-71.83344,41.38452],[-71.84213,41.39536],[-71.84256,41.40986],[-71.81839,41.4196],[-71.79768,41.41671],[-71.78699,41.65599],[-71.79924,42.00807],[-71.3814,42.0188],[-71.3817,41.8932],[-71.3387,41.8984],[-71.3408,41.8816],[-71.334,41.8623],[-71.3422,41.8448],[-71.3352,41.8355],[-71.3472,41.8231],[-71.3389,41.8083],[-71.3407,41.7983],[-71.3322,41.7923],[-71.3279,41.7805],[-71.26139,41.7523],[-71.22571,41.7116],[-71.22787,41.7055],[-71.24533,41.69485],[-71.23535,41.67213],[-71.25342,41.66059],[-71.2547,41.64906],[-71.26705,41.64494],[-71.27269,41.63853],[-71.28535,41.63685],[-71.3014,41.64998],[-71.30609,41.67258],[-71.30263,41.68175],[-71.29894,41.68152],[-71.29312,41.68835],[-71.29122,41.70267],[-71.30576,41.71866],[-71.31482,41.72381],[-71.33613,41.72496],[-71.35229,41.74506],[-71.36013,41.74949],[-71.36513,41.7775],[-71.37154,41.78335],[-71.39056,41.78371],[-71.38057,41.74595],[-71.38105,41.72732],[-71.37653,41.72165],[-71.36394,41.71739],[-71.36572,41.69495],[-71.37299,41.67258],[-71.37791,41.66665],[-71.38988,41.6719],[-71.39055,41.6841],[-71.44134,41.68645],[-71.4419,41.69002],[-71.44592,41.69114],[-71.44932,41.6874],[-71.44447,41.66441],[-71.42545,41.67079],[-71.4093,41.66264],[-71.40377,41.58932],[-71.44771,41.5804],[-71.44257,41.56508],[-71.4174,41.53454],[-71.41494,41.5163],[-71.42142,41.49863],[-71.4184,41.47265],[-71.42116,41.46989],[-71.42299,41.47268],[-71.43074,41.47064],[-71.42794,41.45953],[-71.43361,41.44499],[-71.45584,41.43299],[-71.45537,41.40796],[-71.47492,41.3861],[-71.48329,41.37172],[-71.52672,41.37664],[-71.55538,41.37332],[-71.6245,41.36087],[-71.72074,41.33157],[-71.78596,41.32574],[-71.83375,41.31563],[-71.85743,41.30632],[-71.86277,41.30979],[-71.86211,41.31661]]]]}},{"type":"Feature","id":45,"properties":{"code":"SC","name":"South Carolina"},"geometry":{"type":"Polygon","coordinates":[[[-83.35324,34.72865],[-83.34883,34.73719],[-83.33867,34.74229],[-83.32006,34.75962],[-83.32387,34.78971],[-83.31378,34.79991],[-83.30118,34.80401],[-83.30297,34.81221],[-83.29429,34.81473],[-83.28991,34.82448],[-83.27566,34.81686],[-83.26816,34.82139],[-83.26729,34.83275],[-83.26998,34.8372],[-83.26766,34.84529],[-83.2546,34.8464],[-83.2456,34.86552],[-83.23842,34.86977],[-83.23908,34.87566],[-83.22924,34.87991],[-83.2201,34.87812],[-83.21332,34.8828],[-83.20563,34.88014],[-83.20118,34.88465],[-83.20335,34.89372],[-83.18654,34.89953],[-83.16852,34.91788],[-83.16094,34.91827],[-83.15325,34.92634],[-83.14062,34.92491],[-83.13055,34.93093],[-83.12949,34.9374],[-83.12111,34.93913],[-83.12704,34.95378],[-83.12114,34.95897],[-83.12039,34.96841],[-83.10699,34.98272],[-83.1046,34.99278],[-83.10861,35.00066],[-82.78787,35.08502],[-82.77636,35.08135],[-82.78197,35.06682],[-82.77738,35.06414],[-82.7577,35.06802],[-82.74949,35.07849],[-82.73838,35.07945],[-82.72701,35.09414],[-82.7153,35.09294],[-82.6949,35.09846],[-82.68846,35.10635],[-82.69119,35.11472],[-82.68363,35.12583],[-82.67686,35.12535],[-82.66961,35.1181],[-82.66238,35.11812],[-82.64224,35.12922],[-82.62903,35.12615],[-82.62118,35.13464],[-82.60971,35.13904],[-82.59814,35.13773],[-82.58816,35.14293],[-82.57832,35.1421],[-82.56377,35.15158],[-82.55617,35.15174],[-82.55051,35.1595],[-82.54048,35.16031],[-82.52997,35.15562],[-82.51604,35.16344],[-82.49551,35.16431],[-82.48394,35.1738],[-82.46799,35.17463],[-82.46009,35.17814],[-82.45299,35.17469],[-82.4512,35.16526],[-82.43959,35.16586],[-82.43569,35.16772],[-82.41974,35.19861],[-82.40335,35.20447],[-82.39293,35.2154],[-82.38403,35.21054],[-82.37874,35.19805],[-82.3809,35.18957],[-82.3713,35.18145],[-82.3643,35.18473],[-82.36147,35.19083],[-82.34455,35.19311],[-82.33951,35.18893],[-82.33298,35.19065],[-82.33055,35.18677],[-82.32335,35.18479],[-82.31486,35.19109],[-82.27492,35.20007],[-82.17687,35.19379],[-81.71626,35.17885],[-81.04363,35.14988],[-81.05104,35.13165],[-81.03897,35.1263],[-81.03281,35.10805],[-81.03737,35.10254],[-81.05208,35.09628],[-81.05724,35.08613],[-81.05803,35.07319],[-81.05765,35.06243],[-81.04149,35.0447],[-80.93495,35.10741],[-80.78204,34.93578],[-80.79754,34.81979],[-79.6753,34.80474],[-79.35832,34.54536],[-79.24976,34.44977],[-78.54242,33.85228],[-78.58532,33.84488],[-78.6623,33.82133],[-78.7128,33.80139],[-78.76339,33.77477],[-78.79489,33.75639],[-78.8531,33.71545],[-78.93909,33.64013],[-79.00736,33.56656],[-79.02852,33.53337],[-79.08459,33.48367],[-79.13544,33.40387],[-79.1475,33.37824],[-79.15203,33.35092],[-79.16233,33.32725],[-79.18032,33.25414],[-79.18157,33.24133],[-79.17627,33.2111],[-79.19427,33.17257],[-79.23866,33.13808],[-79.24861,33.12588],[-79.28406,33.11667],[-79.32991,33.08999],[-79.34365,33.05179],[-79.36656,33.01117],[-79.41031,33.0084],[-79.42446,33.01608],[-79.46645,33.01151],[-79.48873,33.01583],[-79.50692,33.03281],[-79.52245,33.03535],[-79.55756,33.02127],[-79.58073,33.00645],[-79.58659,32.99133],[-79.60102,32.97928],[-79.61761,32.95273],[-79.61719,32.939],[-79.6074,32.92584],[-79.59307,32.92535],[-79.58176,32.92957],[-79.57378,32.92346],[-79.58158,32.90774],[-79.63115,32.88861],[-79.69595,32.8523],[-79.7024,32.83705],[-79.71989,32.82695],[-79.71871,32.81411],[-79.72639,32.806],[-79.81102,32.77696],[-79.81824,32.76635],[-79.84853,32.75525],[-79.86271,32.76153],[-79.86342,32.77102],[-79.886,32.78791],[-79.9232,32.78181],[-79.92736,32.77252],[-79.92855,32.75423],[-79.87911,32.75083],[-79.86835,32.73485],[-79.88709,32.70195],[-79.88496,32.6844],[-79.91568,32.66492],[-79.96847,32.63973],[-79.97525,32.63954],[-80.00591,32.611],[-80.03367,32.61157],[-80.10886,32.59628],[-80.14841,32.57848],[-80.16729,32.55989],[-80.19923,32.55898],[-80.25142,32.53404],[-80.27882,32.51808],[-80.33244,32.4781],[-80.33835,32.47873],[-80.34659,32.4977],[-80.35671,32.50152],[-80.39256,32.47533],[-80.41349,32.47067],[-80.4179,32.47608],[-80.4185,32.49089],[-80.42345,32.49799],[-80.43941,32.50347],[-80.45208,32.49729],[-80.47207,32.49696],[-80.48462,32.46098],[-80.48016,32.44705],[-80.4575,32.41026],[-80.43296,32.41066],[-80.42994,32.40178],[-80.42929,32.38967],[-80.4343,32.37519],[-80.44545,32.35034],[-80.45681,32.33688],[-80.45519,32.32646],[-80.46634,32.31917],[-80.50763,32.30512],[-80.56832,32.27775],[-80.59601,32.2787],[-80.62032,32.26041],[-80.63344,32.25642],[-80.64646,32.26507],[-80.64479,32.2915],[-80.68853,32.30285],[-80.7146,32.32566],[-80.73364,32.31947],[-80.73712,32.30603],[-80.75345,32.30682],[-80.76604,32.29261],[-80.76126,32.28004],[-80.73808,32.26417],[-80.7178,32.26697],[-80.67785,32.23641],[-80.67089,32.21716],[-80.69046,32.20072],[-80.72146,32.16043],[-80.73656,32.14809],[-80.81693,32.10917],[-80.82839,32.11322],[-80.84622,32.11378],[-80.90405,32.05594],[-80.90454,32.05111],[-80.89147,32.04287],[-80.89193,32.03388],[-80.91784,32.03757],[-80.92675,32.04167],[-80.95448,32.06862],[-80.98313,32.07961],[-80.99433,32.09461],[-81.0023,32.10005],[-81.01196,32.10018],[-81.03267,32.08545],[-81.05023,32.08531],[-81.06691,32.09035],[-81.08823,32.10395],[-81.0915,32.11078],[-81.11113,32.11201],[-81.11723,32.1176],[-81.12203,32.1618],[-81.12963,32.1656],[-81.11943,32.1754],[-81.11823,32.1892],[-81.12315,32.20133],[-81.14314,32.22173],[-81.15659,32.24391],[-81.14583,32.2634],[-81.13653,32.2727],[-81.12803,32.2763],[-81.11963,32.2876],[-81.12233,32.30539],[-81.13763,32.32819],[-81.13303,32.33479],[-81.13363,32.34129],[-81.14253,32.35089],[-81.15443,32.34609],[-81.15503,32.35009],[-81.17013,32.36132],[-81.16933,32.36944],[-81.18107,32.3804],[-81.17723,32.39169],[-81.20513,32.42379],[-81.20843,32.43599],[-81.20159,32.44136],[-81.20236,32.45045],[-81.19263,32.45629],[-81.18683,32.46409],[-81.20003,32.46798],[-81.23359,32.49849],[-81.23873,32.5089],[-81.23466,32.51627],[-81.25288,32.51833],[-81.27713,32.53542],[-81.27493,32.54416],[-81.28132,32.55646],[-81.29796,32.56303],[-81.32059,32.55953],[-81.32875,32.56123],[-81.36696,32.57706],[-81.36976,32.59123],[-81.37922,32.58902],[-81.38934,32.59544],[-81.41191,32.61841],[-81.41866,32.62939],[-81.41843,32.6347],[-81.41476,32.63744],[-81.41026,32.63139],[-81.40727,32.63174],[-81.40285,32.63621],[-81.40511,32.64269],[-81.39303,32.65154],[-81.39831,32.65631],[-81.40527,32.65652],[-81.40719,32.66052],[-81.40103,32.67749],[-81.40831,32.69491],[-81.4131,32.69265],[-81.42752,32.7019],[-81.42119,32.71198],[-81.41854,32.73259],[-81.41028,32.74465],[-81.4162,32.75043],[-81.41761,32.76268],[-81.4262,32.76832],[-81.42113,32.77804],[-81.42902,32.78551],[-81.425,32.79033],[-81.42377,32.81051],[-81.41798,32.8182],[-81.42161,32.83518],[-81.42647,32.84077],[-81.4436,32.85063],[-81.4512,32.84792],[-81.45395,32.84976],[-81.45598,32.85411],[-81.45135,32.86858],[-81.45392,32.87407],[-81.47592,32.87764],[-81.47944,32.88108],[-81.4771,32.88747],[-81.46407,32.89781],[-81.47918,32.90564],[-81.4832,32.9218],[-81.50243,32.93535],[-81.49945,32.94499],[-81.50705,32.95119],[-81.50844,32.95835],[-81.50645,32.96242],[-81.49983,32.96382],[-81.49474,32.979],[-81.49225,33.00934],[-81.50203,33.01511],[-81.51125,33.02779],[-81.53879,33.03919],[-81.54426,33.04691],[-81.55701,33.0451],[-81.5605,33.05521],[-81.57288,33.05418],[-81.58854,33.07085],[-81.59925,33.07181],[-81.59816,33.08108],[-81.60165,33.08469],[-81.60984,33.08216],[-81.60948,33.08986],[-81.61272,33.09395],[-81.64643,33.09455],[-81.65843,33.10315],[-81.68353,33.11265],[-81.70463,33.11645],[-81.74384,33.14145],[-81.76314,33.15945],[-81.77244,33.18045],[-81.76574,33.18795],[-81.76063,33.18925],[-81.75693,33.19785],[-81.76354,33.20365],[-81.76893,33.21745],[-81.78014,33.22115],[-81.77754,33.21135],[-81.78454,33.20815],[-81.80524,33.21145],[-81.80964,33.22265],[-81.82794,33.22875],[-81.85214,33.24754],[-81.84734,33.26635],[-81.84008,33.26704],[-81.83826,33.27298],[-81.86324,33.28884],[-81.86154,33.29794],[-81.84964,33.29954],[-81.84614,33.30384],[-81.8473,33.30678],[-81.86794,33.31404],[-81.87584,33.30744],[-81.88414,33.31044],[-81.88664,33.31694],[-81.89733,33.32233],[-81.89694,33.32764],[-81.9003,33.33112],[-81.90928,33.32418],[-81.91914,33.33444],[-81.91797,33.34159],[-81.92474,33.34534],[-81.93974,33.34494],[-81.93484,33.35604],[-81.94474,33.36404],[-81.94634,33.37064],[-81.93964,33.37254],[-81.93063,33.36816],[-81.92484,33.37414],[-81.93086,33.38008],[-81.93696,33.4042],[-81.92012,33.41075],[-81.91933,33.41561],[-81.92489,33.41931],[-81.92679,33.42658],[-81.91336,33.43742],[-81.92634,33.46294],[-81.93414,33.46834],[-81.98594,33.48654],[-81.99094,33.49424],[-81.99194,33.50444],[-82.00134,33.52014],[-82.00764,33.52334],[-82.01154,33.53173],[-82.03302,33.54645],[-82.04633,33.56383],[-82.05773,33.56677],[-82.0731,33.57751],[-82.09413,33.58274],[-82.10624,33.59564],[-82.11655,33.59649],[-82.12908,33.58993],[-82.14287,33.59428],[-82.15629,33.60863],[-82.17435,33.61312],[-82.18615,33.62088],[-82.19658,33.63058],[-82.20119,33.6469],[-82.20072,33.66464],[-82.23458,33.70022],[-82.2391,33.73087],[-82.24747,33.75259],[-82.2858,33.78006],[-82.29829,33.78352],[-82.30021,33.80063],[-82.32448,33.82003],[-82.34693,33.8343],[-82.37177,33.84381],[-82.40388,33.86548],[-82.4228,33.86375],[-82.45511,33.88165],[-82.49293,33.90975],[-82.50764,33.93146],[-82.52451,33.94336],[-82.54313,33.94095],[-82.55684,33.94535],[-82.56458,33.95581],[-82.56829,33.96877],[-82.57958,33.97976],[-82.58,33.98701],[-82.57554,33.99205],[-82.58925,34.00012],[-82.59565,34.01612],[-82.59455,34.02872],[-82.60966,34.03992],[-82.62696,34.06346],[-82.63599,34.06494],[-82.64398,34.07224],[-82.64566,34.07605],[-82.64034,34.0863],[-82.64155,34.09221],[-82.65908,34.10354],[-82.67732,34.13166],[-82.69215,34.13899],[-82.70414,34.14101],[-82.71751,34.1505],[-82.73188,34.17836],[-82.73276,34.19534],[-82.74192,34.21006],[-82.74406,34.25241],[-82.74876,34.26341],[-82.74666,34.26641],[-82.75503,34.27607],[-82.77093,34.2854],[-82.78031,34.2967],[-82.78684,34.31038],[-82.79405,34.33977],[-82.835,34.36607],[-82.83661,34.38268],[-82.84152,34.39013],[-82.84865,34.42384],[-82.85443,34.43227],[-82.86071,34.45743],[-82.87546,34.4635],[-82.87383,34.47151],[-82.87686,34.4753],[-82.90266,34.4859],[-82.92287,34.4814],[-82.94087,34.4861],[-82.95467,34.4773],[-82.96067,34.482],[-82.97957,34.4827],[-82.99267,34.47907],[-82.99509,34.47248],[-83.00292,34.47213],[-83.02931,34.48415],[-83.03471,34.48349],[-83.04377,34.48882],[-83.05446,34.50289],[-83.06945,34.50213],[-83.08719,34.51594],[-83.07811,34.52484],[-83.08779,34.53208],[-83.10218,34.53218],[-83.10399,34.54017],[-83.1229,34.56013],[-83.12968,34.5617],[-83.15258,34.5783],[-83.15458,34.5882],[-83.17028,34.5924],[-83.16999,34.60544],[-83.23178,34.6113],[-83.24338,34.618],[-83.24067,34.62451],[-83.25528,34.6377],[-83.27198,34.6419],[-83.29288,34.6542],[-83.30464,34.66956],[-83.3164,34.66932],[-83.32146,34.67754],[-83.33869,34.682],[-83.34038,34.689],[-83.34998,34.69915],[-83.34772,34.70547],[-83.35249,34.71599],[-83.35324,34.72865]]]}},{"type":"Feature","id":46,"properties":{"code":"SD","name":"South Dakota"},"geometry":{"type":"Polygon","coordinates":[[[-104.0577,44.99743],[-104.03914,44.99852],[-104.04544,45.94531],[-100.4306,45.94364],[-98.41452,45.9365],[-96.56367,45.93525],[-96.564,45.91956],[-96.56703,45.91568],[-96.56442,45.90942],[-96.56831,45.9029],[-96.56877,45.88807],[-96.57135,45.88667],[-96.57467,45.86682],[-96.57452,45.8431],[-96.58308,45.82002],[-96.5967,45.8118],[-96.61251,45.79444],[-96.62778,45.78624],[-96.63873,45.77017],[-96.64194,45.75987],[-96.66259,45.73868],[-96.74509,45.70158],[-96.76087,45.68752],[-96.83577,45.64965],[-96.84421,45.63958],[-96.85775,45.60596],[-96.79384,45.55072],[-96.76528,45.52141],[-96.74549,45.48871],[-96.73274,45.45874],[-96.69254,45.41734],[-96.68045,45.4105],[-96.61773,45.40809],[-96.56214,45.38609],[-96.52179,45.37564],[-96.48906,45.35707],[-96.46803,45.31862],[-96.46191,45.31388],[-96.45307,45.29812],[-96.45326,43.50039],[-96.59893,43.50046],[-96.5984,43.49507],[-96.58627,43.4911],[-96.581,43.48138],[-96.58636,43.47825],[-96.5846,43.46961],[-96.58793,43.46488],[-96.60004,43.45708],[-96.60286,43.45091],[-96.59425,43.43415],[-96.57022,43.4286],[-96.57358,43.41923],[-96.53712,43.39506],[-96.52545,43.39632],[-96.52157,43.38564],[-96.52132,43.37461],[-96.52734,43.36811],[-96.52429,43.34721],[-96.53491,43.33647],[-96.52556,43.31247],[-96.53039,43.30003],[-96.55309,43.29286],[-96.56911,43.29554],[-96.57356,43.29917],[-96.58105,43.29712],[-96.57759,43.2788],[-96.5809,43.2748],[-96.58353,43.27688],[-96.58632,43.27432],[-96.58522,43.26888],[-96.5768,43.26831],[-96.56417,43.26024],[-96.55259,43.25777],[-96.55296,43.24728],[-96.56525,43.24424],[-96.57119,43.23896],[-96.56851,43.23155],[-96.56044,43.22422],[-96.53574,43.22764],[-96.51927,43.21769],[-96.49645,43.22365],[-96.4767,43.22201],[-96.47063,43.20723],[-96.47383,43.1898],[-96.4724,43.18564],[-96.4649,43.18203],[-96.46654,43.15028],[-96.45998,43.14352],[-96.45036,43.14224],[-96.44343,43.13383],[-96.4408,43.12313],[-96.43659,43.12084],[-96.43933,43.11392],[-96.46286,43.09142],[-96.45534,43.08813],[-96.45409,43.0842],[-96.46085,43.06403],[-96.47691,43.06238],[-96.49036,43.05079],[-96.51026,43.04992],[-96.51843,43.04207],[-96.50915,43.0373],[-96.51292,43.02996],[-96.51099,43.0247],[-96.49919,43.01921],[-96.49167,43.00971],[-96.4967,42.99881],[-96.50999,42.99513],[-96.51224,42.98594],[-96.52077,42.98038],[-96.51592,42.97289],[-96.50503,42.97084],[-96.50031,42.95939],[-96.50947,42.94515],[-96.54169,42.92258],[-96.53601,42.9009],[-96.52889,42.89795],[-96.52636,42.89185],[-96.54012,42.88968],[-96.53785,42.87848],[-96.54733,42.87371],[-96.55047,42.86374],[-96.54432,42.85128],[-96.55377,42.8475],[-96.55218,42.84186],[-96.56284,42.83631],[-96.5816,42.83752],[-96.58238,42.83366],[-96.57794,42.82764],[-96.5857,42.81804],[-96.59601,42.81504],[-96.59566,42.81043],[-96.59076,42.80826],[-96.59528,42.79298],[-96.60456,42.78303],[-96.61949,42.78403],[-96.62641,42.77352],[-96.63214,42.77086],[-96.63221,42.76151],[-96.62874,42.75753],[-96.63231,42.74564],[-96.6397,42.73707],[-96.63193,42.72509],[-96.6247,42.7255],[-96.62445,42.71429],[-96.63062,42.70588],[-96.59641,42.68851],[-96.5753,42.68267],[-96.56055,42.6692],[-96.54237,42.66074],[-96.53788,42.65543],[-96.53788,42.64645],[-96.52677,42.64118],[-96.51634,42.63043],[-96.50018,42.59411],[-96.50104,42.58925],[-96.49478,42.58574],[-96.49545,42.57947],[-96.4858,42.575],[-96.499,42.56083],[-96.4947,42.55674],[-96.47695,42.55608],[-96.47991,42.52419],[-96.49297,42.51728],[-96.49009,42.51244],[-96.47938,42.51114],[-96.47334,42.50354],[-96.45635,42.49248],[-96.44551,42.49063],[-96.47557,42.48004],[-96.50132,42.48275],[-96.51589,42.49427],[-96.52875,42.51327],[-96.54879,42.52055],[-96.5679,42.51788],[-96.59112,42.50541],[-96.61149,42.50609],[-96.62818,42.51696],[-96.63533,42.54764],[-96.64359,42.5576],[-96.68137,42.57449],[-96.7093,42.60375],[-96.71155,42.61476],[-96.70949,42.62193],[-96.68779,42.64599],[-96.68708,42.65209],[-96.69127,42.6562],[-96.72802,42.66688],[-96.76406,42.66199],[-96.79324,42.66602],[-96.80218,42.67224],[-96.80048,42.69247],[-96.80622,42.70415],[-96.84342,42.71202],[-96.86044,42.7208],[-96.88684,42.72522],[-96.9068,42.7338],[-96.92416,42.73033],[-96.9489,42.71946],[-96.96158,42.71984],[-96.96583,42.7271],[-96.96123,42.74062],[-96.96888,42.75428],[-96.97912,42.76009],[-97.02485,42.76243],[-97.06559,42.77219],[-97.09613,42.76934],[-97.13133,42.77193],[-97.15076,42.79557],[-97.16698,42.80209],[-97.20043,42.80548],[-97.21013,42.8093],[-97.21827,42.82956],[-97.21882,42.84585],[-97.23787,42.85314],[-97.28986,42.8555],[-97.30668,42.8676],[-97.33616,42.8568],[-97.35957,42.85482],[-97.37669,42.86519],[-97.39397,42.86425],[-97.40832,42.86833],[-97.41707,42.86592],[-97.43195,42.85154],[-97.44228,42.84622],[-97.49149,42.85162],[-97.50485,42.85848],[-97.53187,42.8501],[-97.56193,42.84755],[-97.61181,42.85837],[-97.65785,42.84463],[-97.68651,42.84244],[-97.72045,42.84744],[-97.77446,42.84977],[-97.81708,42.86178],[-97.8285,42.8688],[-97.84527,42.86773],[-97.87534,42.85872],[-97.87585,42.84772],[-97.88856,42.81725],[-97.90898,42.79491],[-97.93672,42.77575],[-97.95015,42.76962],[-97.97759,42.76992],[-98.00035,42.76326],[-98.03503,42.7642],[-98.05984,42.77277],[-98.06739,42.78476],[-98.12749,42.82013],[-98.14693,42.83982],[-98.16752,42.83693],[-98.18976,42.84163],[-98.21983,42.85316],[-98.25181,42.87282],[-98.28001,42.875],[-98.32586,42.8865],[-98.34623,42.90275],[-98.42074,42.93192],[-98.44415,42.92924],[-98.44831,42.93643],[-98.46736,42.94756],[-98.49048,42.97795],[-98.49855,42.99856],[-100.47274,42.99929],[-101.62542,42.99624],[-101.84998,42.99933],[-104.05313,43.00059],[-104.0577,44.99743]]]}},{"type":"Feature","id":47,"properties":{"code":"TN","name":"Tennessee"},"geometry":{"type":"Polygon","coordinates":[[[-90.30971,35.00848],[-90.3051,35.01385],[-90.30561,35.01958],[-90.29661,35.03867],[-90.29235,35.04136],[-90.26554,35.04058],[-90.25234,35.03175],[-90.24206,35.03268],[-90.207,35.02585],[-90.18116,35.05394],[-90.17504,35.0749],[-90.18136,35.08742],[-90.17538,35.11418],[-90.15783,35.129],[-90.14715,35.13305],[-90.13889,35.13225],[-90.10017,35.11807],[-90.08742,35.11889],[-90.06616,35.13747],[-90.0643,35.14809],[-90.0679,35.15528],[-90.10009,35.17021],[-90.11733,35.18926],[-90.11445,35.19892],[-90.09806,35.19514],[-90.0878,35.21218],[-90.08135,35.20881],[-90.07716,35.21103],[-90.07497,35.21872],[-90.0926,35.24677],[-90.10428,35.25409],[-90.11646,35.25587],[-90.14632,35.25356],[-90.15377,35.2576],[-90.16887,35.28152],[-90.16486,35.29401],[-90.15832,35.30101],[-90.14904,35.30302],[-90.14066,35.29914],[-90.10997,35.30499],[-90.09338,35.35409],[-90.07828,35.37873],[-90.08324,35.38795],[-90.09711,35.39554],[-90.11269,35.4103],[-90.12988,35.41382],[-90.13889,35.4108],[-90.14545,35.40252],[-90.14488,35.39112],[-90.13776,35.37939],[-90.14159,35.37515],[-90.16528,35.37398],[-90.17934,35.38531],[-90.169,35.42185],[-90.12944,35.44212],[-90.11903,35.46804],[-90.10875,35.47601],[-90.08002,35.47707],[-90.06904,35.46777],[-90.06724,35.46095],[-90.0741,35.43414],[-90.06492,35.41639],[-90.06953,35.40813],[-90.05949,35.39381],[-90.05126,35.39275],[-90.04658,35.399],[-90.05056,35.40964],[-90.01711,35.42194],[-90.00267,35.43053],[-90.0068,35.45325],[-90.01915,35.47258],[-90.03418,35.48192],[-90.04414,35.49462],[-90.04952,35.51036],[-90.04833,35.52373],[-90.03968,35.54772],[-90.03293,35.55346],[-89.99427,35.56097],[-89.98405,35.55779],[-89.95827,35.54141],[-89.95589,35.53504],[-89.95846,35.52607],[-89.95519,35.52249],[-89.92654,35.51161],[-89.91192,35.51284],[-89.90464,35.51935],[-89.90231,35.53023],[-89.90991,35.53794],[-89.91005,35.54538],[-89.91382,35.54948],[-89.93989,35.55567],[-89.9572,35.58301],[-89.95716,35.58942],[-89.94642,35.60113],[-89.9325,35.60786],[-89.91128,35.61759],[-89.89367,35.61534],[-89.85513,35.63622],[-89.85077,35.65032],[-89.85215,35.66027],[-89.85794,35.66831],[-89.86514,35.67044],[-89.87732,35.66607],[-89.88727,35.65359],[-89.89687,35.65122],[-89.90663,35.65143],[-89.93021,35.66135],[-89.95595,35.69076],[-89.95862,35.72602],[-89.93997,35.73943],[-89.93792,35.74417],[-89.90911,35.75896],[-89.89025,35.75079],[-89.86306,35.75713],[-89.85275,35.75545],[-89.85035,35.74649],[-89.84289,35.74272],[-89.81686,35.74869],[-89.79895,35.75936],[-89.79957,35.78833],[-89.77791,35.80628],[-89.7628,35.81097],[-89.72971,35.80212],[-89.69599,35.8213],[-89.69357,35.82911],[-89.69553,35.83567],[-89.76269,35.85741],[-89.7729,35.86563],[-89.77362,35.87571],[-89.7683,35.88936],[-89.74455,35.9107],[-89.72779,35.91124],[-89.71942,35.90831],[-89.67638,35.8767],[-89.66594,35.87445],[-89.65792,35.87674],[-89.64562,35.88583],[-89.64157,35.90026],[-89.64431,35.92094],[-89.65216,35.92911],[-89.71653,35.96153],[-89.72168,35.96767],[-89.72292,35.98906],[-89.7331,36.00061],[-89.70693,36.00098],[-89.68858,36.02924],[-89.67882,36.08464],[-89.6666,36.0958],[-89.6283,36.10685],[-89.60194,36.11947],[-89.59307,36.1297],[-89.59221,36.15012],[-89.607,36.17118],[-89.69263,36.22496],[-89.70446,36.23547],[-89.70533,36.2399],[-89.69523,36.25277],[-89.67805,36.24828],[-89.64218,36.24949],[-89.60237,36.23811],[-89.57754,36.24226],[-89.56221,36.25091],[-89.54474,36.24748],[-89.53475,36.25258],[-89.53553,36.27054],[-89.53949,36.27737],[-89.5448,36.28046],[-89.55429,36.27775],[-89.57849,36.28832],[-89.61182,36.30909],[-89.62026,36.32301],[-89.61584,36.33608],[-89.60567,36.34223],[-89.58164,36.34236],[-89.54501,36.33681],[-89.53182,36.33925],[-89.519,36.3486],[-89.51318,36.3599],[-89.51038,36.37836],[-89.54525,36.42708],[-89.54341,36.43877],[-89.52519,36.45399],[-89.51972,36.467],[-89.52064,36.47867],[-89.53923,36.49793],[-89.48543,36.49749],[-89.49349,36.4787],[-89.4932,36.47012],[-89.48622,36.46162],[-89.47172,36.457],[-89.46044,36.45814],[-89.44847,36.46442],[-89.42931,36.48188],[-89.41729,36.49903],[-89.30028,36.50715],[-88.96447,36.50219],[-88.05321,36.49713],[-88.03782,36.51385],[-88.03249,36.54066],[-88.04513,36.60294],[-88.05704,36.64054],[-88.06821,36.65975],[-88.07053,36.67812],[-88.01179,36.67703],[-87.84957,36.6637],[-87.8532,36.63325],[-87.42501,36.64105],[-87.01152,36.64395],[-86.58991,36.65249],[-86.56414,36.63347],[-86.55129,36.63799],[-86.55005,36.64482],[-86.54339,36.64389],[-86.54378,36.64054],[-86.50777,36.65245],[-86.33305,36.64878],[-86.03277,36.63037],[-85.67779,36.61816],[-85.48835,36.61499],[-85.29063,36.62645],[-85.19537,36.6255],[-85.02463,36.61935],[-84.84309,36.60513],[-84.54314,36.59628],[-83.98784,36.5896],[-83.69071,36.58258],[-83.67541,36.60081],[-83.55681,36.59738],[-83.2763,36.59819],[-83.24893,36.59383],[-81.93414,36.59421],[-81.92264,36.61621],[-81.6469,36.61192],[-81.68014,36.58552],[-81.67704,36.57072],[-81.69024,36.56872],[-81.69251,36.56575],[-81.69003,36.55215],[-81.69754,36.54436],[-81.69996,36.53683],[-81.70796,36.53621],[-81.70757,36.5261],[-81.69774,36.50845],[-81.70024,36.50048],[-81.69591,36.49158],[-81.69531,36.46791],[-81.71489,36.45722],[-81.71523,36.43653],[-81.72073,36.42254],[-81.73829,36.41076],[-81.73965,36.40669],[-81.73795,36.39719],[-81.72981,36.38803],[-81.73287,36.3765],[-81.72608,36.36889],[-81.72133,36.3531],[-81.70779,36.34601],[-81.7053,36.34185],[-81.70744,36.33517],[-81.71319,36.33411],[-81.73098,36.34119],[-81.74784,36.33736],[-81.7661,36.33852],[-81.78747,36.34869],[-81.79527,36.35785],[-81.80081,36.35807],[-81.8129,36.35107],[-81.84127,36.34332],[-81.85733,36.33479],[-81.87938,36.31377],[-81.90814,36.30201],[-82.03314,36.12042],[-82.05414,36.12682],[-82.06134,36.11312],[-82.08014,36.10572],[-82.10544,36.10812],[-82.12715,36.10442],[-82.13797,36.11958],[-82.13655,36.12882],[-82.14795,36.14952],[-82.18255,36.14371],[-82.20487,36.15707],[-82.21385,36.15911],[-82.22205,36.15691],[-82.22485,36.15001],[-82.24752,36.13087],[-82.26035,36.13371],[-82.26875,36.12704],[-82.28035,36.12881],[-82.28946,36.13571],[-82.30285,36.13131],[-82.32145,36.11955],[-82.33676,36.11491],[-82.35516,36.11561],[-82.40946,36.08341],[-82.46066,36.00781],[-82.48229,35.99782],[-82.48468,35.99285],[-82.50538,35.97768],[-82.53129,35.97219],[-82.54968,35.96428],[-82.55787,35.9539],[-82.57517,35.95838],[-82.581,35.96556],[-82.60037,35.96463],[-82.61089,35.96741],[-82.61088,35.97444],[-82.60424,35.98732],[-82.60694,35.99217],[-82.61303,35.994],[-82.61436,36.00351],[-82.59487,36.0296],[-82.60966,36.04491],[-82.61816,36.047],[-82.61866,36.05611],[-82.63227,36.06571],[-82.63716,36.0658],[-82.65017,36.05781],[-82.68357,36.0461],[-82.68887,36.0386],[-82.71516,36.0286],[-82.71596,36.0228],[-82.73186,36.0176],[-82.75007,36.006],[-82.776,36.0001],[-82.78527,35.98793],[-82.78556,35.9778],[-82.77491,35.97198],[-82.77775,35.96691],[-82.78454,35.9639],[-82.78746,35.95216],[-82.80585,35.93794],[-82.80277,35.93013],[-82.805,35.92717],[-82.82186,35.92184],[-82.82893,35.93293],[-82.85255,35.94909],[-82.86072,35.94743],[-82.87416,35.9527],[-82.89851,35.9451],[-82.90237,35.92985],[-82.91061,35.92693],[-82.91194,35.92162],[-82.91167,35.91471],[-82.90184,35.89293],[-82.90397,35.88549],[-82.89972,35.8746],[-82.91831,35.86398],[-82.92017,35.84166],[-82.93186,35.83635],[-82.93744,35.82732],[-82.94552,35.82466],[-82.96172,35.80049],[-82.96409,35.78998],[-82.96965,35.78966],[-82.99205,35.77395],[-83.00147,35.77375],[-83.00607,35.7784],[-83.03621,35.7874],[-83.04411,35.78535],[-83.05268,35.78955],[-83.06397,35.78664],[-83.07403,35.79002],[-83.12018,35.76623],[-83.12771,35.76809],[-83.15921,35.76489],[-83.16491,35.75997],[-83.16477,35.75462],[-83.17017,35.74611],[-83.1775,35.74391],[-83.18569,35.72989],[-83.2145,35.72443],[-83.24067,35.72676],[-83.2435,35.72253],[-83.25125,35.71992],[-83.25535,35.71623],[-83.25561,35.69606],[-83.25812,35.69192],[-83.27138,35.68148],[-83.28916,35.67451],[-83.29715,35.65775],[-83.31276,35.65481],[-83.3211,35.66282],[-83.33496,35.66547],[-83.35156,35.65986],[-83.3562,35.65002],[-83.36694,35.63873],[-83.38872,35.63358],[-83.39663,35.62272],[-83.42158,35.61119],[-83.4458,35.6118],[-83.45572,35.59804],[-83.47908,35.58332],[-83.47852,35.5792],[-83.48553,35.5682],[-83.49833,35.56298],[-83.56609,35.56599],[-83.58559,35.56294],[-83.59427,35.57291],[-83.60889,35.57945],[-83.62973,35.56789],[-83.6405,35.56607],[-83.67627,35.57029],[-83.7072,35.56853],[-83.72346,35.56187],[-83.73567,35.56546],[-83.74989,35.56115],[-83.75692,35.5636],[-83.77174,35.56212],[-83.78013,35.55039],[-83.80243,35.54159],[-83.82559,35.52383],[-83.8319,35.52477],[-83.8485,35.51926],[-83.85926,35.52185],[-83.88007,35.51875],[-83.89207,35.50309],[-83.90138,35.49655],[-83.90034,35.49309],[-83.90561,35.48906],[-83.91177,35.47603],[-83.93702,35.47151],[-83.94939,35.46116],[-83.96105,35.46414],[-83.96523,35.4554],[-83.97144,35.45515],[-83.97306,35.44892],[-83.99257,35.43807],[-84.00225,35.42255],[-84.02063,35.40984],[-84.01881,35.39978],[-84.00821,35.39038],[-84.01121,35.38438],[-84.00759,35.37166],[-84.02346,35.35422],[-84.03808,35.34836],[-84.02938,35.3332],[-84.03571,35.31288],[-84.02651,35.30928],[-84.02141,35.30138],[-84.02351,35.29578],[-84.03601,35.28868],[-84.05261,35.26998],[-84.08112,35.26115],[-84.09751,35.24738],[-84.12115,35.25064],[-84.13057,35.24336],[-84.14312,35.24688],[-84.16132,35.24348],[-84.17042,35.24578],[-84.17852,35.24068],[-84.18842,35.23998],[-84.20012,35.24468],[-84.20288,35.25577],[-84.21182,35.26608],[-84.22372,35.26908],[-84.24302,35.25318],[-84.27542,35.23478],[-84.28322,35.22658],[-84.29024,35.22557],[-84.32187,34.98841],[-84.93931,34.98792],[-85.46671,34.98297],[-85.82441,34.98814],[-86.86215,34.99196],[-87.39131,35.00237],[-88.20296,35.00803],[-88.20006,34.99563],[-89.88336,34.99426],[-90.3093,34.99569],[-90.30971,35.00848]]]}},{"type":"Feature","id":48,"properties":{"code":"TX","name":"Texas"},"geometry":{"type":"Polygon","coordinates":[[[-106.64548,31.89867],[-106.63367,31.90979],[-106.61206,31.91866],[-106.62397,31.931],[-106.62241,31.941],[-106.61437,31.95275],[-106.62136,31.95741],[-106.61937,31.96478],[-106.62319,31.97292],[-106.63011,31.97126],[-106.63953,31.98035],[-106.63118,31.98981],[-106.61945,31.99473],[-106.61849,32.0005],[-106.12553,32.00253],[-103.06442,32.00052],[-103.06463,32.9999],[-103.04353,34.01801],[-103.04192,36.50044],[-100.00041,36.4997],[-100.00038,34.56051],[-99.97155,34.56218],[-99.9589,34.57127],[-99.95457,34.5782],[-99.94572,34.57927],[-99.92321,34.57455],[-99.91577,34.56598],[-99.88715,34.54905],[-99.85307,34.51159],[-99.82533,34.4976],[-99.81431,34.4762],[-99.79368,34.45389],[-99.78299,34.44436],[-99.77574,34.44423],[-99.7656,34.43749],[-99.76723,34.4305],[-99.75425,34.42129],[-99.72026,34.4063],[-99.71509,34.40075],[-99.71268,34.39093],[-99.69646,34.38104],[-99.67828,34.3798],[-99.66271,34.37368],[-99.64966,34.37989],[-99.6242,34.37358],[-99.60003,34.37469],[-99.58544,34.38891],[-99.58448,34.40767],[-99.58006,34.41665],[-99.5697,34.41842],[-99.54924,34.41271],[-99.51428,34.41403],[-99.49988,34.40961],[-99.48722,34.39796],[-99.47097,34.39647],[-99.45265,34.38825],[-99.44076,34.37412],[-99.43099,34.37341],[-99.42043,34.38046],[-99.40885,34.37278],[-99.40296,34.37348],[-99.39725,34.37787],[-99.39149,34.40563],[-99.3969,34.41869],[-99.39496,34.4421],[-99.38101,34.45694],[-99.36961,34.4587],[-99.3588,34.45586],[-99.35467,34.45186],[-99.35671,34.44214],[-99.33404,34.42754],[-99.31961,34.40887],[-99.29465,34.41537],[-99.26132,34.4035],[-99.25898,34.39124],[-99.27396,34.38756],[-99.27493,34.3849],[-99.2587,34.37263],[-99.24897,34.37598],[-99.24295,34.37267],[-99.23723,34.36272],[-99.23261,34.34238],[-99.21313,34.34037],[-99.20972,34.32494],[-99.21348,34.31067],[-99.21165,34.29223],[-99.20756,34.2835],[-99.19561,34.28084],[-99.19715,34.2443],[-99.19015,34.22966],[-99.19268,34.21883],[-99.18951,34.21431],[-99.15902,34.20888],[-99.13822,34.21916],[-99.13061,34.21941],[-99.12661,34.21533],[-99.13188,34.20738],[-99.12657,34.203],[-99.10876,34.2034],[-99.07954,34.21152],[-99.06646,34.2084],[-99.05808,34.20057],[-99.04347,34.19821],[-99.03627,34.20691],[-99.01308,34.20322],[-99.00292,34.20878],[-99.00076,34.21764],[-98.98729,34.22122],[-98.98136,34.21758],[-98.97413,34.20357],[-98.9663,34.20132],[-98.96247,34.20467],[-98.96079,34.21303],[-98.95251,34.21265],[-98.91833,34.18183],[-98.87292,34.16658],[-98.87121,34.16301],[-98.87487,34.15566],[-98.86812,34.14964],[-98.86012,34.14991],[-98.85559,34.16162],[-98.83111,34.16215],[-98.81295,34.15844],[-98.79202,34.14374],[-98.76557,34.13638],[-98.75704,34.12463],[-98.74197,34.12553],[-98.73429,34.13576],[-98.69007,34.13316],[-98.64807,34.16444],[-98.61673,34.15642],[-98.59979,34.16057],[-98.57245,34.14509],[-98.55092,34.11933],[-98.53626,34.10734],[-98.5282,34.09496],[-98.50418,34.07237],[-98.48633,34.0626],[-98.44903,34.07346],[-98.44009,34.08431],[-98.42848,34.08552],[-98.42,34.08249],[-98.41443,34.08507],[-98.39978,34.09997],[-98.39816,34.1214],[-98.40097,34.12224],[-98.39844,34.12846],[-98.38124,34.14945],[-98.36402,34.15711],[-98.32545,34.15102],[-98.2939,34.13302],[-98.25647,34.12948],[-98.24101,34.1331],[-98.20371,34.11768],[-98.16912,34.11417],[-98.15435,34.12273],[-98.13082,34.15053],[-98.12338,34.15454],[-98.10946,34.15411],[-98.08975,34.12821],[-98.09933,34.1043],[-98.11942,34.08447],[-98.12021,34.07213],[-98.11459,34.06228],[-98.09618,34.04463],[-98.09727,34.03897],[-98.10402,34.03623],[-98.10548,34.03131],[-98.0882,34.00548],[-98.0552,33.99584],[-98.02767,33.99336],[-97.98739,33.99982],[-97.97417,34.00672],[-97.95833,33.99085],[-97.94573,33.98984],[-97.96035,33.95193],[-97.97417,33.94283],[-97.97118,33.93713],[-97.9534,33.93644],[-97.95716,33.91445],[-97.96987,33.906],[-97.9788,33.91255],[-97.98454,33.9007],[-97.97786,33.88993],[-97.96778,33.88243],[-97.95122,33.87842],[-97.93674,33.8792],[-97.89674,33.85798],[-97.87145,33.849],[-97.83433,33.85767],[-97.80542,33.87717],[-97.80158,33.88514],[-97.78466,33.89063],[-97.77968,33.89924],[-97.78372,33.91056],[-97.76545,33.91353],[-97.7594,33.91882],[-97.76277,33.9344],[-97.73372,33.93639],[-97.72529,33.94105],[-97.70968,33.955],[-97.69311,33.9837],[-97.67177,33.99137],[-97.65621,33.98949],[-97.63378,33.98126],[-97.5896,33.95355],[-97.59151,33.9282],[-97.59712,33.91787],[-97.58744,33.90248],[-97.55154,33.89795],[-97.52528,33.91175],[-97.50096,33.91964],[-97.4865,33.91699],[-97.46038,33.90395],[-97.45095,33.8914],[-97.45147,33.87093],[-97.46286,33.84177],[-97.45306,33.82854],[-97.42649,33.8194],[-97.36874,33.82147],[-97.34834,33.84388],[-97.33939,33.86763],[-97.33294,33.87444],[-97.32756,33.8739],[-97.32416,33.86602],[-97.31824,33.86512],[-97.30749,33.8782],[-97.29924,33.88018],[-97.27911,33.86456],[-97.25564,33.8637],[-97.24921,33.8751],[-97.24495,33.90309],[-97.22652,33.91464],[-97.21092,33.91606],[-97.18085,33.8952],[-97.16663,33.84731],[-97.16682,33.8404],[-97.17163,33.83534],[-97.18137,33.83138],[-97.19583,33.8308],[-97.1997,33.82732],[-97.20499,33.81887],[-97.20543,33.80149],[-97.1904,33.78115],[-97.18779,33.7697],[-97.17219,33.73754],[-97.15507,33.72444],[-97.1261,33.71694],[-97.10452,33.72261],[-97.09409,33.73099],[-97.0862,33.74393],[-97.08522,33.76551],[-97.09524,33.79414],[-97.09211,33.8041],[-97.07859,33.81276],[-97.04815,33.81746],[-97.04888,33.82521],[-97.05782,33.83452],[-97.08345,33.84046],[-97.09048,33.84484],[-97.08725,33.85345],[-97.06807,33.86046],[-97.05584,33.85574],[-97.04125,33.83776],[-97.0239,33.84421],[-96.98557,33.88652],[-96.98494,33.90487],[-96.99618,33.94173],[-96.99084,33.9527],[-96.98134,33.95638],[-96.97982,33.94159],[-96.97381,33.9357],[-96.92427,33.95916],[-96.9163,33.9578],[-96.90243,33.94202],[-96.89573,33.89641],[-96.88301,33.86802],[-96.87528,33.86051],[-96.85609,33.84749],[-96.85059,33.84721],[-96.84159,33.85289],[-96.83978,33.8684],[-96.83216,33.87483],[-96.79428,33.86889],[-96.78057,33.8601],[-96.77068,33.82962],[-96.76159,33.82441],[-96.71242,33.83163],[-96.69957,33.83905],[-96.68473,33.8629],[-96.68095,33.8962],[-96.67345,33.91228],[-96.66719,33.91694],[-96.6599,33.91667],[-96.62829,33.89448],[-96.58793,33.89478],[-96.58536,33.88895],[-96.59011,33.88067],[-96.61197,33.86902],[-96.62897,33.85241],[-96.62929,33.84549],[-96.59293,33.83092],[-96.57294,33.8191],[-96.55122,33.81913],[-96.53287,33.82301],[-96.52666,33.82089],[-96.51658,33.80317],[-96.51591,33.7878],[-96.50027,33.77258],[-96.45915,33.77523],[-96.44804,33.78103],[-96.42264,33.77604],[-96.40847,33.75119],[-96.36959,33.71681],[-96.3622,33.69182],[-96.35595,33.68715],[-96.34831,33.68638],[-96.3211,33.6951],[-96.31692,33.699],[-96.30703,33.71999],[-96.30739,33.73501],[-96.30301,33.75088],[-96.29248,33.76642],[-96.2699,33.76841],[-96.22902,33.74802],[-96.22052,33.74739],[-96.17806,33.76052],[-96.16945,33.77013],[-96.16212,33.79614],[-96.17515,33.80195],[-96.17896,33.81055],[-96.17589,33.81463],[-96.15077,33.81699],[-96.14879,33.8192],[-96.15163,33.83195],[-96.14807,33.8378],[-96.12295,33.83996],[-96.10999,33.8324],[-96.09936,33.83047],[-96.09764,33.83794],[-96.10009,33.84797],[-96.08463,33.84666],[-96.04883,33.83647],[-96.03719,33.84125],[-96.02946,33.8524],[-96.02223,33.85092],[-96.0196,33.84057],[-95.99835,33.85105],[-95.99675,33.8644],[-95.99149,33.86687],[-95.97216,33.85637],[-95.94428,33.85981],[-95.93663,33.87062],[-95.9352,33.8871],[-95.91596,33.88115],[-95.88129,33.86063],[-95.85947,33.85246],[-95.83752,33.83564],[-95.82824,33.83605],[-95.82078,33.84056],[-95.8206,33.85847],[-95.80515,33.8613],[-95.78987,33.85769],[-95.77207,33.84382],[-95.75802,33.85008],[-95.75351,33.85646],[-95.76256,33.87437],[-95.76192,33.8834],[-95.75637,33.89263],[-95.73751,33.89597],[-95.71354,33.88512],[-95.69696,33.88522],[-95.68483,33.89023],[-95.66534,33.90813],[-95.63698,33.90661],[-95.60366,33.92719],[-95.59968,33.93425],[-95.55941,33.93018],[-95.54914,33.90795],[-95.55209,33.88842],[-95.5452,33.88029],[-95.53328,33.88116],[-95.5153,33.89114],[-95.50623,33.88631],[-95.50608,33.87639],[-95.5023,33.87474],[-95.49203,33.87482],[-95.46492,33.88671],[-95.4615,33.88369],[-95.46335,33.87231],[-95.44737,33.86885],[-95.40779,33.86631],[-95.33912,33.86887],[-95.33345,33.88629],[-95.28786,33.87495],[-95.28345,33.87775],[-95.27785,33.90088],[-95.26385,33.89926],[-95.2531,33.90544],[-95.25074,33.91708],[-95.25291,33.93365],[-95.23049,33.96076],[-95.22639,33.96195],[-95.18408,33.95035],[-95.16111,33.9376],[-95.1247,33.93467],[-95.12118,33.93131],[-95.12237,33.91863],[-95.11096,33.913],[-95.10077,33.91219],[-95.09044,33.89328],[-95.084,33.89328],[-95.07126,33.9016],[-95.06549,33.89959],[-95.04657,33.86256],[-95.02232,33.85981],[-95.00838,33.86609],[-95.00022,33.8625],[-94.98849,33.851],[-94.98165,33.85228],[-94.97341,33.86173],[-94.9689,33.86092],[-94.9644,33.83702],[-94.95768,33.835],[-94.94953,33.82571],[-94.94872,33.81802],[-94.9443,33.81214],[-94.9358,33.81034],[-94.92452,33.81279],[-94.91945,33.81018],[-94.91683,33.80462],[-94.91961,33.7863],[-94.91143,33.77838],[-94.90228,33.77629],[-94.88623,33.76459],[-94.87922,33.76491],[-94.87603,33.76077],[-94.87708,33.75222],[-94.8693,33.74587],[-94.8493,33.73958],[-94.8308,33.74007],[-94.82475,33.7493],[-94.81743,33.75217],[-94.79863,33.74453],[-94.78972,33.74612],[-94.77506,33.75504],[-94.76806,33.75345],[-94.76774,33.73752],[-94.75914,33.72956],[-94.74258,33.72701],[-94.73748,33.71618],[-94.73716,33.70471],[-94.73238,33.70025],[-94.72824,33.69962],[-94.71901,33.70822],[-94.71104,33.70567],[-94.71072,33.69165],[-94.70786,33.68688],[-94.68479,33.68435],[-94.65917,33.69214],[-94.65226,33.69098],[-94.64846,33.68453],[-94.64846,33.6734],[-94.64289,33.66842],[-94.63527,33.66989],[-94.62121,33.68102],[-94.60305,33.67135],[-94.5969,33.67135],[-94.58664,33.67897],[-94.57962,33.67762],[-94.56994,33.66637],[-94.57082,33.65494],[-94.55705,33.6567],[-94.55207,33.65348],[-94.55266,33.63825],[-94.54914,33.6359],[-94.53332,33.63766],[-94.52922,33.63444],[-94.52893,33.62184],[-94.52072,33.61657],[-94.4915,33.62512],[-94.48751,33.62894],[-94.48587,33.63787],[-94.4592,33.64515],[-94.45233,33.61882],[-94.45823,33.59827],[-94.43622,33.5942],[-94.41906,33.57722],[-94.38593,33.58189],[-94.37776,33.57461],[-94.38805,33.56551],[-94.39257,33.55114],[-94.35897,33.54323],[-94.35265,33.56061],[-94.33842,33.56708],[-94.33059,33.55269],[-94.30958,33.55167],[-94.29839,33.57622],[-94.2806,33.57491],[-94.27085,33.56478],[-94.25266,33.58614],[-94.23887,33.57672],[-94.2502,33.55676],[-94.22639,33.55291],[-94.21133,33.57377],[-94.1834,33.59221],[-94.16227,33.58891],[-94.14302,33.57773],[-94.1239,33.5521],[-94.10318,33.57035],[-94.07267,33.57223],[-94.0561,33.56725],[-94.05021,33.55108],[-94.04343,33.55143],[-94.04183,31.9924],[-94.02928,31.99586],[-94.01866,31.99084],[-93.97171,31.92038],[-93.95355,31.91056],[-93.938,31.90692],[-93.92767,31.8915],[-93.90956,31.89314],[-93.90477,31.8906],[-93.90117,31.88596],[-93.90189,31.88006],[-93.8892,31.86769],[-93.88412,31.84761],[-93.87482,31.84061],[-93.87476,31.82166],[-93.83995,31.7986],[-93.83465,31.78331],[-93.8226,31.77356],[-93.83065,31.74581],[-93.81905,31.72886],[-93.81459,31.70744],[-93.80342,31.70069],[-93.80245,31.69319],[-93.80448,31.68566],[-93.81743,31.67215],[-93.82205,31.67397],[-93.82646,31.66692],[-93.81804,31.64789],[-93.81684,31.62251],[-93.81872,31.61456],[-93.82785,31.61655],[-93.83806,31.6068],[-93.83938,31.59907],[-93.83492,31.58621],[-93.82296,31.56813],[-93.81858,31.55483],[-93.79809,31.53404],[-93.78083,31.52538],[-93.74338,31.5252],[-93.73932,31.51505],[-93.72674,31.5116],[-93.72593,31.50409],[-93.731,31.49212],[-93.73717,31.48462],[-93.74987,31.47893],[-93.74948,31.46869],[-93.70093,31.43778],[-93.6976,31.42841],[-93.70468,31.4189],[-93.70488,31.41088],[-93.69587,31.40939],[-93.67412,31.39768],[-93.67164,31.39335],[-93.66892,31.3664],[-93.6637,31.36002],[-93.68785,31.30983],[-93.68688,31.30517],[-93.68404,31.30177],[-93.66893,31.29798],[-93.657,31.28174],[-93.64252,31.26951],[-93.62034,31.27103],[-93.61394,31.25937],[-93.61601,31.23396],[-93.60432,31.22079],[-93.60729,31.2054],[-93.60031,31.17616],[-93.5885,31.16558],[-93.57922,31.16742],[-93.56956,31.17757],[-93.55265,31.18558],[-93.53331,31.18446],[-93.53174,31.18082],[-93.53683,31.15862],[-93.54489,31.14884],[-93.5447,31.13589],[-93.53962,31.12184],[-93.54138,31.1135],[-93.54972,31.10516],[-93.55103,31.09111],[-93.54664,31.08299],[-93.52604,31.07077],[-93.52301,31.06524],[-93.53207,31.05526],[-93.51641,31.02955],[-93.51694,31.02366],[-93.53953,31.0085],[-93.55558,31.00392],[-93.56602,31.00457],[-93.57191,30.98761],[-93.56797,30.97798],[-93.54984,30.96712],[-93.53255,30.9507],[-93.52625,30.93941],[-93.52615,30.93004],[-93.53094,30.92453],[-93.55194,30.91865],[-93.55649,30.90145],[-93.56779,30.8883],[-93.56543,30.87431],[-93.55862,30.86942],[-93.55817,30.83997],[-93.55363,30.83514],[-93.55406,30.82494],[-93.56167,30.80774],[-93.5693,30.80297],[-93.5784,30.80205],[-93.58427,30.79666],[-93.58938,30.78668],[-93.59283,30.76399],[-93.60776,30.75766],[-93.61913,30.742],[-93.60972,30.72918],[-93.60954,30.72314],[-93.61618,30.71398],[-93.62109,30.69516],[-93.6299,30.67994],[-93.63821,30.67306],[-93.65497,30.67018],[-93.67035,30.65803],[-93.6831,30.64076],[-93.68512,30.6252],[-93.68124,30.5961],[-93.68728,30.5916],[-93.69287,30.59438],[-93.71245,30.58848],[-93.72784,30.57407],[-93.72585,30.55698],[-93.7292,30.54484],[-93.74025,30.53957],[-93.72772,30.52567],[-93.71432,30.51856],[-93.71012,30.5064],[-93.71668,30.49401],[-93.6978,30.44058],[-93.70266,30.42995],[-93.72231,30.42073],[-93.74533,30.39702],[-93.75144,30.39629],[-93.75765,30.39042],[-93.75635,30.35617],[-93.76582,30.33332],[-93.7387,30.30379],[-93.72422,30.29513],[-93.71432,30.29428],[-93.70661,30.28119],[-93.70913,30.27183],[-93.70508,30.24275],[-93.71922,30.21854],[-93.72095,30.20985],[-93.7174,30.19344],[-93.70376,30.17394],[-93.69775,30.15294],[-93.68821,30.14138],[-93.69287,30.13522],[-93.70125,30.13738],[-93.70244,30.11272],[-93.73408,30.08613],[-93.7164,30.06912],[-93.70218,30.06547],[-93.6994,30.05925],[-93.70394,30.05429],[-93.7208,30.05304],[-93.73745,30.03728],[-93.74108,30.02157],[-93.78693,29.99058],[-93.80782,29.95455],[-93.819,29.91482],[-93.83837,29.88285],[-93.86357,29.85718],[-93.89068,29.84316],[-93.91636,29.82497],[-93.92799,29.80964],[-93.9265,29.78956],[-93.89386,29.76729],[-93.89082,29.76167],[-93.89383,29.75303],[-93.89164,29.74462],[-93.87002,29.73548],[-93.83797,29.69062],[-93.84064,29.68576],[-93.83773,29.67902],[-93.93163,29.68276],[-94.00141,29.68149],[-94.09576,29.66052],[-94.49976,29.50704],[-94.59485,29.4679],[-94.67039,29.43078],[-94.69416,29.41563],[-94.70847,29.40305],[-94.73105,29.36914],[-94.74483,29.36916],[-94.76149,29.36188],[-94.77869,29.36148],[-94.78236,29.36427],[-94.78313,29.37564],[-94.76685,29.39349],[-94.70637,29.4368],[-94.68154,29.47139],[-94.66585,29.4784],[-94.64595,29.47377],[-94.62822,29.47599],[-94.60856,29.48334],[-94.59421,29.49213],[-94.59444,29.50577],[-94.57927,29.5234],[-94.56567,29.53009],[-94.55512,29.52819],[-94.52715,29.51314],[-94.48797,29.52904],[-94.46626,29.55228],[-94.47351,29.56033],[-94.4948,29.55296],[-94.49948,29.54519],[-94.521,29.54459],[-94.52562,29.55346],[-94.54441,29.57245],[-94.55723,29.57552],[-94.57018,29.57328],[-94.61705,29.55546],[-94.68575,29.53953],[-94.70503,29.5388],[-94.75769,29.52462],[-94.78094,29.53109],[-94.7906,29.5484],[-94.77105,29.54844],[-94.75524,29.56278],[-94.73463,29.58405],[-94.70697,29.62523],[-94.69086,29.69012],[-94.69398,29.7293],[-94.68963,29.75334],[-94.7218,29.77187],[-94.72092,29.78272],[-94.73884,29.79206],[-94.75651,29.78143],[-94.79737,29.76668],[-94.81609,29.75671],[-94.85111,29.72137],[-94.86501,29.69534],[-94.86744,29.67877],[-94.87255,29.67125],[-94.89311,29.66134],[-94.91541,29.65661],[-94.92132,29.65818],[-94.93417,29.67868],[-94.93609,29.6927],[-94.94268,29.69778],[-94.95681,29.69939],[-94.96193,29.69665],[-94.95714,29.66341],[-94.9627,29.65974],[-94.97135,29.66144],[-94.97931,29.67912],[-94.98599,29.67958],[-95.00198,29.66476],[-95.01564,29.63946],[-95.0135,29.62919],[-95.00871,29.6233],[-94.98412,29.60185],[-95.01143,29.57047],[-95.01825,29.55488],[-95.01516,29.53999],[-94.99958,29.52109],[-94.98192,29.51114],[-94.90946,29.49684],[-94.92341,29.47689],[-94.93519,29.48118],[-94.94949,29.47557],[-94.95161,29.46645],[-94.91857,29.44496],[-94.8921,29.43341],[-94.88654,29.36639],[-94.89423,29.338],[-94.89399,29.30817],[-94.92159,29.28156],[-94.95253,29.29012],[-95.02248,29.22968],[-95.0991,29.17353],[-95.11276,29.19567],[-95.13795,29.19484],[-95.15851,29.18913],[-95.15518,29.15147],[-95.16281,29.13333],[-95.16525,29.11357],[-95.14485,29.09084],[-95.0986,29.1288],[-95.00392,29.18447],[-94.99155,29.20113],[-94.87924,29.28584],[-94.86513,29.29398],[-94.82495,29.306],[-94.82231,29.34425],[-94.8107,29.35344],[-94.7849,29.33554],[-94.73907,29.33499],[-94.73444,29.33211],[-94.73478,29.32596],[-94.76969,29.30494],[-94.8037,29.27924],[-95.02622,29.14806],[-95.08177,29.11122],[-95.11048,29.08822],[-95.12513,29.06732],[-95.23892,28.98864],[-95.27227,28.96155],[-95.29715,28.93407],[-95.35345,28.89814],[-95.37698,28.87616],[-95.38239,28.86635],[-95.41617,28.85948],[-95.43959,28.85902],[-95.5888,28.78317],[-95.65951,28.75108],[-95.68409,28.73404],[-95.8125,28.66494],[-95.88403,28.6331],[-96.07787,28.55663],[-96.22038,28.49197],[-96.30321,28.44187],[-96.32156,28.42515],[-96.34162,28.41733],[-96.39038,28.38181],[-96.40048,28.35714],[-96.44285,28.31767],[-96.48627,28.2985],[-96.63201,28.22282],[-96.71963,28.16459],[-96.79216,28.1105],[-96.88646,28.03073],[-96.94757,27.97094],[-97.00333,27.90831],[-97.04485,27.83447],[-97.09073,27.78589],[-97.14085,27.71669],[-97.21268,27.59642],[-97.25732,27.51064],[-97.29606,27.42717],[-97.33612,27.31782],[-97.35847,27.2348],[-97.37174,27.15301],[-97.3787,27.06004],[-97.37694,26.97153],[-97.36687,26.88558],[-97.34822,26.79587],[-97.32275,26.70175],[-97.29617,26.61781],[-97.2538,26.50316],[-97.22159,26.39981],[-97.19693,26.30587],[-97.1588,26.08266],[-97.16932,26.07771],[-97.18305,26.12327],[-97.20135,26.24969],[-97.25245,26.43819],[-97.28607,26.53722],[-97.31031,26.56326],[-97.30593,26.57963],[-97.33683,26.65082],[-97.35703,26.72543],[-97.38912,26.80048],[-97.401,26.89167],[-97.39744,27.01031],[-97.39981,27.11508],[-97.37723,27.27998],[-97.36146,27.35199],[-97.30425,27.50732],[-97.23521,27.63447],[-97.18696,27.69425],[-97.15119,27.76862],[-97.12089,27.79869],[-97.13134,27.82266],[-97.1299,27.83949],[-97.08248,27.91323],[-97.0172,27.94573],[-96.9844,27.98436],[-96.97065,28.01246],[-96.95457,28.03598],[-96.93366,28.05601],[-96.92831,28.08233],[-96.91987,28.09355],[-96.88826,28.10393],[-96.88731,28.11629],[-96.87994,28.12877],[-96.85427,28.12007],[-96.81933,28.14333],[-96.82127,28.16836],[-96.79057,28.18891],[-96.73475,28.19077],[-96.65498,28.2464],[-96.60944,28.28107],[-96.599,28.29329],[-96.57559,28.30082],[-96.55384,28.3027],[-96.54149,28.31641],[-96.5252,28.323],[-96.48254,28.33011],[-96.45034,28.33775],[-96.44059,28.34298],[-96.4337,28.36369],[-96.44487,28.37028],[-96.45283,28.38021],[-96.45022,28.38847],[-96.42063,28.40436],[-96.42003,28.4169],[-96.45295,28.41868],[-96.51154,28.38335],[-96.58142,28.35334],[-96.62063,28.31913],[-96.6324,28.31871],[-96.6652,28.30961],[-96.68435,28.31446],[-96.6879,28.32813],[-96.70525,28.34881],[-96.70016,28.36968],[-96.70576,28.40021],[-96.71034,28.40683],[-96.76835,28.41039],[-96.77599,28.40581],[-96.79023,28.38393],[-96.79481,28.36459],[-96.79176,28.31217],[-96.80957,28.29029],[-96.78718,28.25568],[-96.78718,28.25008],[-96.80041,28.22413],[-96.84214,28.19359],[-96.87268,28.17629],[-96.89812,28.15288],[-96.91034,28.14728],[-96.93476,28.12387],[-96.96276,28.12336],[-97.00041,28.13761],[-97.00754,28.13609],[-97.02701,28.14841],[-97.0213,28.1841],[-97.03701,28.18553],[-97.14701,28.14172],[-97.21769,28.08621],[-97.21717,28.0735],[-97.17975,28.05885],[-97.18002,28.0496],[-97.16075,28.04367],[-97.15349,28.0319],[-97.13724,28.02807],[-97.12851,28.03839],[-97.13198,28.04956],[-97.11235,28.05946],[-97.11064,28.0693],[-97.09975,28.07813],[-97.08538,28.07952],[-97.0535,28.09239],[-97.04699,28.11595],[-97.02778,28.11189],[-97.0249,28.10732],[-97.03553,28.08469],[-97.03671,28.07345],[-97.02586,28.04194],[-97.03095,28.03329],[-97.04876,28.02209],[-97.06199,27.99614],[-97.07573,27.98698],[-97.12153,27.92336],[-97.12917,27.9198],[-97.13578,27.89945],[-97.14444,27.89436],[-97.15512,27.88061],[-97.18718,27.82413],[-97.20958,27.82209],[-97.22518,27.82572],[-97.22588,27.83021],[-97.22031,27.8378],[-97.23479,27.85124],[-97.24439,27.86911],[-97.2508,27.87604],[-97.2737,27.88163],[-97.29507,27.87807],[-97.3251,27.86789],[-97.341,27.88334],[-97.37795,27.8749],[-97.45429,27.87382],[-97.49324,27.88408],[-97.51474,27.87007],[-97.5151,27.85117],[-97.47207,27.82415],[-97.41919,27.823],[-97.37904,27.83787],[-97.39176,27.81395],[-97.39329,27.7829],[-97.38617,27.76662],[-97.36835,27.74168],[-97.34698,27.7254],[-97.31645,27.71268],[-97.25396,27.6967],[-97.25996,27.6796],[-97.26606,27.67858],[-97.2966,27.61395],[-97.29863,27.60479],[-97.29405,27.5941],[-97.32153,27.5712],[-97.3368,27.52743],[-97.34342,27.51776],[-97.35054,27.47858],[-97.35919,27.45822],[-97.36581,27.45059],[-97.37192,27.42514],[-97.36988,27.41242],[-97.37293,27.40122],[-97.405,27.32998],[-97.42026,27.31725],[-97.43044,27.31369],[-97.4508,27.31369],[-97.48286,27.29791],[-97.5083,27.27501],[-97.53222,27.27858],[-97.54444,27.28418],[-97.54698,27.29079],[-97.5368,27.28926],[-97.52662,27.29181],[-97.51747,27.30504],[-97.50474,27.30504],[-97.49813,27.3086],[-97.50271,27.32234],[-97.48388,27.33863],[-97.48693,27.35898],[-97.50169,27.36662],[-97.51441,27.36153],[-97.53833,27.33557],[-97.58413,27.30962],[-97.60907,27.28519],[-97.63146,27.28621],[-97.63655,27.28214],[-97.64011,27.27094],[-97.63909,27.25313],[-97.62892,27.24295],[-97.58261,27.24041],[-97.54291,27.22921],[-97.52001,27.23125],[-97.50983,27.23532],[-97.50016,27.24448],[-97.48515,27.25084],[-97.46708,27.25364],[-97.45029,27.26255],[-97.42408,27.26407],[-97.4223,27.25771],[-97.44156,27.16383],[-97.43099,27.16086],[-97.4394,27.07652],[-97.44406,26.98723],[-97.46028,26.84729],[-97.46647,26.8097],[-97.47861,26.80667],[-97.46861,26.74092],[-97.46734,26.71013],[-97.44495,26.63353],[-97.44571,26.60936],[-97.41696,26.55364],[-97.41917,26.52725],[-97.40681,26.49949],[-97.41125,26.47447],[-97.36972,26.45785],[-97.28772,26.27581],[-97.2938,26.25899],[-97.31102,26.23592],[-97.31133,26.21318],[-97.29882,26.20121],[-97.29609,26.18239],[-97.30746,26.15734],[-97.29105,26.13331],[-97.30462,26.12073],[-97.2798,26.09206],[-97.2709,26.08646],[-97.24698,26.08035],[-97.19965,26.07704],[-97.19646,26.05338],[-97.18672,26.05056],[-97.16498,26.06388],[-97.15201,26.06211],[-97.15192,26.01765],[-97.14557,25.97113],[-97.14629,25.95561],[-97.15661,25.94902],[-97.1682,25.95926],[-97.17836,25.96211],[-97.18758,25.95817],[-97.20695,25.9609],[-97.22923,25.95875],[-97.24803,25.9481],[-97.27671,25.95215],[-97.28139,25.94804],[-97.27716,25.93544],[-97.3036,25.9367],[-97.32056,25.9298],[-97.32491,25.92404],[-97.3504,25.92524],[-97.36764,25.91568],[-97.37443,25.90744],[-97.36598,25.90245],[-97.36008,25.86887],[-97.36542,25.84983],[-97.37286,25.84012],[-97.39451,25.83738],[-97.42264,25.84038],[-97.44511,25.85003],[-97.44917,25.87168],[-97.45473,25.87934],[-97.46826,25.88416],[-97.48606,25.87876],[-97.52176,25.88646],[-97.53032,25.9168],[-97.54296,25.92003],[-97.54642,25.93408],[-97.55538,25.93714],[-97.55936,25.93226],[-97.58257,25.93786],[-97.58042,25.94512],[-97.58304,25.95544],[-97.59804,25.95756],[-97.60828,25.97659],[-97.62723,25.99673],[-97.64401,26.00661],[-97.64371,26.01694],[-97.64918,26.0215],[-97.66133,26.01937],[-97.6683,26.01996],[-97.67135,26.02423],[-97.69707,26.02345],[-97.70325,26.03031],[-97.71115,26.03304],[-97.71992,26.03084],[-97.75884,26.03213],[-97.77008,26.04155],[-97.78982,26.04246],[-97.79529,26.05522],[-97.80134,26.06002],[-97.83661,26.05165],[-97.8605,26.05292],[-97.87698,26.06448],[-97.88653,26.06634],[-97.91388,26.05654],[-97.93542,26.05269],[-97.9501,26.06183],[-97.96736,26.05172],[-97.97877,26.05971],[-97.98134,26.06718],[-98.01097,26.06386],[-98.02876,26.06647],[-98.03924,26.04127],[-98.07002,26.04799],[-98.07654,26.06804],[-98.08049,26.07093],[-98.08585,26.06921],[-98.08188,26.06372],[-98.09104,26.05917],[-98.09764,26.06027],[-98.1055,26.06754],[-98.12833,26.06193],[-98.14662,26.04941],[-98.15173,26.05819],[-98.1779,26.07467],[-98.19153,26.05712],[-98.19705,26.05615],[-98.20496,26.06642],[-98.22067,26.07647],[-98.24881,26.0731],[-98.26451,26.08551],[-98.27722,26.0988],[-98.27003,26.10709],[-98.2657,26.12037],[-98.29619,26.12032],[-98.30298,26.11005],[-98.32383,26.12125],[-98.3352,26.13762],[-98.33842,26.15134],[-98.33316,26.16234],[-98.33684,26.16643],[-98.34578,26.16602],[-98.35465,26.15304],[-98.38669,26.15787],[-98.40443,26.18256],[-98.41812,26.18465],[-98.44254,26.19915],[-98.44368,26.21334],[-98.45098,26.2199],[-98.46508,26.22234],[-98.50057,26.21383],[-98.50933,26.22282],[-98.52659,26.22161],[-98.54385,26.23449],[-98.5616,26.23084],[-98.57619,26.23522],[-98.58518,26.25443],[-98.59915,26.25761],[-98.61347,26.25203],[-98.62665,26.25221],[-98.63418,26.24261],[-98.65422,26.23596],[-98.6694,26.23632],[-98.67904,26.24555],[-98.67777,26.25557],[-98.68117,26.26271],[-98.69886,26.26562],[-98.70745,26.27215],[-98.71123,26.28969],[-98.7292,26.29903],[-98.74527,26.3031],[-98.74562,26.31719],[-98.74905,26.32166],[-98.75524,26.3251],[-98.77991,26.32654],[-98.78982,26.33158],[-98.79821,26.36017],[-98.80735,26.36942],[-98.82457,26.37072],[-98.84406,26.35864],[-98.85341,26.36502],[-98.86135,26.36599],[-98.89096,26.35757],[-98.90556,26.36402],[-98.92128,26.38143],[-98.94205,26.37553],[-98.95019,26.3803],[-98.95833,26.39406],[-98.96759,26.39827],[-99.008,26.39546],[-99.02193,26.4079],[-99.03232,26.41208],[-99.03911,26.41295],[-99.04547,26.40982],[-99.06209,26.39737],[-99.082,26.39651],[-99.08513,26.39878],[-99.08941,26.4081],[-99.11086,26.42628],[-99.11381,26.434],[-99.10308,26.44151],[-99.09163,26.47698],[-99.10503,26.50033],[-99.12778,26.5252],[-99.14366,26.5279],[-99.16674,26.53608],[-99.1707,26.54032],[-99.1714,26.54985],[-99.16741,26.56],[-99.17806,26.62055],[-99.20052,26.65644],[-99.20995,26.69394],[-99.20891,26.72476],[-99.24002,26.74585],[-99.24244,26.78826],[-99.26221,26.81567],[-99.26861,26.84321],[-99.28047,26.85805],[-99.29515,26.86544],[-99.31675,26.86583],[-99.3289,26.87976],[-99.32182,26.90685],[-99.32468,26.91597],[-99.3373,26.92276],[-99.37915,26.93449],[-99.38825,26.94422],[-99.39375,26.96073],[-99.39019,26.96635],[-99.37731,26.97382],[-99.37659,26.97772],[-99.38737,26.9824],[-99.40369,26.99736],[-99.41548,27.01724],[-99.43215,27.0107],[-99.44652,27.02301],[-99.44397,27.03646],[-99.45232,27.06267],[-99.45028,27.06771],[-99.43447,27.07852],[-99.42921,27.09098],[-99.44212,27.10684],[-99.43058,27.12661],[-99.43135,27.13758],[-99.43997,27.15107],[-99.42998,27.15915],[-99.42635,27.17626],[-99.43279,27.20969],[-99.44524,27.22334],[-99.44155,27.24992],[-99.45239,27.26405],[-99.46331,27.26844],[-99.48069,27.25999],[-99.48791,27.26072],[-99.49662,27.27171],[-99.48751,27.29024],[-99.4946,27.30354],[-99.50204,27.30612],[-99.52366,27.30414],[-99.52965,27.30605],[-99.53777,27.31607],[-99.53138,27.32381],[-99.52126,27.32478],[-99.50484,27.33829],[-99.50778,27.35425],[-99.49908,27.37314],[-99.49214,27.38052],[-99.48752,27.4124],[-99.4957,27.43888],[-99.4951,27.45152],[-99.48382,27.4673],[-99.48042,27.4816],[-99.48352,27.4911],[-99.49752,27.5005],[-99.51932,27.4969],[-99.52832,27.4989],[-99.52192,27.54409],[-99.51112,27.56449],[-99.51222,27.56809],[-99.53014,27.58021],[-99.53972,27.60328],[-99.55495,27.61445],[-99.56287,27.60726],[-99.58001,27.60225],[-99.58484,27.6039],[-99.58515,27.6064],[-99.57816,27.61037],[-99.5781,27.6192],[-99.59137,27.62746],[-99.59623,27.63986],[-99.60353,27.64199],[-99.63893,27.62676],[-99.65432,27.62962],[-99.66595,27.63597],[-99.65829,27.65016],[-99.66894,27.65997],[-99.68581,27.66101],[-99.7046,27.65495],[-99.71151,27.65836],[-99.72152,27.66615],[-99.73245,27.68542],[-99.75754,27.71185],[-99.75853,27.71707],[-99.77074,27.73213],[-99.78884,27.73072],[-99.79634,27.73559],[-99.80165,27.74177],[-99.81309,27.77395],[-99.81909,27.77602],[-99.82579,27.76437],[-99.83513,27.76288],[-99.84171,27.76646],[-99.85088,27.79397],[-99.87007,27.79463],[-99.87768,27.79943],[-99.8772,27.84218],[-99.88201,27.85039],[-99.90149,27.86416],[-99.90439,27.87528],[-99.89409,27.89295],[-99.89346,27.89921],[-99.90008,27.91214],[-99.91746,27.91797],[-99.93714,27.94054],[-99.93854,27.95406],[-99.93216,27.96771],[-99.93181,27.98097],[-99.96277,27.98354],[-99.99145,27.99456],[-100.00863,28.02396],[-100.01791,28.06479],[-100.05312,28.08473],[-100.05698,28.09421],[-100.05649,28.10419],[-100.07547,28.12488],[-100.08339,28.14403],[-100.11963,28.15559],[-100.1411,28.16815],[-100.16059,28.16816],[-100.18569,28.18578],[-100.1965,28.19022],[-100.20806,28.19038],[-100.2121,28.19651],[-100.22028,28.23221],[-100.22758,28.23586],[-100.2462,28.23409],[-100.25163,28.23618],[-100.29347,28.27848],[-100.2943,28.28438],[-100.28647,28.3123],[-100.3142,28.34586],[-100.32039,28.36212],[-100.3444,28.38966],[-100.34959,28.4026],[-100.33706,28.42715],[-100.3378,28.44296],[-100.36829,28.4772],[-100.36598,28.48112],[-100.34418,28.48625],[-100.33714,28.49173],[-100.33381,28.49925],[-100.38886,28.51575],[-100.40506,28.53578],[-100.41141,28.5519],[-100.39727,28.57564],[-100.39839,28.58488],[-100.42986,28.59644],[-100.44732,28.60932],[-100.44709,28.6422],[-100.46287,28.64136],[-100.47449,28.64707],[-100.47964,28.65523],[-100.50035,28.66196],[-100.512,28.70535],[-100.5067,28.71674],[-100.50761,28.7406],[-100.51923,28.75616],[-100.53302,28.76328],[-100.53777,28.78078],[-100.53243,28.79106],[-100.53583,28.80589],[-100.54732,28.82582],[-100.56144,28.82917],[-100.57051,28.82632],[-100.5747,28.82879],[-100.57685,28.83617],[-100.57299,28.84846],[-100.59104,28.86305],[-100.59888,28.87559],[-100.60265,28.88766],[-100.60205,28.90194],[-100.63161,28.90284],[-100.64057,28.91421],[-100.63886,28.92762],[-100.65151,28.94343],[-100.64699,28.95708],[-100.64589,28.98642],[-100.66021,29.0315],[-100.66406,29.07321],[-100.67466,29.09978],[-100.69233,29.11523],[-100.70997,29.11968],[-100.72746,29.12912],[-100.7378,29.13908],[-100.73968,29.15049],[-100.75973,29.15715],[-100.77265,29.16849],[-100.7759,29.17334],[-100.76603,29.18585],[-100.76706,29.19529],[-100.78552,29.22814],[-100.79568,29.22773],[-100.79491,29.24246],[-100.79767,29.24694],[-100.82353,29.26174],[-100.83902,29.26326],[-100.85647,29.27566],[-100.87605,29.27959],[-100.88684,29.30785],[-100.90484,29.31201],[-100.94061,29.33311],[-100.9432,29.34199],[-100.94897,29.34725],[-100.96433,29.34734],[-100.97292,29.35455],[-101.01061,29.36867],[-101.02402,29.3937],[-101.0366,29.40611],[-101.04336,29.42988],[-101.05696,29.44077],[-101.06015,29.45866],[-101.08715,29.46941],[-101.11525,29.46846],[-101.13004,29.47842],[-101.1375,29.47354],[-101.14434,29.47325],[-101.15188,29.477],[-101.17166,29.50395],[-101.17382,29.51457],[-101.19272,29.52029],[-101.23528,29.52485],[-101.2549,29.52034],[-101.26084,29.52993],[-101.26117,29.53678],[-101.24435,29.56919],[-101.2523,29.60417],[-101.24742,29.61816],[-101.25227,29.62563],[-101.26922,29.63003],[-101.28049,29.61483],[-101.27761,29.59323],[-101.29322,29.57183],[-101.30553,29.57793],[-101.31433,29.59562],[-101.30733,29.64072],[-101.31122,29.64849],[-101.31666,29.65549],[-101.32521,29.65782],[-101.35009,29.65471],[-101.36176,29.65782],[-101.3672,29.66404],[-101.37886,29.69825],[-101.39836,29.717],[-101.39701,29.73396],[-101.41558,29.74653],[-101.4154,29.75656],[-101.42473,29.75812],[-101.44106,29.75345],[-101.4465,29.75501],[-101.4535,29.75967],[-101.45522,29.77187],[-101.46749,29.77989],[-101.47527,29.78066],[-101.50322,29.76458],[-101.52269,29.75967],[-101.5328,29.76434],[-101.53747,29.783],[-101.5468,29.79699],[-101.56157,29.79466],[-101.57556,29.77444],[-101.58256,29.77133],[-101.60368,29.7744],[-101.62596,29.77106],[-101.63032,29.76873],[-101.63513,29.75868],[-101.64642,29.7543],[-101.66245,29.77128],[-101.68999,29.77121],[-101.70664,29.76274],[-101.71422,29.76766],[-101.75432,29.77766],[-101.77716,29.78933],[-101.79687,29.78262],[-101.81489,29.7931],[-101.83123,29.78932],[-101.8526,29.80189],[-101.8754,29.79402],[-101.89274,29.79789],[-101.91241,29.79785],[-101.92258,29.79016],[-101.92971,29.78932],[-101.93809,29.79603],[-101.95946,29.79938],[-101.96617,29.80734],[-101.97455,29.81028],[-101.98754,29.80106],[-102.00179,29.80483],[-102.03901,29.80266],[-102.04109,29.79961],[-102.03923,29.79098],[-102.05004,29.78507],[-102.07365,29.78693],[-102.07735,29.79242],[-102.08444,29.79496],[-102.11568,29.79239],[-102.14233,29.80285],[-102.1596,29.81436],[-102.18615,29.84846],[-102.20538,29.84244],[-102.23179,29.84825],[-102.24743,29.85728],[-102.26124,29.85757],[-102.26495,29.86781],[-102.28125,29.86312],[-102.30138,29.87767],[-102.31539,29.87992],[-102.32062,29.87898],[-102.32463,29.87231],[-102.33338,29.86805],[-102.34103,29.86931],[-102.36454,29.84539],[-102.36251,29.83316],[-102.37725,29.80016],[-102.37731,29.78997],[-102.38668,29.76688],[-102.41206,29.76806],[-102.4333,29.77661],[-102.49033,29.78395],[-102.50831,29.78322],[-102.51269,29.7803],[-102.51338,29.76576],[-102.53942,29.75163],[-102.55108,29.75236],[-102.56175,29.76609],[-102.56941,29.76812],[-102.57601,29.75469],[-102.58745,29.74991],[-102.59716,29.75161],[-102.61288,29.74818],[-102.62253,29.73663],[-102.63015,29.73431],[-102.66125,29.73612],[-102.67097,29.74195],[-102.67719,29.73826],[-102.68816,29.72249],[-102.69024,29.70748],[-102.69835,29.69559],[-102.69932,29.68503],[-102.69347,29.67651],[-102.72423,29.64841],[-102.73695,29.64154],[-102.74203,29.63214],[-102.73843,29.62193],[-102.73999,29.59904],[-102.7462,29.59287],[-102.76181,29.5984],[-102.76834,29.59473],[-102.76224,29.57945],[-102.76612,29.57235],[-102.77396,29.57308],[-102.77753,29.5565],[-102.77143,29.54855],[-102.80869,29.52232],[-102.80733,29.49401],[-102.83097,29.44427],[-102.83254,29.43311],[-102.82456,29.39956],[-102.84078,29.37696],[-102.84302,29.35799],[-102.86163,29.35164],[-102.87687,29.35406],[-102.88372,29.34806],[-102.87981,29.33875],[-102.89049,29.3095],[-102.88833,29.29195],[-102.9026,29.27944],[-102.9063,29.26001],[-102.90319,29.25403],[-102.8879,29.24561],[-102.87135,29.24162],[-102.86685,29.22501],[-102.87802,29.2147],[-102.89006,29.20881],[-102.89923,29.20886],[-102.90879,29.21934],[-102.91213,29.2189],[-102.91587,29.21588],[-102.91245,29.20625],[-102.91781,29.1907],[-102.93261,29.19411],[-102.94491,29.18882],[-102.95089,29.17684],[-102.97727,29.18623],[-102.99465,29.17962],[-102.9981,29.17268],[-102.99569,29.16122],[-103.00243,29.15026],[-103.00836,29.14829],[-103.01503,29.12577],[-103.03298,29.11412],[-103.0333,29.10736],[-103.04044,29.09935],[-103.07441,29.08853],[-103.07685,29.07606],[-103.10027,29.0577],[-103.10161,29.01812],[-103.11724,29.00021],[-103.11533,28.98527],[-103.12675,28.98212],[-103.13493,28.98353],[-103.14327,28.97807],[-103.16387,28.9721],[-103.16624,28.97884],[-103.2278,28.99153],[-103.23911,28.98165],[-103.24512,28.98024],[-103.25329,28.98669],[-103.266,28.99021],[-103.27796,28.97918],[-103.285,28.98208],[-103.28321,28.99315],[-103.28616,29.00026],[-103.29428,29.00517],[-103.3119,29.00843],[-103.3091,29.01838],[-103.316,29.02261],[-103.32816,29.01624],[-103.33576,29.01968],[-103.33245,29.03339],[-103.33482,29.0398],[-103.34146,29.04122],[-103.34787,29.03743],[-103.35543,29.02153],[-103.362,29.01891],[-103.42775,29.04233],[-103.43467,29.05532],[-103.45303,29.06747],[-103.46917,29.06924],[-103.47482,29.08667],[-103.49976,29.11478],[-103.52461,29.121],[-103.52503,29.13735],[-103.5578,29.15542],[-103.57946,29.14997],[-103.59236,29.15026],[-103.61054,29.16577],[-103.64563,29.15929],[-103.6602,29.17093],[-103.68867,29.17829],[-103.69731,29.17719],[-103.71377,29.18501],[-103.72474,29.19147],[-103.74218,29.20861],[-103.75693,29.23063],[-103.7679,29.22433],[-103.78137,29.23095],[-103.77873,29.25404],[-103.79116,29.26328],[-103.85689,29.28185],[-103.88061,29.28496],[-103.91711,29.28422],[-103.91886,29.29011],[-103.92498,29.29391],[-103.9658,29.29859],[-103.97523,29.29602],[-104.03828,29.32016],[-104.0556,29.33091],[-104.05724,29.33769],[-104.08215,29.34592],[-104.10647,29.37313],[-104.12547,29.38092],[-104.14369,29.38328],[-104.16656,29.39935],[-104.18007,29.41276],[-104.18127,29.42627],[-104.19599,29.44288],[-104.21253,29.45244],[-104.21324,29.47301],[-104.22908,29.48105],[-104.23382,29.48654],[-104.23585,29.49674],[-104.26416,29.514],[-104.31807,29.52794],[-104.33811,29.51997],[-104.37117,29.54306],[-104.38104,29.54341],[-104.39459,29.55609],[-104.39959,29.57232],[-104.46652,29.6093],[-104.4835,29.62774],[-104.50757,29.63962],[-104.53976,29.67607],[-104.5363,29.69044],[-104.55224,29.71712],[-104.55466,29.74073],[-104.56595,29.75879],[-104.56569,29.77046],[-104.59247,29.81028],[-104.59915,29.81101],[-104.61017,29.81912],[-104.61904,29.84445],[-104.62435,29.84522],[-104.6301,29.85331],[-104.63327,29.87048],[-104.65678,29.88933],[-104.65904,29.90141],[-104.67233,29.91111],[-104.67977,29.92466],[-104.68432,29.95609],[-104.67966,29.97527],[-104.68548,29.98994],[-104.68964,30.01495],[-104.704,30.02421],[-104.7011,30.03553],[-104.70687,30.05069],[-104.70358,30.06453],[-104.69278,30.06976],[-104.685,30.08564],[-104.68569,30.09596],[-104.69209,30.1073],[-104.69537,30.13213],[-104.68751,30.1622],[-104.6873,30.17946],[-104.70279,30.21174],[-104.71124,30.22292],[-104.71317,30.23796],[-104.73382,30.26122],[-104.74045,30.25945],[-104.75157,30.26364],[-104.76163,30.30115],[-104.79729,30.33034],[-104.80979,30.33493],[-104.8176,30.36592],[-104.83749,30.37391],[-104.85952,30.39041],[-104.85744,30.40896],[-104.85242,30.41879],[-104.86107,30.4289],[-104.86987,30.45865],[-104.86609,30.46738],[-104.87679,30.511],[-104.88938,30.53514],[-104.899,30.5704],[-104.9248,30.60483],[-104.9381,30.60347],[-104.97207,30.61026],[-104.98029,30.62204],[-104.9863,30.66106],[-105.00124,30.67258],[-105.00206,30.68097],[-105.0068,30.68604],[-105.02014,30.68364],[-105.04293,30.68726],[-105.04989,30.68082],[-105.06233,30.6863],[-105.06263,30.69822],[-105.09828,30.71891],[-105.10808,30.73005],[-105.11068,30.74337],[-105.11382,30.746],[-105.15764,30.75401],[-105.16482,30.77249],[-105.17828,30.77213],[-105.18593,30.78439],[-105.19514,30.79214],[-105.21292,30.78542],[-105.21597,30.78649],[-105.21489,30.79726],[-105.21866,30.80157],[-105.23836,30.80311],[-105.25542,30.79703],[-105.26136,30.79808],[-105.28724,30.82221],[-105.29563,30.82221],[-105.30367,30.81696],[-105.31486,30.81696],[-105.32011,30.82745],[-105.3477,30.83807],[-105.36067,30.84738],[-105.39424,30.85298],[-105.39669,30.85543],[-105.39425,30.87196],[-105.39961,30.88894],[-105.48803,30.94328],[-105.49686,30.95049],[-105.50226,30.96268],[-105.53309,30.98486],[-105.54368,30.98475],[-105.55743,30.99023],[-105.57911,31.02164],[-105.58532,31.05749],[-105.59592,31.06484],[-105.60333,31.08263],[-105.62735,31.09855],[-105.64189,31.09832],[-105.64883,31.1159],[-105.70949,31.13638],[-105.71701,31.14144],[-105.71954,31.14916],[-105.74268,31.1649],[-105.76353,31.16412],[-105.77326,31.1669],[-105.78289,31.19756],[-105.79439,31.20224],[-105.83572,31.24681],[-105.86935,31.28863],[-105.87601,31.29159],[-105.89503,31.29098],[-105.90877,31.31277],[-105.93255,31.31312],[-105.93845,31.31874],[-105.94809,31.34007],[-105.9459,31.35281],[-105.95394,31.36475],[-105.9701,31.36594],[-106.00493,31.39246],[-106.08026,31.3987],[-106.10688,31.4214],[-106.13278,31.42537],[-106.15822,31.43888],[-106.17567,31.45628],[-106.20583,31.46598],[-106.21884,31.4803],[-106.22391,31.50042],[-106.2368,31.51338],[-106.2462,31.54115],[-106.28081,31.56206],[-106.30354,31.62041],[-106.33474,31.66411],[-106.34954,31.69671],[-106.37384,31.71481],[-106.38104,31.73211],[-106.41794,31.75201],[-106.43154,31.75421],[-106.45154,31.76481],[-106.46764,31.75961],[-106.47554,31.75011],[-106.48954,31.74841],[-106.52364,31.77621],[-106.52864,31.78181],[-106.52794,31.79051],[-106.533,31.79183],[-106.53584,31.79861],[-106.54714,31.8073],[-106.56684,31.81331],[-106.57724,31.81041],[-106.58904,31.82271],[-106.60273,31.82502],[-106.60527,31.82791],[-106.60205,31.8444],[-106.61464,31.84649],[-106.63593,31.86623],[-106.6292,31.88372],[-106.6453,31.89486],[-106.64548,31.89867]]]}},{"type":"Feature","id":49,"properties":{"code":"UT","name":"Utah"},"geometry":{"type":"Polygon","coordinates":[[[-114.05296,37.59278],[-114.04847,37.80986],[-114.05048,38.49995],[-114.04618,40.39831],[-114.04023,41.49169],[-114.04172,41.99372],[-113.89326,41.98806],[-112.70937,42.00031],[-112.19298,42.00117],[-112.17335,41.99657],[-111.04669,42.00157],[-111.04672,40.99796],[-110.50072,40.99475],[-109.53493,40.99814],[-109.23198,41.00206],[-109.05008,41.00066],[-109.04804,40.61923],[-109.05095,40.44437],[-109.05151,39.12609],[-109.05419,38.87498],[-109.05954,38.71989],[-109.06006,38.27549],[-109.04176,38.16469],[-109.04522,36.99908],[-110.47019,36.998],[-110.50069,37.00426],[-111.27829,37.00046],[-114.0506,37.0004],[-114.05296,37.59278]]]}},{"type":"Feature","id":50,"properties":{"code":"VT","name":"Vermont"},"geometry":{"type":"Polygon","coordinates":[[[-73.43774,44.04501],[-73.42924,44.07941],[-73.41132,44.11269],[-73.41576,44.13283],[-73.40238,44.14586],[-73.39553,44.16612],[-73.39689,44.17385],[-73.38966,44.18125],[-73.39058,44.19089],[-73.36201,44.20855],[-73.34989,44.23036],[-73.34231,44.23453],[-73.34323,44.23805],[-73.3305,44.24425],[-73.3236,44.2439],[-73.31285,44.26535],[-73.3123,44.28003],[-73.32423,44.31002],[-73.324,44.33384],[-73.33464,44.35688],[-73.33494,44.36444],[-73.33357,44.37229],[-73.31502,44.38851],[-73.29385,44.43756],[-73.30011,44.45471],[-73.29894,44.4713],[-73.30671,44.50033],[-73.32084,44.51363],[-73.32203,44.52529],[-73.32946,44.5292],[-73.33899,44.5433],[-73.33875,44.54805],[-73.35679,44.55792],[-73.37439,44.57545],[-73.38185,44.58932],[-73.37685,44.5996],[-73.38293,44.61218],[-73.39023,44.61835],[-73.3865,44.62692],[-73.38678,44.63637],[-73.37856,44.64147],[-73.38316,44.64576],[-73.37797,44.65292],[-73.37907,44.65677],[-73.36967,44.66348],[-73.37272,44.66874],[-73.37184,44.67696],[-73.36721,44.67851],[-73.37014,44.68485],[-73.36131,44.69452],[-73.36556,44.7003],[-73.36556,44.74179],[-73.35436,44.7553],[-73.34707,44.77299],[-73.33571,44.78209],[-73.33315,44.78876],[-73.33544,44.8046],[-73.35495,44.8215],[-73.36965,44.82914],[-73.37945,44.83801],[-73.38136,44.84502],[-73.37982,44.85704],[-73.3691,44.86668],[-73.35808,44.90132],[-73.33898,44.91768],[-73.33824,44.96475],[-73.35022,44.97622],[-73.35463,44.98735],[-73.34312,45.01084],[-72.84563,45.01666],[-72.67477,45.01546],[-72.58988,45.01324],[-72.55591,45.0083],[-72.44886,45.00854],[-72.31007,45.00382],[-71.46504,45.01364],[-71.47961,45.0029],[-71.48757,45.00094],[-71.51461,45.00396],[-71.52502,45.00188],[-71.53698,44.99418],[-71.53778,44.9843],[-71.52237,44.96631],[-71.51622,44.96457],[-71.51519,44.92732],[-71.4944,44.91184],[-71.49584,44.90498],[-71.50109,44.90443],[-71.51387,44.89465],[-71.51229,44.89025],[-71.52834,44.87782],[-71.52915,44.87356],[-71.54953,44.86259],[-71.54834,44.85553],[-71.5568,44.84881],[-71.55222,44.83778],[-71.55767,44.83442],[-71.56226,44.82463],[-71.56791,44.82383],[-71.5755,44.81606],[-71.56922,44.80881],[-71.57325,44.79188],[-71.58,44.78548],[-71.59297,44.78278],[-71.59695,44.77899],[-71.59604,44.77542],[-71.61177,44.76434],[-71.61794,44.75588],[-71.63188,44.75246],[-71.62518,44.74398],[-71.62492,44.72903],[-71.61766,44.72892],[-71.61835,44.72261],[-71.59975,44.70532],[-71.60077,44.6999],[-71.59422,44.68382],[-71.5963,44.67908],[-71.58198,44.67353],[-71.58564,44.66928],[-71.58658,44.65948],[-71.57601,44.65569],[-71.57515,44.65061],[-71.56614,44.65386],[-71.55857,44.64437],[-71.56264,44.63727],[-71.55172,44.6276],[-71.55576,44.62412],[-71.55656,44.61699],[-71.55345,44.59345],[-71.53625,44.58844],[-71.54492,44.57928],[-71.5532,44.58068],[-71.55985,44.56412],[-71.59017,44.56569],[-71.59614,44.5609],[-71.5968,44.55342],[-71.57308,44.53798],[-71.5825,44.5244],[-71.59426,44.52168],[-71.57764,44.50269],[-71.5915,44.49965],[-71.59948,44.48645],[-71.6328,44.48389],[-71.64589,44.47514],[-71.64786,44.46998],[-71.6404,44.46419],[-71.64507,44.46055],[-71.65335,44.4605],[-71.66183,44.44029],[-71.67926,44.43502],[-71.67995,44.42791],[-71.69943,44.41607],[-71.71509,44.41049],[-71.73592,44.41006],[-71.7431,44.40166],[-71.76197,44.40703],[-71.77861,44.3998],[-71.79392,44.39927],[-71.80349,44.39189],[-71.80032,44.38428],[-71.81439,44.38193],[-71.81577,44.37546],[-71.81224,44.37149],[-71.81616,44.36756],[-71.81221,44.35736],[-71.81435,44.35454],[-71.87247,44.33663],[-71.90691,44.34828],[-71.91743,44.34654],[-71.93539,44.33577],[-71.98112,44.3375],[-71.98831,44.32977],[-72.00998,44.32195],[-72.03314,44.32037],[-72.03347,44.30188],[-72.05888,44.28624],[-72.06777,44.27098],[-72.04789,44.23849],[-72.05358,44.22604],[-72.05323,44.21688],[-72.06617,44.18977],[-72.0575,44.17944],[-72.05302,44.1679],[-72.04017,44.15702],[-72.04287,44.15129],[-72.04198,44.13717],[-72.0337,44.13154],[-72.03751,44.12471],[-72.04195,44.12565],[-72.05234,44.11989],[-72.05483,44.11014],[-72.03298,44.10166],[-72.03188,44.09336],[-72.03629,44.08924],[-72.04768,44.08887],[-72.0473,44.08538],[-72.03978,44.08127],[-72.0425,44.07464],[-72.04857,44.07136],[-72.06271,44.05162],[-72.07899,44.04289],[-72.07565,44.03165],[-72.08526,44.02447],[-72.09406,44.02318],[-72.0989,44.01548],[-72.10529,44.01266],[-72.10376,44.00284],[-72.11698,43.99448],[-72.11176,43.98494],[-72.11473,43.96833],[-72.09869,43.95766],[-72.10587,43.94937],[-72.1187,43.94536],[-72.11677,43.93392],[-72.121,43.91896],[-72.15132,43.9017],[-72.16082,43.88722],[-72.1706,43.88639],[-72.17358,43.87967],[-72.16748,43.86915],[-72.18479,43.86339],[-72.18792,43.85613],[-72.18286,43.84511],[-72.1822,43.83403],[-72.18857,43.82115],[-72.18333,43.80818],[-72.19555,43.79149],[-72.2053,43.78447],[-72.20476,43.77126],[-72.2181,43.76573],[-72.23271,43.74829],[-72.26425,43.73416],[-72.27118,43.73414],[-72.29972,43.70656],[-72.30533,43.69577],[-72.30432,43.66951],[-72.31402,43.65616],[-72.31408,43.64281],[-72.32913,43.63556],[-72.32724,43.63053],[-72.3344,43.61925],[-72.3327,43.61031],[-72.32823,43.60684],[-72.32851,43.60081],[-72.37944,43.57407],[-72.38278,43.56246],[-72.38038,43.54088],[-72.3891,43.52827],[-72.39422,43.5274],[-72.39856,43.51344],[-72.38089,43.49339],[-72.38172,43.48009],[-72.3925,43.46736],[-72.39057,43.45123],[-72.39566,43.43854],[-72.40381,43.39193],[-72.41315,43.3843],[-72.41598,43.37653],[-72.41338,43.36274],[-72.40395,43.3581],[-72.3901,43.35693],[-72.41035,43.33167],[-72.39546,43.31299],[-72.41545,43.27137],[-72.42158,43.26344],[-72.43522,43.25848],[-72.43869,43.2529],[-72.43894,43.24424],[-72.43368,43.23343],[-72.4405,43.21905],[-72.43772,43.20275],[-72.45028,43.19248],[-72.4434,43.17973],[-72.45256,43.17212],[-72.4518,43.15349],[-72.45714,43.14849],[-72.45199,43.13892],[-72.44091,43.13579],[-72.44293,43.13019],[-72.43297,43.11966],[-72.43313,43.11264],[-72.44305,43.10084],[-72.43519,43.08662],[-72.43619,43.08173],[-72.46736,43.05265],[-72.46025,43.04067],[-72.4624,43.02556],[-72.45704,43.01729],[-72.44464,43.01057],[-72.44376,43.00624],[-72.44871,43.00117],[-72.45694,43.00131],[-72.46294,42.99694],[-72.46533,42.98956],[-72.46163,42.98291],[-72.47383,42.97205],[-72.48171,42.97398],[-72.4926,42.96765],[-72.51842,42.96317],[-72.53219,42.95495],[-72.53455,42.94989],[-72.52743,42.94315],[-72.52443,42.91557],[-72.53022,42.91158],[-72.53278,42.89608],[-72.54071,42.88938],[-72.55283,42.88497],[-72.55621,42.86695],[-72.55423,42.86004],[-72.55725,42.85302],[-72.54855,42.84202],[-72.54278,42.80848],[-72.51584,42.78856],[-72.50886,42.77992],[-72.50837,42.77461],[-72.51484,42.77144],[-72.51608,42.76595],[-72.50799,42.76441],[-72.50069,42.76766],[-72.49795,42.77292],[-72.49112,42.77246],[-72.47762,42.76125],[-72.47307,42.74592],[-72.45852,42.72685],[-73.27642,42.74602],[-73.29094,42.80192],[-73.28375,42.81386],[-73.28706,42.82014],[-73.28539,42.83409],[-73.27867,42.83341],[-73.25649,43.25925],[-73.2477,43.52317],[-73.24189,43.52942],[-73.24159,43.53497],[-73.25013,43.54343],[-73.24864,43.55386],[-73.25863,43.56495],[-73.28491,43.57927],[-73.29462,43.57897],[-73.29211,43.58451],[-73.29692,43.58732],[-73.2928,43.59386],[-73.29223,43.60255],[-73.30029,43.61081],[-73.30208,43.62436],[-73.30623,43.62802],[-73.31061,43.62411],[-73.32389,43.62763],[-73.34218,43.62607],[-73.34762,43.62251],[-73.37189,43.62449],[-73.36993,43.61909],[-73.37604,43.6126],[-73.37247,43.60485],[-73.38345,43.59678],[-73.38337,43.57677],[-73.39577,43.56809],[-73.43095,43.58704],[-73.42162,43.60302],[-73.42371,43.61236],[-73.41767,43.62169],[-73.42791,43.63443],[-73.42646,43.6426],[-73.41551,43.65245],[-73.40413,43.68134],[-73.40474,43.69021],[-73.39552,43.69683],[-73.38588,43.71134],[-73.37061,43.72533],[-73.36973,43.74427],[-73.35059,43.77194],[-73.35755,43.78593],[-73.37636,43.79877],[-73.3808,43.81095],[-73.39249,43.82078],[-73.38839,43.8324],[-73.37225,43.84534],[-73.38205,43.85501],[-73.37405,43.87556],[-73.38349,43.89095],[-73.39588,43.90304],[-73.40859,43.93293],[-73.40552,43.94881],[-73.40682,43.96732],[-73.41261,43.97998],[-73.40598,44.01149],[-73.40774,44.02131],[-73.41078,44.02694],[-73.42312,44.03276],[-73.43774,44.04501]]]}},{"type":"Feature","id":51,"properties":{"code":"VA","name":"Virginia"},"geometry":{"type":"MultiPolygon","coordinates":[[[[-75.99966,37.8482],[-75.99256,37.84889],[-75.98802,37.84108],[-75.97361,37.83582],[-75.97171,37.83093],[-75.9773,37.82582],[-75.98216,37.80623],[-75.9873,37.80492],[-75.9983,37.81263],[-75.99966,37.8482]]],[[[-76.02366,37.26897],[-76.01551,37.28087],[-76.02348,37.28907],[-76.01425,37.33194],[-75.98712,37.36855],[-75.97997,37.40461],[-75.9831,37.4158],[-75.98162,37.43412],[-75.96088,37.46756],[-75.96333,37.48179],[-75.95897,37.50013],[-75.94997,37.52188],[-75.94032,37.53458],[-75.9373,37.55173],[-75.94118,37.56384],[-75.92476,37.60021],[-75.90959,37.62267],[-75.86848,37.66822],[-75.86428,37.67569],[-75.86835,37.68761],[-75.85926,37.70311],[-75.83768,37.71299],[-75.82481,37.74167],[-75.80298,37.75292],[-75.80063,37.75941],[-75.81812,37.7917],[-75.7846,37.80683],[-75.77061,37.8046],[-75.7431,37.80666],[-75.73588,37.81656],[-75.72322,37.82012],[-75.71659,37.8267],[-75.70911,37.8477],[-75.70291,37.84966],[-75.68984,37.86182],[-75.68529,37.87334],[-75.68758,37.88634],[-75.70963,37.90062],[-75.72049,37.90193],[-75.7267,37.8973],[-75.75305,37.89661],[-75.7588,37.89762],[-75.75769,37.90391],[-75.71206,37.93608],[-75.70432,37.92901],[-75.69394,37.93036],[-75.66983,37.95056],[-75.65568,37.94543],[-75.64761,37.94703],[-75.64823,37.96677],[-75.62445,37.99419],[-75.24247,38.02703],[-75.29687,37.95904],[-75.35246,37.87483],[-75.36478,37.86317],[-75.38064,37.8517],[-75.38606,37.85242],[-75.40009,37.8755],[-75.42112,37.88331],[-75.43208,37.87859],[-75.45399,37.86416],[-75.48927,37.83246],[-75.52088,37.79669],[-75.5519,37.74812],[-75.56295,37.73647],[-75.57638,37.69943],[-75.58363,37.69313],[-75.60383,37.62803],[-75.61453,37.6093],[-75.61286,37.57728],[-75.6005,37.57389],[-75.60217,37.56711],[-75.67288,37.4837],[-75.68631,37.4786],[-75.68405,37.46323],[-75.66444,37.46446],[-75.65838,37.45182],[-75.66596,37.43921],[-75.69791,37.4053],[-75.72074,37.37313],[-75.72733,37.36035],[-75.72669,37.35013],[-75.73583,37.33543],[-75.7631,37.30787],[-75.77724,37.29851],[-75.79191,37.30059],[-75.79845,37.29628],[-75.79241,37.27881],[-75.79699,37.25602],[-75.80581,37.24185],[-75.80138,37.22994],[-75.8099,37.21625],[-75.81988,37.21246],[-75.8156,37.20224],[-75.81739,37.19344],[-75.83093,37.18359],[-75.83469,37.17326],[-75.85637,37.1585],[-75.8973,37.11804],[-75.91579,37.11217],[-75.91151,37.12288],[-75.92779,37.13027],[-75.94254,37.12514],[-75.94587,37.12051],[-75.95512,37.11975],[-75.95298,37.10572],[-75.94342,37.10066],[-75.9424,37.08961],[-75.95524,37.08383],[-75.97188,37.08538],[-75.97996,37.09217],[-75.97961,37.10045],[-75.97043,37.11861],[-75.97,37.12886],[-75.97808,37.15734],[-76.01307,37.20537],[-76.01378,37.21926],[-76.01054,37.23158],[-76.02575,37.25741],[-76.02366,37.26897]]],[[[-76.04153,37.95401],[-76.03012,37.95365],[-75.9939,37.95349],[-75.99735,37.9463],[-76.01185,37.9406],[-76.01984,37.92748],[-76.02823,37.92397],[-76.03632,37.92765],[-76.04653,37.95359],[-76.04153,37.95401]]],[[[-83.67461,36.60308],[-83.64951,36.61668],[-83.64521,36.62418],[-83.62891,36.62408],[-83.60791,36.63708],[-83.57731,36.64178],[-83.56261,36.65128],[-83.54181,36.65658],[-83.52961,36.66618],[-83.49801,36.67048],[-83.46648,36.6647],[-83.42371,36.66739],[-83.39581,36.67679],[-83.3861,36.68659],[-83.3114,36.71029],[-83.2555,36.72179],[-83.1946,36.73949],[-83.13639,36.74309],[-83.12783,36.75083],[-83.12881,36.75786],[-83.12565,36.76141],[-83.13248,36.7644],[-83.12849,36.77559],[-83.13169,36.78149],[-83.11914,36.78953],[-83.10309,36.80669],[-83.09849,36.81429],[-83.10179,36.82909],[-83.08699,36.83819],[-83.07519,36.84089],[-83.07559,36.85059],[-83.07259,36.85459],[-83.04759,36.85179],[-83.02689,36.85549],[-83.02189,36.84999],[-83.00922,36.8473],[-82.99838,36.85663],[-82.97923,36.85969],[-82.97025,36.85769],[-82.95168,36.86615],[-82.93757,36.86727],[-82.92241,36.87392],[-82.90777,36.87471],[-82.90632,36.87974],[-82.87857,36.88958],[-82.87864,36.89398],[-82.87007,36.90174],[-82.87747,36.90796],[-82.85796,36.92953],[-82.86128,36.94485],[-82.85571,36.95381],[-82.8654,36.95808],[-82.87023,36.9655],[-82.86754,36.97752],[-82.86293,36.97998],[-82.85794,36.97828],[-82.85373,36.98518],[-82.845,36.98381],[-82.83601,36.98884],[-82.8308,36.99345],[-82.82859,37.00571],[-82.82268,37.00413],[-82.79749,37.00965],[-82.79344,37.00549],[-82.78214,37.00824],[-82.77737,37.01528],[-82.77179,37.01572],[-82.75917,37.02733],[-82.74798,37.02521],[-82.74245,37.04298],[-82.7336,37.04453],[-82.72628,37.0421],[-82.72247,37.0451],[-82.72225,37.05795],[-82.72702,37.07302],[-82.71674,37.07722],[-82.72495,37.0919],[-82.72162,37.10128],[-82.72645,37.11498],[-82.7221,37.12017],[-82.6846,37.13584],[-82.67677,37.13497],[-82.66772,37.14195],[-82.65747,37.14502],[-82.65327,37.15131],[-82.63349,37.15426],[-82.61742,37.16813],[-82.59745,37.17709],[-82.59245,37.18285],[-82.49886,37.22704],[-82.45702,37.23829],[-82.44916,37.24391],[-82.35095,37.26708],[-82.34207,37.27411],[-82.34185,37.28089],[-82.32462,37.28318],[-82.30942,37.30007],[-81.9683,37.5378],[-81.96758,37.53281],[-81.95738,37.5352],[-81.95663,37.52849],[-81.94401,37.53096],[-81.94709,37.52391],[-81.93309,37.51897],[-81.92674,37.51304],[-81.94115,37.50948],[-81.94391,37.50293],[-81.95315,37.50131],[-81.95326,37.49176],[-81.96499,37.49349],[-81.97759,37.4846],[-81.99292,37.48297],[-81.99658,37.47671],[-81.99565,37.46983],[-81.98701,37.45488],[-81.97618,37.45719],[-81.96558,37.44692],[-81.94937,37.44569],[-81.94576,37.44021],[-81.93562,37.4384],[-81.94055,37.42906],[-81.93695,37.41992],[-81.92348,37.41138],[-81.92451,37.40761],[-81.93004,37.40529],[-81.92878,37.39384],[-81.93674,37.38073],[-81.9267,37.36462],[-81.9285,37.36064],[-81.92564,37.35732],[-81.92157,37.35642],[-81.91668,37.34935],[-81.91088,37.34873],[-81.90732,37.34312],[-81.8995,37.3411],[-81.89377,37.33011],[-81.87871,37.33175],[-81.87018,37.32067],[-81.86027,37.31571],[-81.86568,37.30948],[-81.85962,37.30477],[-81.85446,37.30657],[-81.85355,37.2877],[-81.84995,37.28523],[-81.83876,37.28634],[-81.83341,37.28453],[-81.83447,37.28176],[-81.81963,37.27941],[-81.80538,37.28562],[-81.79359,37.28484],[-81.79342,37.28167],[-81.78929,37.28442],[-81.77468,37.27481],[-81.75763,37.274],[-81.75753,37.27001],[-81.74611,37.2636],[-81.74545,37.25812],[-81.74097,37.25405],[-81.744,37.24253],[-81.73854,37.23826],[-81.72306,37.24049],[-81.71625,37.23432],[-81.71573,37.22877],[-81.69511,37.21357],[-81.68354,37.21145],[-81.68327,37.20565],[-81.67821,37.20148],[-81.5536,37.20844],[-81.54444,37.22076],[-81.52073,37.22691],[-81.50732,37.2338],[-81.50643,37.24447],[-81.49887,37.25803],[-81.49229,37.25096],[-81.48014,37.25112],[-81.46211,37.2599],[-81.46058,37.26553],[-81.44828,37.27058],[-81.41666,37.27321],[-81.40376,37.2966],[-81.40506,37.29879],[-81.39682,37.3045],[-81.39855,37.31063],[-81.39429,37.31641],[-81.38673,37.32047],[-81.37445,37.31861],[-81.3676,37.32757],[-81.36938,37.33183],[-81.36216,37.33769],[-81.3201,37.29932],[-81.2251,37.23487],[-81.16703,37.26288],[-81.1126,37.2785],[-80.97959,37.30228],[-80.98132,37.29346],[-80.96656,37.29216],[-80.9479,37.29587],[-80.90054,37.315],[-80.86899,37.33857],[-80.84945,37.34691],[-80.88325,37.38393],[-80.86276,37.41183],[-80.86515,37.41993],[-80.85956,37.42957],[-80.84632,37.42339],[-80.83768,37.42566],[-80.80877,37.40627],[-80.80613,37.39807],[-80.78419,37.39459],[-80.77008,37.37236],[-80.7052,37.39462],[-80.64589,37.42215],[-80.63439,37.43123],[-80.62266,37.43331],[-80.6168,37.43944],[-80.55204,37.47356],[-80.51514,37.47857],[-80.51139,37.48167],[-80.49298,37.45775],[-80.49728,37.44478],[-80.49487,37.43507],[-80.4756,37.42295],[-80.46482,37.42614],[-80.42566,37.44988],[-80.37195,37.47407],[-80.36317,37.48],[-80.36684,37.48488],[-80.30933,37.50288],[-80.29979,37.50827],[-80.28239,37.53352],[-80.29164,37.5365],[-80.30935,37.52738],[-80.33031,37.53624],[-80.31239,37.54624],[-80.3285,37.56432],[-80.25892,37.5955],[-80.24027,37.60696],[-80.22098,37.62777],[-80.23929,37.63767],[-80.26745,37.64611],[-80.27937,37.65708],[-80.29614,37.69178],[-80.28711,37.6964],[-80.25223,37.72726],[-80.26277,37.73834],[-80.25741,37.75608],[-80.24979,37.75711],[-80.25132,37.76296],[-80.2469,37.76831],[-80.23046,37.77831],[-80.21566,37.77748],[-80.21589,37.78199],[-80.22949,37.79233],[-80.22709,37.79889],[-80.21861,37.80978],[-80.20648,37.81597],[-80.19963,37.82751],[-80.17939,37.83975],[-80.18306,37.85065],[-80.17671,37.85403],[-80.1622,37.87512],[-80.14895,37.88689],[-80.14195,37.88262],[-80.12362,37.89794],[-80.11775,37.89772],[-80.11897,37.90361],[-80.10293,37.91891],[-80.09656,37.91811],[-80.07451,37.94222],[-80.04841,37.95748],[-80.01314,37.98425],[-80.01219,37.98863],[-79.99938,37.99584],[-79.99498,38.00785],[-79.98614,38.01418],[-79.98029,38.0276],[-79.9737,38.03256],[-79.97389,38.04],[-79.95984,38.0637],[-79.95437,38.0804],[-79.92633,38.10715],[-79.93895,38.11162],[-79.94484,38.13159],[-79.93375,38.13551],[-79.92903,38.13977],[-79.92551,38.15024],[-79.91866,38.15479],[-79.91488,38.16752],[-79.91891,38.17044],[-79.91662,38.17799],[-79.9212,38.18038],[-79.91441,38.18842],[-79.89843,38.19304],[-79.89159,38.20465],[-79.85032,38.23333],[-79.84521,38.24108],[-79.83512,38.24189],[-79.83088,38.24969],[-79.81962,38.24823],[-79.81486,38.25157],[-79.81199,38.2604],[-79.80633,38.25919],[-79.79829,38.26596],[-79.78894,38.2687],[-79.78979,38.28117],[-79.79545,38.29023],[-79.80278,38.29207],[-79.81015,38.30671],[-79.79655,38.32348],[-79.77309,38.33553],[-79.76443,38.35651],[-79.74062,38.3541],[-79.7256,38.36383],[-79.72679,38.37083],[-79.7317,38.37338],[-79.72635,38.38707],[-79.70663,38.41573],[-79.68967,38.43144],[-79.69148,38.44628],[-79.68837,38.45687],[-79.69109,38.46374],[-79.69893,38.46987],[-79.69962,38.47397],[-79.69342,38.48101],[-79.69757,38.48722],[-79.69227,38.49647],[-79.68834,38.49618],[-79.68297,38.50132],[-79.68037,38.51062],[-79.67047,38.50772],[-79.66207,38.51552],[-79.67297,38.52872],[-79.66687,38.53832],[-79.66927,38.54952],[-79.66508,38.56092],[-79.65927,38.56242],[-79.66157,38.56732],[-79.64907,38.59152],[-79.57177,38.56312],[-79.55547,38.56022],[-79.53687,38.55092],[-79.52147,38.53392],[-79.47664,38.45723],[-79.31228,38.41188],[-79.29053,38.42076],[-79.28297,38.4181],[-79.27968,38.42417],[-79.28276,38.43165],[-79.26741,38.43832],[-79.25444,38.45595],[-79.24264,38.45417],[-79.24006,38.46984],[-79.22567,38.47647],[-79.21907,38.48744],[-79.21059,38.49291],[-79.20696,38.50352],[-79.21096,38.50742],[-79.20586,38.52452],[-79.18406,38.55152],[-79.17666,38.56552],[-79.17096,38.56812],[-79.17086,38.57412],[-79.15866,38.59232],[-79.15916,38.60122],[-79.15436,38.60652],[-79.15126,38.62062],[-79.13756,38.63802],[-79.12976,38.65502],[-79.12026,38.66022],[-79.10636,38.65622],[-79.09296,38.65952],[-79.08436,38.68652],[-79.09076,38.69252],[-79.09275,38.70231],[-79.08545,38.72461],[-79.07255,38.74751],[-79.05755,38.76021],[-79.05565,38.77091],[-79.05155,38.77261],[-79.05495,38.78571],[-79.04655,38.79211],[-79.02725,38.79211],[-79.02305,38.79861],[-79.02405,38.80921],[-79.01955,38.81791],[-79.00655,38.82371],[-78.99817,38.84735],[-78.994,38.8501],[-78.86928,38.76299],[-78.82726,38.82161],[-78.80818,38.85618],[-78.78602,38.88719],[-78.75908,38.90053],[-78.75052,38.91603],[-78.73892,38.92728],[-78.72245,38.9314],[-78.71708,38.93603],[-78.7209,38.90984],[-78.71865,38.90456],[-78.70432,38.91523],[-78.69738,38.9156],[-78.68827,38.92478],[-78.68046,38.92531],[-78.65905,38.94738],[-78.64659,38.96814],[-78.63842,38.96682],[-78.63085,38.97959],[-78.62567,38.98257],[-78.62045,38.9826],[-78.61868,38.97408],[-78.61118,38.97613],[-78.60165,38.9646],[-78.57046,39.00155],[-78.55047,39.01806],[-78.5719,39.032],[-78.54022,39.06063],[-78.52271,39.07106],[-78.51648,39.0818],[-78.49516,39.10099],[-78.47843,39.10984],[-78.47538,39.10747],[-78.45987,39.11335],[-78.43943,39.13215],[-78.43666,39.14169],[-78.42729,39.15273],[-78.41394,39.15841],[-78.4037,39.16745],[-78.42632,39.18276],[-78.4287,39.18722],[-78.4249,39.1933],[-78.43865,39.19805],[-78.40559,39.23118],[-78.40421,39.24121],[-78.39967,39.24387],[-78.41942,39.25748],[-78.39868,39.28133],[-78.39337,39.28299],[-78.38589,39.29489],[-78.36724,39.31015],[-78.36469,39.31731],[-78.36003,39.31777],[-78.3463,39.33911],[-78.34741,39.3434],[-78.33928,39.3486],[-78.34048,39.35349],[-78.36687,39.35929],[-78.34321,39.38881],[-78.35001,39.39286],[-78.34944,39.39725],[-78.35992,39.40903],[-78.34672,39.42762],[-78.35323,39.43679],[-78.34655,39.44262],[-78.34514,39.45948],[-78.34948,39.4622],[-78.34709,39.46601],[-78.26278,39.41432],[-78.15819,39.34339],[-77.82816,39.13233],[-77.82218,39.13999],[-77.82141,39.15241],[-77.8051,39.17422],[-77.79363,39.21012],[-77.77142,39.23678],[-77.76728,39.24938],[-77.77088,39.24976],[-77.77067,39.25526],[-77.76284,39.25845],[-77.74729,39.295],[-77.73005,39.31567],[-77.71952,39.32131],[-77.69298,39.31845],[-77.67585,39.32419],[-77.651,39.31078],[-77.61594,39.30272],[-77.59274,39.30129],[-77.5666,39.30612],[-77.56183,39.30191],[-77.56085,39.28615],[-77.54058,39.26495],[-77.48681,39.24759],[-77.45768,39.22502],[-77.45988,39.21868],[-77.47361,39.20841],[-77.47501,39.19493],[-77.4786,39.18917],[-77.50516,39.18205],[-77.51643,39.17089],[-77.52728,39.14624],[-77.52456,39.12782],[-77.51993,39.12092],[-77.4858,39.1093],[-77.4582,39.07372],[-77.38568,39.06199],[-77.34029,39.06299],[-77.2931,39.04651],[-77.27471,39.03409],[-77.2484,39.02691],[-77.2446,39.02011],[-77.2557,39.00241],[-77.2483,38.99231],[-77.2498,38.98591],[-77.2348,38.97631],[-77.22999,38.97986],[-77.2215,38.97131],[-77.1975,38.96681],[-77.1669,38.96811],[-77.1466,38.96421],[-77.1034,38.91291],[-77.0902,38.90421],[-77.0682,38.89981],[-77.05825,38.88007],[-77.0541,38.87911],[-77.0491,38.87071],[-77.0454,38.87521],[-77.0406,38.87121],[-77.0317,38.85051],[-77.0328,38.84171],[-77.045,38.83851],[-77.0449,38.83471],[-77.0392,38.83221],[-77.0381,38.81561],[-77.0358,38.81491],[-77.0401,38.78991],[-77.0423,38.71851],[-77.0532,38.70992],[-77.0795,38.70952],[-77.122,38.68582],[-77.1325,38.67382],[-77.1359,38.64982],[-77.1302,38.63502],[-77.1575,38.63642],[-77.1749,38.62422],[-77.202,38.61722],[-77.2163,38.63782],[-77.2406,38.63892],[-77.2467,38.63522],[-77.2489,38.62862],[-77.2451,38.62072],[-77.247,38.59062],[-77.26443,38.58284],[-77.26083,38.56533],[-77.2766,38.54712],[-77.2763,38.53962],[-77.2835,38.52522],[-77.31033,38.49393],[-77.32262,38.46713],[-77.32544,38.44885],[-77.31904,38.4178],[-77.31072,38.39767],[-77.31729,38.38358],[-77.29608,38.3698],[-77.28815,38.35948],[-77.2862,38.34703],[-77.27963,38.33944],[-77.26529,38.33317],[-77.24007,38.3316],[-77.16269,38.34599],[-77.13822,38.36792],[-77.08481,38.3683],[-77.06996,38.3779],[-77.05603,38.3962],[-77.04353,38.40055],[-77.01183,38.37455],[-77.01693,38.3417],[-77.03068,38.31162],[-77.0263,38.30268],[-76.99767,38.27805],[-76.99026,38.27394],[-76.98137,38.27421],[-76.96215,38.25649],[-76.95742,38.23634],[-76.96734,38.22718],[-76.96231,38.21408],[-76.93713,38.20238],[-76.91083,38.19707],[-76.87527,38.17221],[-76.8388,38.16348],[-76.78844,38.1692],[-76.76024,38.16658],[-76.74306,38.15699],[-76.73894,38.14651],[-76.72172,38.13764],[-76.70405,38.14926],[-76.7013,38.15572],[-76.68489,38.1565],[-76.66513,38.14764],[-76.64345,38.14825],[-76.62948,38.15305],[-76.61394,38.14859],[-76.60413,38.12877],[-76.60094,38.11008],[-76.5795,38.09487],[-76.54315,38.07697],[-76.53592,38.06953],[-76.51655,38.02657],[-76.492,38.01722],[-76.46934,38.01354],[-76.46529,38.01023],[-76.46254,37.99857],[-76.42749,37.97704],[-76.4163,37.96683],[-76.34385,37.94734],[-76.266,37.91138],[-76.23673,37.88917],[-76.25136,37.83307],[-76.26606,37.8174],[-76.27518,37.81266],[-76.28259,37.81411],[-76.2849,37.82231],[-76.29353,37.82272],[-76.30748,37.81235],[-76.31031,37.79485],[-76.30649,37.78865],[-76.31211,37.75052],[-76.30492,37.72991],[-76.31286,37.72034],[-76.30007,37.69536],[-76.30254,37.689],[-76.32633,37.68265],[-76.32686,37.67412],[-76.33989,37.65597],[-76.33256,37.64582],[-76.30646,37.642],[-76.29253,37.6361],[-76.27945,37.61823],[-76.28037,37.61371],[-76.30917,37.62189],[-76.36232,37.61037],[-76.38111,37.627],[-76.39005,37.63033],[-76.39924,37.62864],[-76.47239,37.66577],[-76.48958,37.6662],[-76.49756,37.64706],[-76.51019,37.64232],[-76.53655,37.66357],[-76.53723,37.69889],[-76.56048,37.72783],[-76.58429,37.76889],[-76.60202,37.77273],[-76.65141,37.79624],[-76.6583,37.80682],[-76.6802,37.82565],[-76.70161,37.82268],[-76.72216,37.83668],[-76.73839,37.86537],[-76.74755,37.87586],[-76.76571,37.87927],[-76.76877,37.89913],[-76.79848,37.92519],[-76.82071,37.93316],[-76.83663,37.93419],[-76.84625,37.94872],[-76.8516,37.97317],[-76.868,37.98367],[-76.90033,37.99865],[-76.91827,37.99903],[-76.92742,37.98179],[-76.90496,37.97252],[-76.88821,37.95191],[-76.84618,37.91851],[-76.80633,37.8966],[-76.78462,37.86957],[-76.76633,37.84044],[-76.72386,37.7885],[-76.68977,37.78519],[-76.68377,37.78139],[-76.68337,37.76551],[-76.677,37.7561],[-76.66389,37.75189],[-76.63996,37.75094],[-76.61971,37.7448],[-76.61737,37.74235],[-76.62143,37.73797],[-76.61997,37.73127],[-76.59721,37.71727],[-76.59787,37.70292],[-76.57959,37.67151],[-76.58314,37.66199],[-76.57405,37.64678],[-76.54267,37.61686],[-76.52719,37.61131],[-76.43547,37.61281],[-76.42025,37.59869],[-76.41078,37.58181],[-76.38319,37.57306],[-76.35783,37.5737],[-76.30014,37.56173],[-76.29796,37.55764],[-76.30276,37.5513],[-76.3306,37.53639],[-76.34899,37.53655],[-76.36047,37.51924],[-76.35268,37.50491],[-76.32947,37.49492],[-76.30695,37.49749],[-76.29774,37.50686],[-76.29765,37.51542],[-76.2936,37.5165],[-76.28104,37.50782],[-76.26506,37.48136],[-76.25241,37.44727],[-76.24528,37.38684],[-76.24846,37.37514],[-76.26485,37.3574],[-76.27289,37.33517],[-76.272,37.32219],[-76.27555,37.30996],[-76.28256,37.31911],[-76.30858,37.32937],[-76.31205,37.33809],[-76.33748,37.36401],[-76.38711,37.38506],[-76.39312,37.39807],[-76.41517,37.40213],[-76.41872,37.3978],[-76.41818,37.38506],[-76.4225,37.38135],[-76.43752,37.37975],[-76.44533,37.36646],[-76.43497,37.35452],[-76.40639,37.33292],[-76.38777,37.30767],[-76.38107,37.28534],[-76.36903,37.27931],[-76.35256,37.27833],[-76.34949,37.27396],[-76.39279,37.26497],[-76.41717,37.26395],[-76.42176,37.2552],[-76.42914,37.25331],[-76.47593,37.25054],[-76.48284,37.25483],[-76.4933,37.24947],[-76.50364,37.23386],[-76.49401,37.22541],[-76.4718,37.21602],[-76.39413,37.22515],[-76.38979,37.22298],[-76.39605,37.20109],[-76.38928,37.1935],[-76.39125,37.17989],[-76.40224,37.16199],[-76.39476,37.15757],[-76.38138,37.15571],[-76.35969,37.16858],[-76.34866,37.17065],[-76.34323,37.16621],[-76.34405,37.16037],[-76.33402,37.14422],[-76.31109,37.13849],[-76.29855,37.12983],[-76.2942,37.11376],[-76.27874,37.10067],[-76.27133,37.08661],[-76.30427,37.00138],[-76.31501,37.00168],[-76.31462,37.00933],[-76.31807,37.01385],[-76.34067,37.01525],[-76.34807,37.00675],[-76.38337,36.99335],[-76.39637,36.98235],[-76.41177,36.96285],[-76.42887,36.96995],[-76.45212,36.99816],[-76.45246,37.0046],[-76.44823,37.00771],[-76.46447,37.02755],[-76.51229,37.05486],[-76.51824,37.05535],[-76.52627,37.06295],[-76.5262,37.07777],[-76.53687,37.08394],[-76.55507,37.07586],[-76.56422,37.07751],[-76.5795,37.09663],[-76.61825,37.11935],[-76.62478,37.12709],[-76.62225,37.14215],[-76.61708,37.1445],[-76.60448,37.16003],[-76.60668,37.16667],[-76.61097,37.16699],[-76.62329,37.19874],[-76.64987,37.22091],[-76.68917,37.22287],[-76.73095,37.21381],[-76.74,37.19538],[-76.75047,37.1901],[-76.75777,37.19166],[-76.78053,37.20934],[-76.79354,37.23125],[-76.82218,37.24364],[-76.85842,37.24139],[-76.87221,37.26275],[-76.90762,37.2426],[-76.93614,37.23882],[-76.94839,37.23087],[-76.90846,37.20267],[-76.89093,37.19951],[-76.8657,37.20902],[-76.80251,37.19831],[-76.7969,37.1894],[-76.7569,37.16158],[-76.74763,37.15055],[-76.73728,37.14616],[-76.71529,37.14804],[-76.69674,37.1744],[-76.69192,37.19573],[-76.68561,37.19885],[-76.66377,37.17388],[-76.67147,37.15874],[-76.67159,37.14206],[-76.66654,37.13818],[-76.65689,37.10984],[-76.65811,37.09679],[-76.66765,37.07623],[-76.66982,37.06426],[-76.66256,37.04575],[-76.64601,37.03623],[-76.61212,37.0356],[-76.58649,37.02874],[-76.57753,37.02255],[-76.56292,37.0038],[-76.52485,36.98383],[-76.52101,36.97319],[-76.51336,36.96806],[-76.50035,36.96521],[-76.48756,36.95237],[-76.48241,36.91736],[-76.48337,36.89624],[-76.46991,36.8829],[-76.45469,36.88408],[-76.45394,36.89274],[-76.44741,36.90322],[-76.4416,36.90612],[-76.40751,36.89744],[-76.38757,36.89955],[-76.38587,36.92325],[-76.35376,36.92275],[-76.34943,36.89517],[-76.31806,36.88519],[-76.31414,36.90249],[-76.32602,36.90372],[-76.32828,36.91503],[-76.33076,36.93865],[-76.32737,36.95945],[-76.31587,36.95535],[-76.29766,36.96815],[-76.28506,36.96875],[-76.26796,36.96455],[-76.22166,36.93955],[-76.13956,36.92305],[-76.09551,36.90882],[-76.05815,36.91695],[-76.03345,36.93195],[-76.01375,36.93075],[-75.99625,36.92205],[-75.94955,36.76115],[-75.92175,36.69205],[-75.89095,36.63075],[-75.87414,36.58385],[-75.8683,36.55039],[-76.9159,36.55209],[-76.91605,36.54382],[-77.15269,36.54408],[-77.16966,36.54731],[-77.20516,36.54458],[-78.24546,36.54441],[-78.52972,36.54098],[-80.12218,36.54265],[-80.29524,36.54397],[-80.70483,36.56232],[-80.83764,36.55912],[-81.0038,36.56363],[-81.17671,36.57193],[-81.44223,36.57682],[-81.60093,36.58702],[-81.67754,36.58812],[-81.6469,36.61192],[-81.92264,36.61621],[-81.93414,36.59421],[-83.2611,36.59389],[-83.2763,36.59819],[-83.62262,36.59806],[-83.67541,36.60081],[-83.67461,36.60308]]]]}},{"type":"Feature","id":53,"properties":{"code":"WA","name":"Washington"},"geometry":{"type":"MultiPolygon","coordinates":[[[[-122.32834,48.02134],[-122.32172,48.01998],[-122.30345,48.0056],[-122.32612,48.01029],[-122.33452,48.01892],[-122.32834,48.02134]]],[[[-122.50446,47.55167],[-122.47713,47.54606],[-122.47713,47.53242],[-122.4902,47.5252],[-122.50208,47.52841],[-122.51159,47.54766],[-122.50446,47.55167]]],[[[-122.52603,47.35891],[-122.51425,47.3723],[-122.52673,47.39858],[-122.5147,47.41405],[-122.51333,47.44911],[-122.49786,47.47592],[-122.48274,47.48313],[-122.47468,47.51107],[-122.4524,47.50347],[-122.46044,47.49376],[-122.46003,47.48686],[-122.43339,47.46643],[-122.43941,47.45863],[-122.43766,47.40742],[-122.42733,47.40213],[-122.39505,47.39928],[-122.37363,47.38872],[-122.37848,47.38533],[-122.40177,47.38132],[-122.43781,47.36561],[-122.4484,47.35499],[-122.454,47.34334],[-122.4697,47.34462],[-122.49124,47.33517],[-122.49312,47.33025],[-122.51885,47.33332],[-122.52813,47.34554],[-122.52603,47.35891]]],[[[-122.65361,48.54897],[-122.65079,48.55402],[-122.65238,48.58343],[-122.64941,48.58846],[-122.6426,48.58834],[-122.62932,48.5722],[-122.61084,48.56115],[-122.57886,48.54813],[-122.57297,48.52903],[-122.59019,48.53626],[-122.59995,48.5369],[-122.61986,48.52925],[-122.64041,48.52586],[-122.65204,48.53133],[-122.65361,48.54897]]],[[[-122.69806,48.62308],[-122.67417,48.62994],[-122.65702,48.60989],[-122.6768,48.61006],[-122.69927,48.62112],[-122.69806,48.62308]]],[[[-122.72226,48.73162],[-122.71571,48.74867],[-122.70306,48.7436],[-122.66326,48.69708],[-122.6449,48.69139],[-122.61822,48.67072],[-122.60958,48.64502],[-122.6353,48.65185],[-122.67354,48.68081],[-122.69179,48.7115],[-122.70222,48.717],[-122.71883,48.71682],[-122.72226,48.73162]]],[[[-122.7399,48.58395],[-122.72493,48.60326],[-122.71451,48.60878],[-122.69467,48.5966],[-122.67064,48.56881],[-122.68944,48.5439],[-122.72241,48.54061],[-122.73048,48.5656],[-122.73944,48.57389],[-122.7399,48.58395]]],[[[-122.76994,48.22755],[-122.75256,48.26006],[-122.73202,48.27943],[-122.72259,48.30427],[-122.70708,48.31529],[-122.67373,48.35468],[-122.66493,48.37482],[-122.66466,48.40151],[-122.6448,48.40549],[-122.62429,48.40049],[-122.60971,48.41157],[-122.59673,48.40563],[-122.59535,48.3972],[-122.58504,48.39517],[-122.58889,48.36301],[-122.58516,48.3533],[-122.55133,48.34214],[-122.51598,48.32042],[-122.50657,48.31004],[-122.50583,48.29768],[-122.53098,48.28245],[-122.55179,48.28151],[-122.55833,48.28206],[-122.57487,48.2949],[-122.58409,48.29799],[-122.59953,48.2983],[-122.61847,48.29416],[-122.62676,48.28899],[-122.62075,48.28296],[-122.62378,48.26943],[-122.65264,48.26508],[-122.65343,48.25934],[-122.66921,48.24061],[-122.72177,48.23441],[-122.72618,48.22266],[-122.71097,48.21411],[-122.66839,48.22397],[-122.62835,48.22247],[-122.60641,48.20826],[-122.58578,48.18235],[-122.57491,48.15559],[-122.56794,48.14862],[-122.55821,48.11958],[-122.57185,48.10214],[-122.55456,48.07739],[-122.54512,48.05255],[-122.53794,48.01607],[-122.51797,48.02243],[-122.50965,48.03976],[-122.51399,48.05908],[-122.51108,48.0753],[-122.52542,48.09654],[-122.4911,48.09424],[-122.44842,48.05432],[-122.43127,48.045],[-122.40063,48.03656],[-122.37626,48.03446],[-122.37326,48.00079],[-122.35361,47.98143],[-122.3496,47.9588],[-122.35881,47.93742],[-122.37684,47.9237],[-122.3773,47.90594],[-122.39042,47.9057],[-122.39735,47.9124],[-122.43103,47.91473],[-122.44552,47.93023],[-122.44076,47.95184],[-122.44668,47.96316],[-122.47266,47.98845],[-122.4875,47.99073],[-122.50126,47.98709],[-122.51481,47.98115],[-122.52122,47.973],[-122.54682,47.96722],[-122.55205,47.97364],[-122.54306,47.98598],[-122.54292,47.9964],[-122.56002,48.0065],[-122.58178,48.01039],[-122.60734,48.03099],[-122.59679,48.03883],[-122.59362,48.0472],[-122.59492,48.05632],[-122.61403,48.07279],[-122.5983,48.11062],[-122.60211,48.13525],[-122.60957,48.15186],[-122.61746,48.15906],[-122.63317,48.16328],[-122.65602,48.16251],[-122.67956,48.15511],[-122.68663,48.17465],[-122.69308,48.18151],[-122.71151,48.19357],[-122.73503,48.19996],[-122.74461,48.20965],[-122.76304,48.21534],[-122.76994,48.22755]]],[[[-122.91806,48.76841],[-122.8985,48.76965],[-122.87751,48.76389],[-122.88034,48.75109],[-122.8968,48.746],[-122.92075,48.75554],[-122.91806,48.76841]]],[[[-123.07043,48.69997],[-123.04018,48.7173],[-123.00979,48.72229],[-123.00751,48.71886],[-123.00509,48.69434],[-123.02121,48.68142],[-123.04234,48.67566],[-123.03567,48.68535],[-123.03636,48.69008],[-123.04706,48.69577],[-123.07043,48.69997]]],[[[-123.09055,49.00198],[-123.03539,49.00215],[-123.02146,48.9773],[-123.02809,48.97394],[-123.04097,48.97731],[-123.08383,48.97614],[-123.09055,49.00198]]],[[[-123.20303,48.59618],[-123.19572,48.60706],[-123.17843,48.62212],[-123.15164,48.62369],[-123.13564,48.62017],[-123.10736,48.62245],[-123.09846,48.61283],[-123.10155,48.59782],[-123.07461,48.59182],[-123.06004,48.5821],[-123.0484,48.56922],[-123.03367,48.56341],[-123.01505,48.56082],[-122.9873,48.56189],[-122.98611,48.56998],[-122.99503,48.57816],[-123.01665,48.58024],[-123.0341,48.59177],[-123.0249,48.59448],[-123.02343,48.59948],[-123.04119,48.61195],[-123.04653,48.61149],[-123.04865,48.621],[-123.02349,48.634],[-123.01559,48.64257],[-123.00992,48.65506],[-122.94912,48.6934],[-122.94132,48.7029],[-122.94237,48.70672],[-122.91825,48.7135],[-122.8946,48.71503],[-122.87594,48.71212],[-122.83312,48.69817],[-122.80027,48.67962],[-122.74208,48.66069],[-122.75503,48.64951],[-122.79215,48.6335],[-122.80962,48.61903],[-122.79901,48.60468],[-122.80487,48.59593],[-122.8011,48.58543],[-122.78659,48.57667],[-122.77121,48.56243],[-122.77035,48.55811],[-122.77238,48.55214],[-122.78262,48.54519],[-122.7885,48.53039],[-122.78735,48.52301],[-122.77747,48.5178],[-122.77912,48.50891],[-122.80041,48.49447],[-122.81633,48.48784],[-122.81791,48.48389],[-122.81973,48.45884],[-122.8131,48.45286],[-122.80251,48.4331],[-122.80352,48.42875],[-122.81221,48.42233],[-122.8258,48.42413],[-122.88376,48.41879],[-122.89365,48.42265],[-122.88902,48.43595],[-122.90321,48.43698],[-122.91389,48.44323],[-122.91777,48.43978],[-122.928,48.43997],[-122.91646,48.45326],[-122.9201,48.45843],[-122.9269,48.46087],[-122.96201,48.45116],[-123.03916,48.46],[-123.06767,48.4795],[-123.11945,48.49258],[-123.14148,48.50529],[-123.16323,48.52954],[-123.16147,48.54762],[-123.17627,48.56213],[-123.17585,48.56848],[-123.17196,48.57225],[-123.17306,48.57909],[-123.18494,48.58697],[-123.19775,48.58622],[-123.20268,48.59021],[-123.20303,48.59618]]],[[[-123.23657,48.68895],[-123.21289,48.68971],[-123.17207,48.67987],[-123.13096,48.65679],[-123.10617,48.63347],[-123.11968,48.63297],[-123.13496,48.63724],[-123.21592,48.66935],[-123.23715,48.68347],[-123.23657,48.68895]]],[[[-124.73175,48.17],[-124.70415,48.18442],[-124.69611,48.1986],[-124.69039,48.21975],[-124.70592,48.23989],[-124.68468,48.25523],[-124.67632,48.29514],[-124.66591,48.29932],[-124.65894,48.33106],[-124.67007,48.34134],[-124.6967,48.34975],[-124.71382,48.36631],[-124.72702,48.3711],[-124.73183,48.38116],[-124.71695,48.38978],[-124.65324,48.39069],[-124.63939,48.38552],[-124.62382,48.3691],[-124.61029,48.36672],[-124.59073,48.3736],[-124.57286,48.36623],[-124.56484,48.36792],[-124.53882,48.34989],[-124.52545,48.34902],[-124.51058,48.34324],[-124.41401,48.30089],[-124.39559,48.28877],[-124.38087,48.2847],[-124.36135,48.28758],[-124.34241,48.2777],[-124.29915,48.26824],[-124.29569,48.25928],[-124.27202,48.25441],[-124.25511,48.25897],[-124.25088,48.26477],[-124.23858,48.26247],[-124.14129,48.22741],[-124.10177,48.21688],[-124.10721,48.20008],[-124.07212,48.1899],[-124.05073,48.17775],[-123.98103,48.16476],[-123.95535,48.16546],[-123.91559,48.15935],[-123.88007,48.16062],[-123.85882,48.15427],[-123.83157,48.15794],[-123.77812,48.15547],[-123.75639,48.16106],[-123.72874,48.1628],[-123.72535,48.15919],[-123.71835,48.15871],[-123.70274,48.16678],[-123.65141,48.15695],[-123.63697,48.15032],[-123.64111,48.14613],[-123.62882,48.13928],[-123.59084,48.13495],[-123.57421,48.14076],[-123.56059,48.1507],[-123.55113,48.15138],[-123.53488,48.14578],[-123.52232,48.13554],[-123.50723,48.13181],[-123.47338,48.13408],[-123.44013,48.14201],[-123.44197,48.12426],[-123.42467,48.11807],[-123.39505,48.11424],[-123.36092,48.11586],[-123.3327,48.11297],[-123.31458,48.11373],[-123.28826,48.12104],[-123.26892,48.11609],[-123.23913,48.11822],[-123.21719,48.1272],[-123.1644,48.16589],[-123.14478,48.17594],[-123.13344,48.17728],[-123.13242,48.1747],[-123.14323,48.15663],[-123.11648,48.15021],[-123.08515,48.12714],[-123.06621,48.12047],[-123.05045,48.10283],[-123.03873,48.08114],[-122.97941,48.09594],[-122.94612,48.09855],[-122.91794,48.09154],[-122.92664,48.0741],[-122.92685,48.06459],[-122.9186,48.05824],[-122.87764,48.04702],[-122.86096,48.02132],[-122.87582,47.99604],[-122.85085,47.9959],[-122.83946,48.00177],[-122.83185,48.01942],[-122.82748,48.04677],[-122.84927,48.05381],[-122.85773,48.06577],[-122.87825,48.07607],[-122.88201,48.10078],[-122.87628,48.11088],[-122.83317,48.13441],[-122.78408,48.14297],[-122.76045,48.14324],[-122.74891,48.11703],[-122.77847,48.10614],[-122.7929,48.09718],[-122.8014,48.08756],[-122.77056,48.05343],[-122.7705,48.0479],[-122.76665,48.04429],[-122.74229,48.04932],[-122.73927,48.06915],[-122.74835,48.0721],[-122.73326,48.09123],[-122.69846,48.1031],[-122.68724,48.10166],[-122.69164,48.09673],[-122.69222,48.08708],[-122.68226,48.04272],[-122.66894,48.03203],[-122.66987,48.01722],[-122.6869,48.00831],[-122.70184,48.01611],[-122.72337,48.00809],[-122.71808,47.98774],[-122.70129,47.97298],[-122.68322,47.97223],[-122.6788,47.96793],[-122.67621,47.95874],[-122.68445,47.93959],[-122.68192,47.93641],[-122.65772,47.93116],[-122.65106,47.92099],[-122.65508,47.90506],[-122.64649,47.89477],[-122.63742,47.88994],[-122.61887,47.89024],[-122.61034,47.88734],[-122.63186,47.87481],[-122.63636,47.86619],[-122.65008,47.86386],[-122.66642,47.8675],[-122.69376,47.868],[-122.69097,47.86012],[-122.6816,47.85041],[-122.68374,47.83877],[-122.6886,47.83144],[-122.71961,47.81304],[-122.74806,47.80055],[-122.75054,47.77397],[-122.75789,47.75774],[-122.7585,47.74604],[-122.78168,47.70392],[-122.81193,47.67986],[-122.83214,47.69551],[-122.79062,47.7926],[-122.81262,47.84003],[-122.82018,47.8359],[-122.81503,47.80749],[-122.84561,47.77747],[-122.88046,47.72064],[-122.89652,47.67484],[-122.97244,47.6149],[-123.10649,47.45817],[-123.15598,47.35574],[-123.14017,47.3475],[-123.1113,47.36262],[-123.0721,47.35159],[-123.03027,47.35095],[-122.98392,47.37461],[-122.91143,47.3891],[-122.87791,47.41098],[-122.87245,47.42352],[-122.90121,47.42159],[-122.91666,47.41371],[-122.9775,47.39616],[-123.01315,47.37864],[-123.05689,47.3685],[-123.08564,47.37477],[-123.11547,47.37609],[-123.12023,47.39149],[-123.03394,47.49697],[-122.96728,47.58568],[-122.9171,47.62074],[-122.85661,47.64961],[-122.8045,47.65336],[-122.75419,47.67161],[-122.74016,47.73623],[-122.73301,47.73763],[-122.72269,47.74883],[-122.7148,47.76818],[-122.69056,47.77837],[-122.68202,47.80088],[-122.64811,47.82512],[-122.62319,47.8362],[-122.6081,47.85673],[-122.57367,47.85758],[-122.5731,47.87408],[-122.58634,47.90202],[-122.58823,47.91292],[-122.59623,47.92021],[-122.6167,47.92514],[-122.62032,47.93155],[-122.61702,47.93899],[-122.60386,47.94048],[-122.57893,47.92584],[-122.54907,47.91907],[-122.52759,47.90588],[-122.51399,47.88081],[-122.50612,47.83174],[-122.50222,47.82639],[-122.48253,47.81551],[-122.48521,47.80413],[-122.49535,47.79704],[-122.49546,47.78669],[-122.4714,47.76597],[-122.47033,47.75711],[-122.47184,47.74982],[-122.48849,47.74361],[-122.55445,47.7457],[-122.54316,47.71094],[-122.53094,47.70481],[-122.5112,47.70871],[-122.5046,47.69914],[-122.50445,47.68589],[-122.50871,47.67084],[-122.51828,47.65132],[-122.49321,47.63512],[-122.49452,47.62362],[-122.50036,47.61782],[-122.49824,47.59824],[-122.49393,47.58896],[-122.47909,47.58365],[-122.50367,47.57518],[-122.51837,47.57408],[-122.53466,47.56612],[-122.54312,47.55633],[-122.54236,47.53784],[-122.54661,47.52355],[-122.52305,47.524],[-122.50054,47.51528],[-122.49488,47.51026],[-122.53051,47.46904],[-122.53189,47.42883],[-122.55114,47.39446],[-122.53704,47.3759],[-122.55154,47.35954],[-122.55584,47.34752],[-122.57134,47.32722],[-122.57599,47.32642],[-122.57374,47.31842],[-122.54752,47.28534],[-122.57821,47.2548],[-122.58886,47.23714],[-122.59049,47.22775],[-122.60254,47.21751],[-122.61424,47.22087],[-122.627,47.23563],[-122.66857,47.27045],[-122.69738,47.28397],[-122.67126,47.34377],[-122.63482,47.37058],[-122.63246,47.37639],[-122.63913,47.37782],[-122.67149,47.36688],[-122.72574,47.33047],[-122.74525,47.29716],[-122.74962,47.27641],[-122.71812,47.25005],[-122.72482,47.23589],[-122.70457,47.23098],[-122.67987,47.23119],[-122.64872,47.21565],[-122.6418,47.20501],[-122.64426,47.1996],[-122.65727,47.19352],[-122.67772,47.1911],[-122.67977,47.17962],[-122.67393,47.17468],[-122.6755,47.14196],[-122.68425,47.13986],[-122.69475,47.1259],[-122.70243,47.12387],[-122.712,47.12768],[-122.7638,47.16612],[-122.77162,47.16711],[-122.84329,47.25747],[-122.84233,47.26756],[-122.83369,47.27375],[-122.81663,47.27646],[-122.79903,47.28931],[-122.79665,47.34165],[-122.80461,47.35683],[-122.82187,47.36307],[-122.82524,47.3534],[-122.81974,47.32796],[-122.82234,47.31976],[-122.84586,47.29841],[-122.86373,47.27022],[-122.85617,47.23379],[-122.8383,47.20835],[-122.85994,47.16557],[-122.85205,47.16436],[-122.81424,47.17948],[-122.77506,47.12311],[-122.72144,47.10318],[-122.67813,47.10387],[-122.65063,47.13245],[-122.63617,47.13557],[-122.64064,47.14912],[-122.63588,47.16396],[-122.63113,47.16768],[-122.61486,47.16914],[-122.59083,47.17811],[-122.58052,47.21042],[-122.56196,47.2441],[-122.52759,47.29153],[-122.54741,47.31773],[-122.53334,47.31662],[-122.47165,47.27732],[-122.4442,47.26672],[-122.4296,47.26971],[-122.4092,47.28856],[-122.41374,47.29392],[-122.42423,47.29752],[-122.43233,47.29602],[-122.44464,47.30042],[-122.44301,47.30633],[-122.42354,47.31912],[-122.33693,47.34142],[-122.32483,47.34852],[-122.32573,47.39152],[-122.32843,47.40062],[-122.34803,47.41592],[-122.35514,47.44192],[-122.38314,47.45052],[-122.36804,47.45922],[-122.36134,47.48142],[-122.36524,47.48842],[-122.38664,47.50222],[-122.39654,47.51522],[-122.39394,47.52482],[-122.39834,47.55012],[-122.40984,47.56892],[-122.42114,47.57602],[-122.40184,47.58392],[-122.38714,47.59572],[-122.37017,47.58309],[-122.34294,47.59122],[-122.33951,47.59911],[-122.34494,47.60912],[-122.36782,47.62421],[-122.38604,47.63172],[-122.40424,47.63392],[-122.41464,47.63977],[-122.42984,47.65892],[-122.40784,47.68012],[-122.39325,47.7016],[-122.38044,47.70912],[-122.37314,47.72922],[-122.38264,47.74912],[-122.38024,47.75852],[-122.39444,47.77222],[-122.39704,47.77972],[-122.39494,47.80332],[-122.35324,47.84062],[-122.33994,47.84672],[-122.33595,47.85231],[-122.32954,47.86942],[-122.33354,47.88025],[-122.32855,47.89792],[-122.32185,47.91182],[-122.31075,47.92512],[-122.31115,47.93672],[-122.30705,47.94912],[-122.27805,47.95652],[-122.24901,47.95951],[-122.23005,47.97092],[-122.22635,47.97642],[-122.23239,47.98771],[-122.23022,48.00715],[-122.22498,48.01663],[-122.23176,48.02988],[-122.28109,48.04979],[-122.32171,48.08551],[-122.32612,48.09288],[-122.34324,48.09763],[-122.36508,48.12582],[-122.36474,48.1513],[-122.37025,48.16481],[-122.36348,48.17444],[-122.36204,48.18757],[-122.37249,48.19302],[-122.3857,48.21781],[-122.39612,48.22923],[-122.42557,48.23289],[-122.43377,48.23655],[-122.44961,48.2326],[-122.45362,48.22683],[-122.44951,48.21474],[-122.44451,48.21452],[-122.44205,48.20935],[-122.45493,48.19664],[-122.46189,48.19314],[-122.47025,48.19401],[-122.47853,48.18809],[-122.47901,48.1757],[-122.4758,48.16679],[-122.44238,48.13084],[-122.41165,48.11321],[-122.37948,48.08738],[-122.35837,48.05613],[-122.37711,48.05757],[-122.38769,48.06519],[-122.39341,48.07847],[-122.40069,48.08525],[-122.4237,48.10294],[-122.44966,48.11404],[-122.4675,48.13035],[-122.47798,48.12905],[-122.48999,48.12062],[-122.51203,48.13393],[-122.52258,48.16171],[-122.53722,48.18375],[-122.53892,48.20968],[-122.53443,48.22301],[-122.53521,48.24021],[-122.531,48.24982],[-122.50379,48.25704],[-122.49345,48.25204],[-122.48092,48.25171],[-122.47449,48.25523],[-122.46396,48.27054],[-122.40654,48.25164],[-122.39533,48.25719],[-122.39206,48.26963],[-122.37169,48.28784],[-122.38431,48.30412],[-122.40872,48.32641],[-122.4241,48.33435],[-122.44268,48.33793],[-122.47553,48.35991],[-122.50744,48.36467],[-122.53345,48.38341],[-122.53945,48.39719],[-122.55454,48.40604],[-122.5584,48.42676],[-122.55122,48.43946],[-122.5573,48.44444],[-122.57525,48.44333],[-122.58161,48.42924],[-122.61266,48.41833],[-122.6548,48.41107],[-122.67416,48.42473],[-122.67893,48.43947],[-122.67707,48.44406],[-122.66725,48.4425],[-122.65484,48.45409],[-122.65775,48.47294],[-122.66462,48.47813],[-122.68912,48.47685],[-122.69559,48.46056],[-122.7006,48.45763],[-122.71232,48.46414],[-122.71298,48.47879],[-122.70164,48.49762],[-122.68452,48.50912],[-122.67139,48.50398],[-122.60696,48.52215],[-122.59995,48.52095],[-122.59847,48.51217],[-122.5868,48.49661],[-122.55676,48.49617],[-122.53736,48.46675],[-122.52694,48.468],[-122.50072,48.46089],[-122.47183,48.47072],[-122.46967,48.47498],[-122.47885,48.48174],[-122.4835,48.49243],[-122.48529,48.52811],[-122.49846,48.55621],[-122.50443,48.56477],[-122.53198,48.56864],[-122.53479,48.57596],[-122.51237,48.57807],[-122.4959,48.57593],[-122.48842,48.56466],[-122.47843,48.5593],[-122.44456,48.57012],[-122.43306,48.58161],[-122.42527,48.59952],[-122.4487,48.62262],[-122.46425,48.62572],[-122.50031,48.65616],[-122.51917,48.7131],[-122.51551,48.72099],[-122.50568,48.72452],[-122.4953,48.73733],[-122.4904,48.75113],[-122.5109,48.75773],[-122.5358,48.77613],[-122.5675,48.77918],[-122.59684,48.77149],[-122.60679,48.75914],[-122.63715,48.73571],[-122.63808,48.73249],[-122.62629,48.72093],[-122.61256,48.71493],[-122.60573,48.70107],[-122.61517,48.69384],[-122.63042,48.69662],[-122.67347,48.73308],[-122.66695,48.74844],[-122.64744,48.774],[-122.64678,48.78501],[-122.65653,48.78497],[-122.68025,48.80275],[-122.69368,48.80447],[-122.69867,48.80052],[-122.6993,48.78906],[-122.70982,48.78621],[-122.70917,48.81783],[-122.71707,48.84719],[-122.72268,48.85285],[-122.78566,48.88507],[-122.79318,48.89293],[-122.78375,48.89464],[-122.75129,48.91124],[-122.74537,48.92123],[-122.7466,48.93073],[-122.75562,48.93866],[-122.7661,48.94196],[-122.77043,48.94253],[-122.78754,48.9317],[-122.82163,48.94137],[-122.81723,48.95597],[-122.77428,48.99104],[-122.75632,48.99688],[-122.75802,49.00236],[-122.09836,49.00215],[-121.75125,48.9974],[-121.12624,49.00141],[-117.03235,48.99919],[-117.03518,48.37088],[-117.04111,48.1249],[-117.04266,47.76086],[-117.03995,47.47782],[-117.03981,46.42542],[-117.0347,46.41832],[-117.04691,46.37958],[-117.06279,46.36529],[-117.06275,46.35362],[-117.05598,46.34553],[-117.03067,46.34031],[-117.02384,46.33598],[-117.02066,46.31479],[-117.00749,46.3053],[-116.98669,46.29666],[-116.98491,46.28974],[-116.99113,46.27634],[-116.96674,46.25692],[-116.95526,46.23088],[-116.96613,46.20945],[-116.96584,46.20342],[-116.92187,46.16781],[-116.92265,46.16074],[-116.95028,46.12346],[-116.95526,46.10224],[-116.95955,46.09906],[-116.97696,46.09667],[-116.98248,46.08939],[-116.97894,46.08001],[-116.95737,46.07545],[-116.94266,46.061],[-116.92301,46.01829],[-116.91599,45.99541],[-117.99691,46.00079],[-118.98713,45.99985],[-119.00856,45.97927],[-119.02706,45.96913],[-119.06146,45.95853],[-119.09322,45.94275],[-119.12612,45.93286],[-119.1695,45.9276],[-119.19553,45.92787],[-119.25715,45.93993],[-119.32251,45.93318],[-119.3644,45.9216],[-119.45026,45.91735],[-119.48783,45.90631],[-119.52463,45.90861],[-119.57158,45.92546],[-119.60055,45.91958],[-119.62339,45.90564],[-119.66988,45.85687],[-119.77293,45.84558],[-119.80266,45.84753],[-119.90746,45.82814],[-119.96574,45.82437],[-120.07015,45.78515],[-120.14135,45.77315],[-120.17045,45.76195],[-120.21075,45.72595],[-120.28216,45.72125],[-120.40396,45.69925],[-120.48236,45.69445],[-120.50586,45.70005],[-120.55947,45.73835],[-120.59117,45.74655],[-120.63497,45.74585],[-120.66887,45.73015],[-120.68937,45.71585],[-120.78887,45.68625],[-120.85567,45.67155],[-120.89557,45.64294],[-120.91348,45.64005],[-120.94398,45.65644],[-120.95308,45.65675],[-120.98348,45.64834],[-121.00745,45.65322],[-121.06437,45.65255],[-121.08493,45.64789],[-121.12006,45.62313],[-121.11705,45.61812],[-121.13195,45.60976],[-121.13948,45.61196],[-121.14553,45.60789],[-121.18384,45.60644],[-121.19656,45.61669],[-121.19523,45.62951],[-121.20037,45.64983],[-121.21578,45.67124],[-121.28732,45.68702],[-121.3122,45.69993],[-121.33777,45.70495],[-121.37257,45.70311],[-121.40174,45.69289],[-121.42359,45.69399],[-121.46285,45.70137],[-121.49915,45.72085],[-121.53311,45.72654],[-121.63117,45.70466],[-121.66836,45.70508],[-121.70736,45.69481],[-121.7351,45.69404],[-121.8113,45.70676],[-121.86717,45.69328],[-121.90185,45.67072],[-121.90086,45.66201],[-121.90827,45.6544],[-121.93515,45.64417],[-121.95573,45.64356],[-121.96355,45.63278],[-121.98304,45.62281],[-122.00369,45.61593],[-122.02257,45.61515],[-122.04437,45.60952],[-122.10168,45.58352],[-122.11236,45.58141],[-122.14075,45.58451],[-122.1837,45.5777],[-122.2017,45.56414],[-122.2667,45.54384],[-122.2949,45.54354],[-122.3315,45.54824],[-122.3528,45.56944],[-122.3803,45.57594],[-122.43867,45.56359],[-122.45389,45.56731],[-122.47931,45.57976],[-122.54815,45.59677],[-122.60261,45.60764],[-122.64391,45.60974],[-122.67501,45.61804],[-122.71331,45.63744],[-122.73811,45.64414],[-122.76381,45.65714],[-122.77451,45.68044],[-122.77251,45.69964],[-122.76011,45.73441],[-122.76145,45.75916],[-122.76953,45.78058],[-122.7956,45.81],[-122.79596,45.82502],[-122.7857,45.84422],[-122.78503,45.8677],[-122.79809,45.88433],[-122.81151,45.91273],[-122.80619,45.93242],[-122.814,45.96098],[-122.83764,45.98082],[-122.85616,46.01447],[-122.87809,46.03128],[-122.88448,46.06028],[-122.90412,46.08373],[-122.96268,46.10482],[-123.00423,46.13382],[-123.0413,46.14635],[-123.1159,46.18527],[-123.16641,46.18897],[-123.2312,46.16615],[-123.28017,46.14484],[-123.37143,46.14637],[-123.43085,46.18183],[-123.42763,46.22935],[-123.44759,46.24983],[-123.47484,46.26783],[-123.50124,46.271],[-123.54766,46.25911],[-123.54764,46.26559],[-123.58164,46.2605],[-123.61354,46.25999],[-123.6695,46.26683],[-123.67912,46.2725],[-123.68057,46.29603],[-123.70076,46.30528],[-123.72427,46.30116],[-123.72404,46.29506],[-123.72858,46.28872],[-123.74148,46.29027],[-123.75956,46.27507],[-123.76668,46.2735],[-123.79556,46.2845],[-123.80614,46.28359],[-123.87552,46.23979],[-123.90931,46.24549],[-123.91958,46.25122],[-123.95435,46.277],[-123.96943,46.2914],[-123.97035,46.29935],[-123.97451,46.30306],[-124.00126,46.31326],[-124.02055,46.31574],[-124.02992,46.30831],[-124.04402,46.27593],[-124.06096,46.27876],[-124.08067,46.26724],[-124.08173,46.27471],[-124.07626,46.2965],[-124.06462,46.3269],[-124.05742,46.40931],[-124.05702,46.49334],[-124.06842,46.6014],[-124.06866,46.63488],[-124.06271,46.64258],[-124.04844,46.64583],[-124.03587,46.63082],[-124.05271,46.6228],[-124.05084,46.61742],[-124.02357,46.58256],[-124.02602,46.53159],[-124.03174,46.49638],[-124.01526,46.37868],[-124.00718,46.37147],[-123.98484,46.37868],[-123.96392,46.37671],[-123.9537,46.37884],[-123.9499,46.41032],[-123.96197,46.4089],[-123.96701,46.41573],[-123.96535,46.43326],[-123.9884,46.44505],[-123.99087,46.46574],[-123.99418,46.46887],[-123.99268,46.48862],[-123.98839,46.49701],[-123.97905,46.49738],[-123.97921,46.48995],[-123.97083,46.47537],[-123.94253,46.46519],[-123.93944,46.46715],[-123.94367,46.4772],[-123.92119,46.50773],[-123.8967,46.52267],[-123.89425,46.53703],[-123.90332,46.55191],[-123.92025,46.56734],[-123.92886,46.58888],[-123.95556,46.60357],[-123.95918,46.61358],[-123.96064,46.63636],[-123.94062,46.64086],[-123.92191,46.65026],[-123.92327,46.67271],[-123.9156,46.67865],[-123.8956,46.68367],[-123.8649,46.69868],[-123.85136,46.70256],[-123.83301,46.70247],[-123.82924,46.70898],[-123.83347,46.71832],[-123.84873,46.7199],[-123.86215,46.72775],[-123.87668,46.73066],[-123.89305,46.7502],[-123.91072,46.74672],[-123.91637,46.74132],[-123.91285,46.73065],[-123.91687,46.72674],[-123.94868,46.72537],[-123.96856,46.73611],[-123.97499,46.73339],[-123.97965,46.72466],[-123.97516,46.71397],[-123.96689,46.70518],[-123.97366,46.70335],[-123.99424,46.70793],[-124.00346,46.70234],[-124.02241,46.70897],[-124.06312,46.73366],[-124.08098,46.735],[-124.09218,46.74162],[-124.09651,46.7462],[-124.09665,46.78437],[-124.10808,46.83639],[-124.12298,46.87981],[-124.13823,46.90553],[-124.11064,46.91252],[-124.09339,46.90117],[-124.09042,46.8955],[-124.08929,46.86772],[-124.07311,46.86149],[-124.06105,46.86513],[-124.05509,46.87043],[-124.04634,46.89397],[-124.01366,46.90363],[-124.00952,46.91033],[-123.98508,46.92192],[-123.95749,46.92126],[-123.88288,46.93995],[-123.86018,46.94856],[-123.87614,46.96105],[-123.89825,46.97193],[-123.93921,46.96974],[-123.948,46.97182],[-123.95919,46.98176],[-123.99161,46.98022],[-124.01222,46.98518],[-124.01973,46.99119],[-124.00525,47.00391],[-124.01704,47.01172],[-124.02635,47.03019],[-124.06586,47.04114],[-124.12206,47.04165],[-124.14152,47.03514],[-124.14904,47.02929],[-124.15129,47.02111],[-124.13973,46.98837],[-124.13804,46.97096],[-124.12439,46.94387],[-124.14127,46.94027],[-124.15862,46.92944],[-124.18011,46.92636],[-124.17116,46.95844],[-124.16911,46.99451],[-124.1735,47.06637],[-124.18383,47.12481],[-124.1828,47.13404],[-124.18972,47.14683],[-124.20902,47.21815],[-124.23635,47.28729],[-124.25359,47.30248],[-124.27119,47.30503],[-124.29994,47.34836],[-124.31938,47.35556],[-124.32409,47.3676],[-124.32665,47.38876],[-124.33672,47.416],[-124.34516,47.48903],[-124.35595,47.5457],[-124.35903,47.54762],[-124.36622,47.58244],[-124.38222,47.6323],[-124.39598,47.66553],[-124.41211,47.6912],[-124.4252,47.73843],[-124.43055,47.74625],[-124.45393,47.76533],[-124.47657,47.76967],[-124.48215,47.79745],[-124.48974,47.81699],[-124.49799,47.82261],[-124.51278,47.82252],[-124.53993,47.83697],[-124.55825,47.85598],[-124.56236,47.86622],[-124.58817,47.87788],[-124.60954,47.88],[-124.63015,47.89247],[-124.64544,47.93534],[-124.67243,47.96441],[-124.67083,47.98237],[-124.68216,48.03599],[-124.68539,48.04924],[-124.69368,48.0587],[-124.69654,48.06927],[-124.69511,48.0871],[-124.6886,48.09247],[-124.6871,48.09866],[-124.72173,48.15319],[-124.7317,48.1604],[-124.73175,48.17]]]]}},{"type":"Feature","id":54,"properties":{"code":"WV","name":"West Virginia"},"geometry":{"type":"Polygon","coordinates":[[[-82.643,38.16956],[-82.61943,38.16903],[-82.61134,38.17155],[-82.59933,38.19723],[-82.59844,38.21739],[-82.60894,38.22366],[-82.61226,38.23609],[-82.60533,38.2473],[-82.584,38.24637],[-82.57466,38.26387],[-82.5746,38.27472],[-82.58306,38.29683],[-82.57196,38.31361],[-82.57269,38.3188],[-82.57694,38.32827],[-82.59798,38.34491],[-82.59752,38.36484],[-82.59301,38.37508],[-82.59974,38.39037],[-82.595,38.40133],[-82.59711,38.41288],[-82.59367,38.42181],[-82.57718,38.40877],[-82.56066,38.40434],[-82.5402,38.40367],[-82.40488,38.43935],[-82.38177,38.43478],[-82.33034,38.4445],[-82.31811,38.45788],[-82.30422,38.49631],[-82.30397,38.51768],[-82.29567,38.53848],[-82.29127,38.57898],[-82.27427,38.59368],[-82.26207,38.59818],[-82.24597,38.59848],[-82.22217,38.59138],[-82.20517,38.59172],[-82.18877,38.59498],[-82.17727,38.60378],[-82.17207,38.61928],[-82.17267,38.62968],[-82.18557,38.65958],[-82.19087,38.68038],[-82.18247,38.70878],[-82.18827,38.73408],[-82.19888,38.75773],[-82.21661,38.76835],[-82.22045,38.77374],[-82.22157,38.78719],[-82.20929,38.80267],[-82.19117,38.81514],[-82.16157,38.82463],[-82.14487,38.84048],[-82.13922,38.86502],[-82.14527,38.88348],[-82.14317,38.89808],[-82.12887,38.90998],[-82.11167,38.93258],[-82.10907,38.94558],[-82.09486,38.96458],[-82.09157,38.97378],[-82.05156,38.99438],[-82.03596,39.02548],[-82.01756,39.03008],[-82.00226,39.02788],[-81.98706,39.01198],[-81.97937,38.99319],[-81.95145,38.99603],[-81.93319,38.98766],[-81.90059,38.93767],[-81.89847,38.9296],[-81.92667,38.90131],[-81.928,38.89349],[-81.91031,38.87929],[-81.89854,38.87458],[-81.88923,38.87428],[-81.85597,38.89273],[-81.84531,38.91009],[-81.84449,38.92875],[-81.82735,38.9459],[-81.81423,38.94617],[-81.78565,38.92619],[-81.77411,38.92296],[-81.76266,38.92412],[-81.75851,38.92794],[-81.75697,38.93715],[-81.77885,38.95589],[-81.78182,38.96493],[-81.77406,38.99368],[-81.76515,39.00258],[-81.76425,39.01528],[-81.77285,39.02618],[-81.80335,39.04768],[-81.81166,39.05958],[-81.81386,39.07928],[-81.81065,39.08328],[-81.80306,39.08388],[-81.77555,39.07838],[-81.76075,39.08408],[-81.74725,39.09538],[-81.74295,39.10658],[-81.74357,39.14193],[-81.75575,39.18098],[-81.73708,39.19384],[-81.72697,39.21507],[-81.70091,39.22084],[-81.6924,39.22644],[-81.69638,39.25704],[-81.68363,39.27094],[-81.67019,39.27596],[-81.64318,39.27719],[-81.62131,39.27364],[-81.60335,39.27553],[-81.58556,39.26875],[-81.57025,39.26767],[-81.56525,39.27618],[-81.55755,39.33877],[-81.54235,39.35287],[-81.50319,39.37324],[-81.47319,39.40017],[-81.45614,39.40927],[-81.43564,39.40847],[-81.41271,39.39462],[-81.40669,39.38809],[-81.39379,39.35171],[-81.38456,39.34345],[-81.37596,39.3417],[-81.34757,39.34577],[-81.29752,39.37438],[-81.27072,39.38591],[-81.24184,39.39028],[-81.22358,39.38606],[-81.21731,39.38759],[-81.21165,39.39298],[-81.20823,39.40715],[-81.18595,39.43073],[-81.17063,39.43917],[-81.13253,39.44627],[-81.11443,39.46628],[-81.10083,39.48718],[-81.07059,39.51599],[-80.97044,39.59013],[-80.92584,39.6174],[-80.89221,39.61676],[-80.88036,39.62071],[-80.86665,39.65262],[-80.8637,39.69172],[-80.852,39.69856],[-80.83388,39.7035],[-80.82976,39.71184],[-80.83155,39.71948],[-80.84609,39.73781],[-80.86534,39.75325],[-80.86909,39.76636],[-80.86305,39.7752],[-80.82608,39.79858],[-80.82218,39.81171],[-80.82612,39.84424],[-80.82128,39.84998],[-80.7999,39.85891],[-80.79076,39.86728],[-80.79399,39.88279],[-80.80901,39.90323],[-80.80602,39.91713],[-80.79571,39.91969],[-80.76259,39.90891],[-80.75643,39.91393],[-80.76448,39.95025],[-80.75853,39.95924],[-80.74013,39.97079],[-80.73872,39.98511],[-80.7419,40.00793],[-80.7309,40.04667],[-80.7386,40.07567],[-80.7307,40.08647],[-80.7091,40.10147],[-80.7067,40.11087],[-80.71055,40.12527],[-80.71004,40.13831],[-80.7046,40.15482],[-80.68614,40.18161],[-80.6681,40.19967],[-80.66154,40.2298],[-80.6521,40.24497],[-80.6193,40.26517],[-80.6149,40.29197],[-80.6029,40.30707],[-80.5999,40.31767],[-80.6128,40.34767],[-80.6076,40.36957],[-80.6097,40.37497],[-80.6192,40.38177],[-80.63074,40.3849],[-80.6336,40.39047],[-80.6322,40.39367],[-80.61219,40.40267],[-80.6123,40.43487],[-80.59609,40.46337],[-80.59549,40.47527],[-80.618,40.50205],[-80.62751,40.53579],[-80.63311,40.53871],[-80.65244,40.56254],[-80.66692,40.57366],[-80.66778,40.5781],[-80.66256,40.5916],[-80.62717,40.61994],[-80.59876,40.62526],[-80.57674,40.61422],[-80.55113,40.62885],[-80.51899,40.6388],[-80.51934,39.7214],[-79.47666,39.72108],[-79.47887,39.53169],[-79.48237,39.53169],[-79.48765,39.27993],[-79.48687,39.20596],[-79.47604,39.20373],[-79.43983,39.21707],[-79.42441,39.22817],[-79.42506,39.23369],[-79.42035,39.23888],[-79.41205,39.24055],[-79.38702,39.26554],[-79.37615,39.27315],[-79.35375,39.27804],[-79.3438,39.2861],[-79.34434,39.29353],[-79.33238,39.29992],[-79.31477,39.30438],[-79.30231,39.29955],[-79.29024,39.29932],[-79.28372,39.30964],[-79.28204,39.32305],[-79.25389,39.33722],[-79.25227,39.35666],[-79.21396,39.36532],[-79.19554,39.38779],[-79.17933,39.38834],[-79.17698,39.39213],[-79.16722,39.39326],[-79.1665,39.40089],[-79.15921,39.41302],[-79.14958,39.40777],[-79.14383,39.40852],[-79.1407,39.41665],[-79.12982,39.4199],[-79.12905,39.42954],[-79.11943,39.43316],[-79.11407,39.44332],[-79.10422,39.44836],[-79.09543,39.46255],[-79.09906,39.47026],[-79.09652,39.4728],[-79.08327,39.47138],[-79.06863,39.47451],[-79.05658,39.47101],[-79.05245,39.48231],[-79.04628,39.4838],[-79.03691,39.4768],[-79.03034,39.4654],[-79.01715,39.46698],[-79.0101,39.46105],[-78.97883,39.44868],[-78.96548,39.43845],[-78.95675,39.44026],[-78.95333,39.46364],[-78.93887,39.4741],[-78.94229,39.48099],[-78.93361,39.48618],[-78.91649,39.48654],[-78.8912,39.5189],[-78.886,39.52258],[-78.87474,39.52261],[-78.85193,39.55185],[-78.8512,39.55992],[-78.83855,39.5673],[-78.8214,39.56062],[-78.81676,39.56169],[-78.81351,39.56772],[-78.8201,39.57629],[-78.82636,39.57733],[-78.82601,39.58883],[-78.8189,39.59037],[-78.81221,39.59772],[-78.80935,39.60806],[-78.79784,39.6049],[-78.79586,39.60693],[-78.80174,39.62749],[-78.79594,39.63729],[-78.76584,39.64849],[-78.76534,39.64399],[-78.77264,39.63689],[-78.77848,39.62265],[-78.76317,39.6189],[-78.7485,39.62626],[-78.73619,39.62171],[-78.73376,39.61393],[-78.74706,39.60569],[-78.75151,39.60995],[-78.76811,39.6087],[-78.77814,39.60136],[-78.77051,39.59499],[-78.76749,39.58749],[-78.75675,39.58069],[-78.74642,39.57954],[-78.74025,39.58566],[-78.73398,39.58662],[-78.73199,39.57536],[-78.72501,39.56397],[-78.71478,39.56256],[-78.7071,39.55586],[-78.69463,39.55325],[-78.68945,39.54577],[-78.65598,39.53469],[-78.62304,39.53951],[-78.60051,39.53343],[-78.59387,39.53516],[-78.58708,39.52802],[-78.56593,39.51944],[-78.52139,39.52479],[-78.5032,39.51865],[-78.48404,39.51951],[-78.47117,39.5161],[-78.4629,39.52084],[-78.46129,39.53468],[-78.45105,39.5367],[-78.4495,39.54228],[-78.44531,39.54337],[-78.43836,39.53875],[-78.43383,39.54895],[-78.42405,39.54631],[-78.41878,39.54895],[-78.42654,39.55915],[-78.45438,39.57432],[-78.45834,39.58043],[-78.45719,39.58738],[-78.44317,39.59116],[-78.40803,39.57859],[-78.39532,39.58422],[-78.39747,39.59023],[-78.42558,39.6076],[-78.43362,39.61826],[-78.43025,39.62329],[-78.42055,39.62402],[-78.39583,39.61608],[-78.38359,39.60891],[-78.37473,39.60863],[-78.3724,39.6123],[-78.38296,39.62225],[-78.38249,39.62822],[-78.37317,39.63046],[-78.35577,39.62626],[-78.35367,39.63079],[-78.35951,39.63808],[-78.35191,39.64049],[-78.28304,39.62047],[-78.26683,39.61882],[-78.26337,39.62168],[-78.26219,39.63046],[-78.25408,39.64009],[-78.2236,39.6611],[-78.23301,39.67047],[-78.23156,39.67438],[-78.20294,39.67665],[-78.19244,39.68912],[-78.18276,39.69511],[-78.17136,39.69561],[-78.10783,39.68214],[-78.0746,39.66669],[-78.03599,39.63572],[-78.00673,39.60134],[-77.97636,39.59986],[-77.96823,39.60654],[-77.95504,39.60808],[-77.95079,39.60462],[-77.95128,39.59041],[-77.94618,39.58481],[-77.93905,39.58714],[-77.93637,39.59451],[-77.93551,39.60848],[-77.94465,39.61525],[-77.93749,39.61915],[-77.92874,39.61391],[-77.92283,39.60489],[-77.89033,39.59755],[-77.88155,39.60009],[-77.88111,39.60621],[-77.88696,39.61333],[-77.88512,39.61577],[-77.8578,39.60788],[-77.83801,39.60612],[-77.83357,39.60294],[-77.82981,39.58729],[-77.83633,39.56637],[-77.87845,39.56349],[-77.88797,39.5592],[-77.88895,39.55595],[-77.86535,39.53838],[-77.86613,39.51766],[-77.86368,39.51503],[-77.84944,39.51559],[-77.84112,39.51955],[-77.84054,39.5292],[-77.83693,39.53217],[-77.82536,39.52918],[-77.82514,39.51788],[-77.8451,39.50585],[-77.84667,39.49957],[-77.80782,39.49024],[-77.79437,39.49099],[-77.78161,39.49907],[-77.77095,39.49909],[-77.76599,39.49572],[-77.76709,39.49133],[-77.79516,39.48099],[-77.7982,39.47572],[-77.78245,39.46336],[-77.79651,39.46158],[-77.79895,39.45797],[-77.78952,39.44963],[-77.78928,39.44525],[-77.79981,39.43694],[-77.78775,39.42915],[-77.76332,39.42844],[-77.75468,39.42466],[-77.73641,39.39268],[-77.73808,39.38621],[-77.75339,39.38209],[-77.74387,39.35995],[-77.74593,39.35322],[-77.76107,39.34253],[-77.76023,39.33862],[-77.71995,39.31969],[-77.7349,39.31241],[-77.75027,39.28928],[-77.76284,39.25845],[-77.77028,39.25598],[-77.77088,39.24976],[-77.76728,39.24938],[-77.77142,39.23678],[-77.79363,39.21012],[-77.8051,39.17422],[-77.82141,39.15241],[-77.82218,39.13999],[-77.82816,39.13233],[-78.15819,39.34339],[-78.26278,39.41432],[-78.34709,39.46601],[-78.34948,39.4622],[-78.34514,39.45948],[-78.34655,39.44262],[-78.35323,39.43679],[-78.34672,39.42762],[-78.35992,39.40903],[-78.34944,39.39725],[-78.35001,39.39286],[-78.34321,39.38881],[-78.36687,39.35929],[-78.34048,39.35349],[-78.33928,39.3486],[-78.34741,39.3434],[-78.3463,39.33911],[-78.36003,39.31777],[-78.36469,39.31731],[-78.36724,39.31015],[-78.38589,39.29489],[-78.39337,39.28299],[-78.39868,39.28133],[-78.41942,39.25748],[-78.39967,39.24387],[-78.40421,39.24121],[-78.40559,39.23118],[-78.43865,39.19805],[-78.4249,39.1933],[-78.4287,39.18722],[-78.42632,39.18276],[-78.4037,39.16745],[-78.41394,39.15841],[-78.42729,39.15273],[-78.43666,39.14169],[-78.43943,39.13215],[-78.45987,39.11335],[-78.47538,39.10747],[-78.47843,39.10984],[-78.49516,39.10099],[-78.51648,39.0818],[-78.52271,39.07106],[-78.54022,39.06063],[-78.5719,39.032],[-78.55047,39.01806],[-78.57046,39.00155],[-78.60165,38.9646],[-78.61118,38.97613],[-78.61868,38.97408],[-78.62045,38.9826],[-78.62567,38.98257],[-78.63085,38.97959],[-78.63842,38.96682],[-78.64659,38.96814],[-78.65905,38.94738],[-78.68046,38.92531],[-78.68827,38.92478],[-78.69738,38.9156],[-78.70432,38.91523],[-78.71865,38.90456],[-78.7209,38.90984],[-78.71708,38.93603],[-78.72245,38.9314],[-78.73892,38.92728],[-78.75052,38.91603],[-78.75908,38.90053],[-78.78602,38.88719],[-78.80818,38.85618],[-78.82726,38.82161],[-78.86928,38.76299],[-78.994,38.8501],[-78.99817,38.84735],[-79.00655,38.82371],[-79.01955,38.81791],[-79.02405,38.80921],[-79.02305,38.79861],[-79.02725,38.79211],[-79.04655,38.79211],[-79.05495,38.78571],[-79.05155,38.77261],[-79.05565,38.77091],[-79.05755,38.76021],[-79.07255,38.74751],[-79.08545,38.72461],[-79.09275,38.70231],[-79.09076,38.69252],[-79.08436,38.68652],[-79.09296,38.65952],[-79.10636,38.65622],[-79.12026,38.66022],[-79.12976,38.65502],[-79.13756,38.63802],[-79.15126,38.62062],[-79.15436,38.60652],[-79.15916,38.60122],[-79.15866,38.59232],[-79.17086,38.57412],[-79.17096,38.56812],[-79.17666,38.56552],[-79.18406,38.55152],[-79.20586,38.52452],[-79.21096,38.50742],[-79.20696,38.50352],[-79.21059,38.49291],[-79.21907,38.48744],[-79.22567,38.47647],[-79.24006,38.46984],[-79.24264,38.45417],[-79.25444,38.45595],[-79.26741,38.43832],[-79.28276,38.43165],[-79.27968,38.42417],[-79.28297,38.4181],[-79.29053,38.42076],[-79.31228,38.41188],[-79.47664,38.45723],[-79.52147,38.53392],[-79.53687,38.55092],[-79.55547,38.56022],[-79.57177,38.56312],[-79.64907,38.59152],[-79.66157,38.56732],[-79.65927,38.56242],[-79.66508,38.56092],[-79.66927,38.54952],[-79.66687,38.53832],[-79.67297,38.52872],[-79.66207,38.51552],[-79.67047,38.50772],[-79.68037,38.51062],[-79.68297,38.50132],[-79.68834,38.49618],[-79.69227,38.49647],[-79.69757,38.48722],[-79.69342,38.48101],[-79.69962,38.47397],[-79.69893,38.46987],[-79.69109,38.46374],[-79.68837,38.45687],[-79.69148,38.44628],[-79.68967,38.43144],[-79.70663,38.41573],[-79.72635,38.38707],[-79.7317,38.37338],[-79.72679,38.37083],[-79.7256,38.36383],[-79.74062,38.3541],[-79.76443,38.35651],[-79.77309,38.33553],[-79.79655,38.32348],[-79.81015,38.30671],[-79.80278,38.29207],[-79.79545,38.29023],[-79.78979,38.28117],[-79.78894,38.2687],[-79.79829,38.26596],[-79.80633,38.25919],[-79.81199,38.2604],[-79.81486,38.25157],[-79.81962,38.24823],[-79.83088,38.24969],[-79.83512,38.24189],[-79.84521,38.24108],[-79.85032,38.23333],[-79.89159,38.20465],[-79.89843,38.19304],[-79.91634,38.18628],[-79.9212,38.18038],[-79.91662,38.17799],[-79.91891,38.17044],[-79.91488,38.16752],[-79.91866,38.15479],[-79.92551,38.15024],[-79.92903,38.13977],[-79.93375,38.13551],[-79.94484,38.13159],[-79.93895,38.11162],[-79.92633,38.10715],[-79.95437,38.0804],[-79.95984,38.0637],[-79.97389,38.04],[-79.9737,38.03256],[-79.98029,38.0276],[-79.98614,38.01418],[-79.99498,38.00785],[-79.99938,37.99584],[-80.01219,37.98863],[-80.01314,37.98425],[-80.04841,37.95748],[-80.07451,37.94222],[-80.09656,37.91811],[-80.10293,37.91891],[-80.11897,37.90361],[-80.11775,37.89772],[-80.12362,37.89794],[-80.14195,37.88262],[-80.14895,37.88689],[-80.1622,37.87512],[-80.17671,37.85403],[-80.18306,37.85065],[-80.17939,37.83975],[-80.19963,37.82751],[-80.20648,37.81597],[-80.21861,37.80978],[-80.22709,37.79889],[-80.22949,37.79233],[-80.21589,37.78199],[-80.21566,37.77748],[-80.23046,37.77831],[-80.2469,37.76831],[-80.25132,37.76296],[-80.24979,37.75711],[-80.25741,37.75608],[-80.26277,37.73834],[-80.26031,37.73352],[-80.25202,37.72982],[-80.25308,37.7259],[-80.29614,37.69178],[-80.27937,37.65708],[-80.26745,37.64611],[-80.23929,37.63767],[-80.22098,37.62777],[-80.24027,37.60696],[-80.25892,37.5955],[-80.3285,37.56432],[-80.31239,37.54624],[-80.33031,37.53624],[-80.30935,37.52738],[-80.29164,37.5365],[-80.28239,37.53352],[-80.29979,37.50827],[-80.3271,37.49538],[-80.36684,37.48488],[-80.36317,37.48],[-80.37195,37.47407],[-80.42566,37.44988],[-80.46482,37.42614],[-80.4756,37.42295],[-80.49487,37.43507],[-80.49728,37.44478],[-80.49298,37.45775],[-80.51139,37.48167],[-80.51514,37.47857],[-80.55204,37.47356],[-80.6168,37.43944],[-80.62266,37.43331],[-80.63439,37.43123],[-80.64589,37.42215],[-80.7052,37.39462],[-80.77008,37.37236],[-80.78419,37.39459],[-80.80613,37.39807],[-80.80877,37.40627],[-80.83768,37.42566],[-80.84632,37.42339],[-80.85956,37.42957],[-80.86515,37.41993],[-80.86276,37.41183],[-80.88325,37.38393],[-80.84945,37.34691],[-80.86899,37.33857],[-80.90054,37.315],[-80.9479,37.29587],[-80.97389,37.29144],[-80.98132,37.29346],[-80.97959,37.30228],[-81.03719,37.29025],[-81.09482,37.28264],[-81.16703,37.26288],[-81.2251,37.23487],[-81.3201,37.29932],[-81.36216,37.33769],[-81.36938,37.33183],[-81.3676,37.32757],[-81.37445,37.31861],[-81.38673,37.32047],[-81.39429,37.31641],[-81.39855,37.31063],[-81.39682,37.3045],[-81.40506,37.29879],[-81.40376,37.2966],[-81.41666,37.27321],[-81.44828,37.27058],[-81.46058,37.26553],[-81.46211,37.2599],[-81.48014,37.25112],[-81.49229,37.25096],[-81.49887,37.25803],[-81.50643,37.24447],[-81.50732,37.2338],[-81.52073,37.22691],[-81.54444,37.22076],[-81.5536,37.20844],[-81.67821,37.20148],[-81.68327,37.20565],[-81.68354,37.21145],[-81.69511,37.21357],[-81.71573,37.22877],[-81.71625,37.23432],[-81.72306,37.24049],[-81.73854,37.23826],[-81.744,37.24253],[-81.74097,37.25405],[-81.74545,37.25812],[-81.74611,37.2636],[-81.75753,37.27001],[-81.75763,37.274],[-81.77468,37.27481],[-81.78929,37.28442],[-81.79342,37.28167],[-81.79359,37.28484],[-81.80538,37.28562],[-81.81963,37.27941],[-81.83447,37.28176],[-81.83341,37.28453],[-81.83876,37.28634],[-81.84995,37.28523],[-81.85355,37.2877],[-81.85446,37.30657],[-81.85962,37.30477],[-81.86568,37.30948],[-81.86027,37.31571],[-81.87018,37.32067],[-81.87871,37.33175],[-81.89377,37.33011],[-81.8995,37.3411],[-81.90732,37.34312],[-81.91195,37.34934],[-81.91668,37.34935],[-81.9285,37.36064],[-81.9267,37.36462],[-81.93674,37.38073],[-81.92878,37.39384],[-81.93004,37.40529],[-81.92451,37.40761],[-81.92348,37.41138],[-81.93695,37.41992],[-81.94055,37.42906],[-81.93562,37.4384],[-81.94576,37.44021],[-81.94937,37.44569],[-81.96558,37.44692],[-81.97618,37.45719],[-81.98701,37.45488],[-81.99565,37.46983],[-81.99658,37.47671],[-81.99292,37.48297],[-81.97759,37.4846],[-81.96499,37.49349],[-81.95326,37.49176],[-81.95315,37.50131],[-81.94596,37.5019],[-81.94304,37.50861],[-81.92639,37.51421],[-81.94709,37.52391],[-81.94401,37.53096],[-81.95352,37.52806],[-81.95769,37.52984],[-81.95738,37.5352],[-81.96758,37.53281],[-81.96928,37.53433],[-81.96497,37.54303],[-81.97015,37.5465],[-81.98248,37.54181],[-81.98909,37.54251],[-81.99403,37.53761],[-82.00919,37.53324],[-82.01592,37.53432],[-82.01888,37.54057],[-82.02883,37.53767],[-82.04282,37.54836],[-82.04481,37.54181],[-82.06333,37.53621],[-82.06442,37.54452],[-82.07503,37.55582],[-82.11658,37.55959],[-82.13198,37.59354],[-82.14155,37.59517],[-82.14843,37.59091],[-82.15672,37.59279],[-82.16445,37.60801],[-82.18143,37.62184],[-82.1814,37.6268],[-82.21565,37.62624],[-82.2202,37.63391],[-82.21669,37.64133],[-82.2236,37.64455],[-82.22611,37.65309],[-82.23939,37.66146],[-82.25711,37.65675],[-82.27202,37.66378],[-82.27788,37.67],[-82.28817,37.66823],[-82.29439,37.67045],[-82.29626,37.68707],[-82.30289,37.69368],[-82.29663,37.7024],[-82.30724,37.70767],[-82.3117,37.71877],[-82.3162,37.72154],[-82.31888,37.73376],[-82.33335,37.7412],[-82.32822,37.74848],[-82.32142,37.75127],[-82.32101,37.75543],[-82.33382,37.76539],[-82.3397,37.78551],[-82.34885,37.78718],[-82.36778,37.80063],[-82.37739,37.80301],[-82.37958,37.81091],[-82.40787,37.8355],[-82.41217,37.84479],[-82.42048,37.84681],[-82.42426,37.86171],[-82.41768,37.87066],[-82.42148,37.88565],[-82.43211,37.88991],[-82.43858,37.90026],[-82.4476,37.90435],[-82.47457,37.90029],[-82.50186,37.9332],[-82.49668,37.9464],[-82.48512,37.94604],[-82.4718,37.95912],[-82.46426,37.98341],[-82.48773,37.99833],[-82.51735,38.0012],[-82.51761,38.00722],[-82.52583,38.01956],[-82.52582,38.02641],[-82.53864,38.03738],[-82.53729,38.0452],[-82.54392,38.05213],[-82.54958,38.06858],[-82.58404,38.09066],[-82.58778,38.10888],[-82.60659,38.12084],[-82.61945,38.12074],[-82.62212,38.13341],[-82.63647,38.13786],[-82.63895,38.15674],[-82.64474,38.16549],[-82.643,38.16956]]]}},{"type":"Feature","id":55,"properties":{"code":"WI","name":"Wisconsin"},"geometry":{"type":"MultiPolygon","coordinates":[[[[-86.9562,45.35201],[-86.9463,45.35869],[-86.9552,45.38372],[-86.94304,45.41525],[-86.93739,45.42097],[-86.93051,45.41754],[-86.92804,45.41127],[-86.91769,45.40789],[-86.89289,45.40898],[-86.8775,45.41398],[-86.86147,45.41207],[-86.85314,45.40555],[-86.83035,45.41085],[-86.82866,45.42854],[-86.81707,45.42696],[-86.81006,45.42262],[-86.80541,45.40732],[-86.82438,45.40613],[-86.84143,45.3896],[-86.8531,45.37086],[-86.86356,45.36489],[-86.86774,45.35307],[-86.8655,45.34098],[-86.86904,45.33322],[-86.87512,45.33087],[-86.8878,45.33226],[-86.89505,45.32903],[-86.89949,45.32259],[-86.89667,45.30727],[-86.89693,45.2983],[-86.89989,45.29518],[-86.9049,45.29684],[-86.92568,45.3242],[-86.95613,45.34227],[-86.9562,45.35201]]],[[[-87.3754,45.1993],[-87.33416,45.21167],[-87.33196,45.19925],[-87.33622,45.17317],[-87.32728,45.15736],[-87.37678,45.1773],[-87.3754,45.1993]]],[[[-90.45673,47.01691],[-90.45713,47.04406],[-90.44907,47.06601],[-90.43727,47.07348],[-90.41673,47.07667],[-90.39707,47.07573],[-90.39303,47.06788],[-90.40041,47.04659],[-90.4035,47.02537],[-90.41537,47.01345],[-90.45242,46.99735],[-90.46534,47.00238],[-90.45673,47.01691]]],[[[-90.51092,46.8798],[-90.46244,46.8974],[-90.45416,46.89925],[-90.44881,46.89618],[-90.44796,46.8924],[-90.45273,46.88849],[-90.48726,46.87152],[-90.49763,46.86951],[-90.50694,46.87208],[-90.51156,46.87643],[-90.51092,46.8798]]],[[[-90.5661,47.03784],[-90.5458,47.01794],[-90.54757,47.00012],[-90.56407,46.99545],[-90.57777,47.03299],[-90.5661,47.03784]]],[[[-90.62624,47.00808],[-90.6067,47.00929],[-90.59782,46.99614],[-90.61583,46.98731],[-90.62827,46.9958],[-90.62624,47.00808]]],[[[-90.65183,46.92527],[-90.63478,46.94242],[-90.5394,46.96583],[-90.5224,46.96719],[-90.51162,46.96141],[-90.51153,46.95245],[-90.52772,46.93569],[-90.55149,46.92043],[-90.5938,46.91621],[-90.60711,46.91881],[-90.63494,46.90687],[-90.64471,46.90904],[-90.65423,46.91848],[-90.65183,46.92527]]],[[[-90.67791,46.96423],[-90.6496,46.98012],[-90.63445,46.9804],[-90.63168,46.9707],[-90.6625,46.95209],[-90.6791,46.95371],[-90.67791,46.96423]]],[[[-90.69766,47.03489],[-90.69274,47.04498],[-90.68067,47.04808],[-90.66685,47.04022],[-90.67357,47.02352],[-90.68424,47.01921],[-90.69609,47.02325],[-90.69766,47.03489]]],[[[-90.70207,46.88665],[-90.69653,46.89124],[-90.67773,46.89663],[-90.67015,46.89394],[-90.66824,46.88681],[-90.68831,46.87844],[-90.69964,46.88057],[-90.70207,46.88665]]],[[[-90.71308,46.99361],[-90.70123,47.00735],[-90.67989,47.00655],[-90.67278,46.99685],[-90.69174,46.98229],[-90.70952,46.98364],[-90.71308,46.99361]]],[[[-90.74054,46.96421],[-90.71511,46.95733],[-90.69449,46.93671],[-90.68858,46.92025],[-90.69925,46.91486],[-90.73711,46.91471],[-90.76529,46.94702],[-90.74054,46.96421]]],[[[-90.76561,46.83442],[-90.75338,46.86215],[-90.74534,46.8711],[-90.73416,46.87481],[-90.72176,46.87194],[-90.72158,46.85498],[-90.75006,46.83108],[-90.7592,46.82928],[-90.76561,46.83442]]],[[[-90.77512,47.02406],[-90.75882,47.03306],[-90.73846,47.01948],[-90.74081,47.00238],[-90.75536,46.99846],[-90.76984,47.00361],[-90.77512,47.02406]]],[[[-90.78727,46.78715],[-90.74401,46.79854],[-90.71238,46.82074],[-90.65695,46.84348],[-90.62205,46.87287],[-90.60255,46.87271],[-90.58739,46.85806],[-90.57441,46.85043],[-90.57314,46.84588],[-90.57826,46.84165],[-90.61382,46.83794],[-90.67973,46.81426],[-90.67831,46.80645],[-90.65797,46.79854],[-90.6594,46.7865],[-90.72452,46.78097],[-90.76365,46.75493],[-90.78574,46.75371],[-90.7887,46.76013],[-90.78204,46.77087],[-90.79202,46.78129],[-90.78727,46.78715]]],[[[-90.9821,46.98586],[-90.93308,46.99833],[-90.92587,46.9876],[-90.93161,46.96467],[-90.96521,46.96254],[-90.9798,46.97261],[-90.9821,46.98586]]],[[[-92.88811,45.62838],[-92.88707,45.64415],[-92.87893,45.66561],[-92.87549,45.68901],[-92.87002,45.69727],[-92.86919,45.71757],[-92.80984,45.74417],[-92.78462,45.7642],[-92.7765,45.79001],[-92.75781,45.80657],[-92.76515,45.83018],[-92.73999,45.84628],[-92.73404,45.86811],[-92.7125,45.89171],[-92.67661,45.90637],[-92.67617,45.91207],[-92.65955,45.92294],[-92.63912,45.92455],[-92.63882,45.93417],[-92.61431,45.93453],[-92.60246,45.94082],[-92.55193,45.95165],[-92.54981,45.96799],[-92.52705,45.98324],[-92.46935,45.97381],[-92.46126,45.97943],[-92.46451,45.98504],[-92.45337,45.99291],[-92.44226,46.01618],[-92.42856,46.02424],[-92.41065,46.02726],[-92.37272,46.0142],[-92.35176,46.01568],[-92.34928,46.02362],[-92.34374,46.02853],[-92.34346,46.04299],[-92.33291,46.0627],[-92.31933,46.06929],[-92.29403,46.07438],[-92.29129,46.66814],[-92.28739,46.66734],[-92.28619,46.66034],[-92.27439,46.65744],[-92.27059,46.65074],[-92.25618,46.65868],[-92.24249,46.64924],[-92.22849,46.65294],[-92.21239,46.64994],[-92.20229,46.65504],[-92.20409,46.66694],[-92.17588,46.68647],[-92.17626,46.69047],[-92.183,46.69565],[-92.20519,46.69834],[-92.20469,46.70404],[-92.19739,46.70764],[-92.18909,46.71754],[-92.16729,46.71994],[-92.14629,46.71594],[-92.14129,46.72524],[-92.14329,46.73464],[-92.13789,46.73954],[-92.11659,46.74864],[-92.10819,46.74914],[-92.08949,46.74924],[-92.03524,46.70755],[-92.02205,46.70323],[-92.01414,46.70703],[-92.00799,46.70504],[-91.98789,46.69274],[-91.96189,46.68254],[-91.94299,46.67994],[-91.88696,46.69021],[-91.85746,46.69236],[-91.82003,46.69018],[-91.79013,46.69467],[-91.74965,46.70913],[-91.6455,46.73473],[-91.59068,46.75433],[-91.57429,46.75749],[-91.53712,46.75479],[-91.51108,46.75745],[-91.49243,46.76666],[-91.44933,46.7733],[-91.42371,46.78217],[-91.40865,46.79266],[-91.38861,46.78952],[-91.36882,46.79384],[-91.33825,46.8177],[-91.31481,46.82682],[-91.2567,46.83689],[-91.2268,46.86361],[-91.20752,46.86583],[-91.20011,46.85402],[-91.17829,46.84426],[-91.16451,46.84739],[-91.14954,46.86441],[-91.13453,46.86444],[-91.12621,46.85693],[-91.11107,46.85591],[-91.09656,46.86153],[-91.09092,46.88267],[-91.08095,46.88361],[-91.06822,46.87831],[-91.05299,46.88132],[-91.03989,46.88923],[-91.03452,46.90305],[-91.01914,46.9115],[-90.99515,46.91758],[-90.96842,46.94391],[-90.92181,46.93132],[-90.91384,46.9334],[-90.9086,46.9413],[-90.88088,46.95078],[-90.87962,46.95809],[-90.85587,46.96223],[-90.83772,46.95744],[-90.83027,46.95088],[-90.82882,46.93221],[-90.82067,46.92953],[-90.80598,46.93788],[-90.79697,46.93659],[-90.78561,46.92643],[-90.78199,46.90997],[-90.76832,46.90758],[-90.75455,46.89827],[-90.75103,46.88796],[-90.77017,46.8763],[-90.79894,46.82314],[-90.8257,46.80386],[-90.83561,46.78976],[-90.85653,46.78889],[-90.86354,46.78057],[-90.85944,46.77399],[-90.86233,46.76814],[-90.88502,46.75634],[-90.8834,46.74699],[-90.8704,46.72329],[-90.8527,46.69958],[-90.85383,46.69346],[-90.86847,46.68037],[-90.88587,46.67037],[-90.91128,46.66308],[-90.91515,46.65841],[-90.92449,46.62542],[-90.93868,46.60832],[-90.95154,46.60062],[-90.95148,46.59703],[-90.94193,46.58842],[-90.91827,46.58307],[-90.90557,46.58352],[-90.87315,46.60122],[-90.79478,46.62494],[-90.77019,46.63613],[-90.75529,46.64629],[-90.7565,46.66459],[-90.74809,46.66982],[-90.73969,46.68873],[-90.73218,46.68868],[-90.62789,46.62384],[-90.55814,46.58638],[-90.53796,46.58108],[-90.5255,46.58693],[-90.50591,46.58961],[-90.47376,46.57418],[-90.4376,46.56149],[-90.41814,46.56609],[-90.41451,46.55745],[-90.39332,46.53261],[-90.36708,46.54116],[-90.34887,46.54118],[-90.34113,46.55284],[-90.33189,46.55328],[-90.31086,46.53936],[-90.31081,46.53213],[-90.31659,46.52269],[-90.31466,46.51617],[-90.2762,46.52414],[-90.27193,46.51903],[-90.27489,46.51543],[-90.2712,46.50651],[-90.25921,46.50326],[-90.23527,46.50783],[-90.21517,46.49954],[-90.20401,46.47818],[-90.19349,46.47246],[-90.18723,46.45813],[-90.17858,46.4546],[-90.17786,46.44137],[-90.16672,46.43972],[-90.15981,46.42551],[-90.15741,46.40909],[-90.13341,46.38174],[-90.13335,46.37149],[-90.11857,46.35862],[-90.11674,46.35065],[-90.12206,46.34473],[-90.12049,46.33685],[-89.09164,46.13845],[-88.85082,46.04031],[-88.83817,46.03029],[-88.81875,46.02537],[-88.81417,46.02075],[-88.80577,46.02155],[-88.8004,46.02979],[-88.79326,46.03272],[-88.77888,46.02862],[-88.78024,46.02255],[-88.77305,46.01979],[-88.73999,46.02731],[-88.73068,46.02654],[-88.72266,46.02257],[-88.71949,46.01608],[-88.69872,46.0179],[-88.67913,46.01354],[-88.66345,45.99215],[-88.64975,45.9883],[-88.62082,45.98843],[-88.61347,45.99587],[-88.60765,46.01492],[-88.59598,46.01605],[-88.58966,46.01025],[-88.58287,46.01001],[-88.56548,46.01571],[-88.55076,46.0129],[-88.54108,46.01376],[-88.53214,46.02024],[-88.5146,46.01993],[-88.5062,46.01713],[-88.49782,45.99587],[-88.4929,45.99288],[-88.47898,45.9918],[-88.476,45.99283],[-88.47469,45.99877],[-88.46554,46.00068],[-88.45661,45.99849],[-88.45034,45.99179],[-88.42612,45.9841],[-88.4155,45.97525],[-88.39258,45.98124],[-88.38507,45.98951],[-88.37513,45.98927],[-88.32274,45.9586],[-88.28827,45.95274],[-88.25673,45.96207],[-88.24594,45.95873],[-88.24249,45.9506],[-88.22803,45.94756],[-88.18829,45.95128],[-88.10632,45.9164],[-88.10614,45.90081],[-88.09729,45.88432],[-88.07959,45.87901],[-88.07561,45.86775],[-88.13611,45.81903],[-88.13183,45.81131],[-88.11092,45.80327],[-88.09405,45.78566],[-88.06843,45.7801],[-88.04671,45.78238],[-88.03357,45.78982],[-87.99588,45.79543],[-87.98847,45.79357],[-87.98087,45.77698],[-87.98363,45.77185],[-87.98125,45.76836],[-87.96416,45.76004],[-87.94411,45.75742],[-87.90396,45.75872],[-87.89389,45.75325],[-87.8769,45.75438],[-87.86221,45.74502],[-87.86432,45.73714],[-87.85548,45.72694],[-87.83734,45.71692],[-87.80714,45.70801],[-87.80532,45.69625],[-87.78223,45.68305],[-87.7807,45.67681],[-87.78321,45.67282],[-87.81897,45.66331],[-87.8245,45.65382],[-87.82323,45.64629],[-87.81019,45.63873],[-87.792,45.61675],[-87.77951,45.61186],[-87.77711,45.58922],[-87.78832,45.5705],[-87.80338,45.56616],[-87.82382,45.5655],[-87.82607,45.55714],[-87.81146,45.54353],[-87.80472,45.53124],[-87.80227,45.51423],[-87.79277,45.49997],[-87.81461,45.46314],[-87.8553,45.44138],[-87.8617,45.43447],[-87.86043,45.4235],[-87.84958,45.40812],[-87.88255,45.36435],[-87.87511,45.35489],[-87.85004,45.34625],[-87.80604,45.3522],[-87.7636,45.34877],[-87.75145,45.35175],[-87.72052,45.3763],[-87.70086,45.38734],[-87.684,45.3865],[-87.66192,45.37135],[-87.64777,45.34056],[-87.6647,45.31744],[-87.68618,45.29944],[-87.69658,45.28363],[-87.69878,45.26942],[-87.71007,45.25973],[-87.7116,45.23952],[-87.72346,45.2339],[-87.72188,45.22494],[-87.72604,45.21115],[-87.74079,45.2003],[-87.73627,45.1726],[-87.68169,45.14199],[-87.67577,45.13448],[-87.67784,45.12973],[-87.67251,45.12146],[-87.65713,45.10757],[-87.62958,45.10533],[-87.59021,45.09526],[-87.58715,45.08949],[-87.58799,45.08527],[-87.60185,45.0823],[-87.61039,45.07562],[-87.62575,45.04516],[-87.62469,45.01418],[-87.6287,44.9858],[-87.64696,44.98388],[-87.65794,44.97349],[-87.69649,44.97423],[-87.77186,44.96509],[-87.81952,44.95111],[-87.83903,44.93172],[-87.8443,44.91852],[-87.83956,44.90561],[-87.8305,44.89428],[-87.83619,44.88343],[-87.84627,44.88042],[-87.84666,44.87187],[-87.86624,44.84048],[-87.87822,44.83902],[-87.90114,44.82737],[-87.94145,44.75608],[-87.95156,44.75311],[-87.96471,44.74357],[-87.98349,44.7202],[-87.99011,44.66846],[-88.00208,44.66403],[-88.00977,44.63708],[-88.00946,44.6304],[-87.99872,44.60929],[-88.00194,44.60391],[-88.01239,44.60244],[-88.0164,44.59209],[-88.0271,44.57899],[-88.0361,44.57679],[-88.0412,44.57258],[-88.04241,44.56659],[-88.00552,44.53922],[-87.9707,44.53029],[-87.9438,44.52969],[-87.929,44.53599],[-87.90118,44.56893],[-87.89889,44.57413],[-87.90369,44.58132],[-87.90118,44.58454],[-87.86688,44.60843],[-87.80882,44.63634],[-87.77516,44.63928],[-87.76577,44.64202],[-87.75465,44.65037],[-87.74841,44.66712],[-87.71978,44.69325],[-87.72089,44.72455],[-87.6463,44.79874],[-87.6371,44.81358],[-87.61006,44.83838],[-87.58131,44.85179],[-87.55029,44.85129],[-87.531,44.85744],[-87.51514,44.8696],[-87.50158,44.86429],[-87.47849,44.86357],[-87.43708,44.89272],[-87.42033,44.8876],[-87.41995,44.87594],[-87.41002,44.86199],[-87.40554,44.86005],[-87.38482,44.86553],[-87.3854,44.88996],[-87.3934,44.8982],[-87.4062,44.90449],[-87.40501,44.91181],[-87.39341,44.93439],[-87.3748,44.95663],[-87.36029,44.98764],[-87.33646,45.01353],[-87.32212,45.0342],[-87.26488,45.08136],[-87.26054,45.09258],[-87.25745,45.12164],[-87.25049,45.13129],[-87.24031,45.13789],[-87.24292,45.14938],[-87.23822,45.16726],[-87.23121,45.17289],[-87.22197,45.17504],[-87.21437,45.16573],[-87.19521,45.16311],[-87.17507,45.17305],[-87.16317,45.18533],[-87.13303,45.19284],[-87.11997,45.1911],[-87.12282,45.223],[-87.10874,45.257],[-87.07832,45.26572],[-87.07103,45.28036],[-87.05763,45.29284],[-87.0517,45.28589],[-87.0439,45.28477],[-87.01704,45.29925],[-86.98336,45.29537],[-86.97035,45.27846],[-86.9844,45.26437],[-86.98267,45.24912],[-86.97302,45.2464],[-86.97876,45.22733],[-86.98597,45.21587],[-87.00281,45.21177],[-87.00754,45.22213],[-87.03255,45.22227],[-87.04091,45.21153],[-87.04523,45.1584],[-87.02885,45.14637],[-87.04575,45.13499],[-87.05434,45.11997],[-87.04895,45.10872],[-87.04821,45.08912],[-87.05744,45.08747],[-87.06316,45.07932],[-87.07955,45.07078],[-87.08187,45.0591],[-87.09164,45.05515],[-87.12116,45.05831],[-87.1247,45.05294],[-87.12481,45.04217],[-87.13938,45.01257],[-87.16353,45.00489],[-87.18941,44.96863],[-87.18837,44.94808],[-87.17524,44.93975],[-87.1717,44.93148],[-87.17492,44.92775],[-87.20424,44.91682],[-87.21598,44.9066],[-87.2172,44.89784],[-87.20628,44.88593],[-87.20454,44.87559],[-87.26744,44.84685],[-87.28256,44.81473],[-87.30482,44.8046],[-87.31375,44.79377],[-87.3204,44.78496],[-87.31898,44.77134],[-87.35379,44.70191],[-87.36826,44.68414],[-87.40163,44.63119],[-87.43749,44.60507],[-87.46809,44.55192],[-87.4837,44.51135],[-87.49002,44.47722],[-87.49866,44.46069],[-87.50636,44.4238],[-87.51797,44.39436],[-87.5176,44.3757],[-87.53358,44.35111],[-87.54538,44.32138],[-87.54116,44.29314],[-87.52175,44.25996],[-87.50842,44.22967],[-87.50742,44.2108],[-87.5129,44.19281],[-87.51966,44.17987],[-87.53994,44.15969],[-87.56318,44.1442],[-87.60088,44.1317],[-87.64658,44.10469],[-87.65518,44.08189],[-87.65348,44.06719],[-87.65608,44.05179],[-87.67132,44.03735],[-87.68336,44.02014],[-87.6955,43.98958],[-87.69892,43.96594],[-87.71904,43.93778],[-87.7268,43.90313],[-87.73618,43.88042],[-87.7287,43.85252],[-87.7296,43.83178],[-87.72641,43.81045],[-87.70025,43.76735],[-87.70298,43.7497],[-87.70988,43.7358],[-87.70298,43.7064],[-87.70269,43.6876],[-87.79014,43.56305],[-87.79761,43.52731],[-87.79324,43.49278],[-87.8078,43.46114],[-87.82732,43.43485],[-87.85561,43.40544],[-87.8725,43.38018],[-87.88239,43.3521],[-87.88921,43.30765],[-87.90185,43.28412],[-87.91179,43.25041],[-87.91009,43.23591],[-87.89629,43.19711],[-87.88759,43.18661],[-87.88108,43.17061],[-87.90028,43.13731],[-87.90049,43.12591],[-87.89319,43.11401],[-87.87608,43.09901],[-87.86648,43.07441],[-87.87018,43.06441],[-87.89508,43.04231],[-87.89868,43.02881],[-87.89578,43.01581],[-87.88768,43.00051],[-87.85718,42.97801],[-87.84518,42.96202],[-87.84268,42.94412],[-87.84778,42.88922],[-87.82328,42.83532],[-87.79398,42.80622],[-87.7737,42.79348],[-87.76668,42.7849],[-87.76977,42.77372],[-87.77817,42.76282],[-87.78217,42.74772],[-87.77863,42.7273],[-87.78237,42.70822],[-87.80307,42.67542],[-87.81467,42.64402],[-87.81967,42.61582],[-87.81937,42.60662],[-87.81087,42.58732],[-87.81327,42.57922],[-87.81227,42.52982],[-87.80048,42.49192],[-88.11529,42.49622],[-88.63865,42.49504],[-88.78668,42.49198],[-89.69009,42.50519],[-90.64284,42.50848],[-90.63693,42.5132],[-90.63673,42.5187],[-90.64563,42.5441],[-90.65413,42.5499],[-90.66153,42.568],[-90.67705,42.57921],[-90.68549,42.58961],[-90.694,42.61451],[-90.70267,42.63076],[-90.7092,42.63608],[-90.7695,42.65144],[-90.88743,42.67247],[-90.92115,42.68541],[-90.93704,42.6834],[-90.94921,42.68557],[-90.97773,42.69682],[-91.00013,42.71619],[-91.02679,42.72423],[-91.03542,42.73734],[-91.05373,42.73824],[-91.0563,42.74734],[-91.06578,42.75339],[-91.06026,42.76185],[-91.06955,42.76963],[-91.0781,42.80653],[-91.07867,42.82768],[-91.09406,42.83081],[-91.0914,42.84986],[-91.09766,42.85987],[-91.10057,42.88308],[-91.11741,42.89584],[-91.14338,42.90467],[-91.14556,42.90798],[-91.1438,42.92288],[-91.14988,42.94196],[-91.14543,42.95821],[-91.15656,42.97823],[-91.15749,42.99148],[-91.17469,43.03871],[-91.17946,43.06743],[-91.17519,43.10377],[-91.17825,43.12498],[-91.17525,43.13466],[-91.1562,43.14294],[-91.1462,43.15241],[-91.13865,43.16999],[-91.12443,43.18789],[-91.12217,43.19725],[-91.0664,43.23929],[-91.05792,43.25537],[-91.05975,43.25907],[-91.07265,43.26213],[-91.07371,43.27475],[-91.08565,43.29187],[-91.10724,43.31365],[-91.13734,43.32976],[-91.18112,43.34593],[-91.20396,43.34985],[-91.21477,43.36587],[-91.20607,43.37498],[-91.19767,43.39533],[-91.20314,43.4198],[-91.22875,43.44554],[-91.23337,43.45517],[-91.21604,43.48114],[-91.21735,43.51247],[-91.23294,43.52397],[-91.24318,43.54031],[-91.24321,43.55072],[-91.23281,43.56484],[-91.23186,43.58182],[-91.26163,43.60618],[-91.26875,43.61535],[-91.26846,43.62735],[-91.2624,43.64176],[-91.26386,43.64766],[-91.27175,43.65493],[-91.27325,43.66662],[-91.26779,43.69565],[-91.26846,43.70982],[-91.25593,43.72985],[-91.25543,43.74488],[-91.24413,43.77467],[-91.26244,43.79217],[-91.27204,43.81377],[-91.27769,43.83774],[-91.28414,43.84707],[-91.31099,43.86738],[-91.31531,43.88181],[-91.32061,43.88849],[-91.33814,43.89766],[-91.34774,43.91196],[-91.35743,43.91723],[-91.36664,43.93746],[-91.38578,43.95424],[-91.40739,43.96515],[-91.43738,43.99996],[-91.46352,44.00904],[-91.48087,44.00814],[-91.50712,44.01898],[-91.58002,44.02692],[-91.59207,44.03137],[-91.61049,44.04931],[-91.6279,44.05581],[-91.63811,44.06329],[-91.64787,44.06411],[-91.65951,44.0742],[-91.66701,44.08696],[-91.68153,44.0974],[-91.69531,44.09857],[-91.70749,44.10391],[-91.7106,44.12048],[-91.72155,44.13034],[-91.75175,44.13479],[-91.77449,44.14754],[-91.80806,44.15926],[-91.8173,44.16423],[-91.82917,44.17835],[-91.87516,44.20058],[-91.87743,44.21292],[-91.8927,44.2311],[-91.88704,44.25177],[-91.89601,44.26287],[-91.89639,44.27469],[-91.90579,44.28161],[-91.92028,44.2865],[-91.92461,44.29181],[-91.9241,44.29709],[-91.91357,44.31039],[-91.91863,44.32267],[-91.92559,44.33355],[-91.94131,44.34098],[-91.9636,44.36211],[-92.03815,44.38873],[-92.05649,44.40273],[-92.0786,44.40487],[-92.11109,44.41395],[-92.12451,44.42211],[-92.19538,44.43379],[-92.23247,44.44543],[-92.24488,44.45684],[-92.27678,44.47365],[-92.291,44.48546],[-92.30222,44.5003],[-92.30247,44.51649],[-92.31407,44.53801],[-92.31994,44.54494],[-92.33611,44.554],[-92.36152,44.55893],[-92.41509,44.56036],[-92.42639,44.5588],[-92.43863,44.55264],[-92.47824,44.56786],[-92.49381,44.56606],[-92.51922,44.57527],[-92.54717,44.5675],[-92.55119,44.57055],[-92.5504,44.58205],[-92.56943,44.60354],[-92.57715,44.60505],[-92.58471,44.59986],[-92.60152,44.61205],[-92.61457,44.61173],[-92.62146,44.61502],[-92.62335,44.62071],[-92.61978,44.63419],[-92.6321,44.64903],[-92.66099,44.66088],[-92.70095,44.69375],[-92.73726,44.71715],[-92.78791,44.73743],[-92.80732,44.75036],[-92.80529,44.76836],[-92.78521,44.7923],[-92.78043,44.81259],[-92.76528,44.83719],[-92.7691,44.86217],[-92.7634,44.87417],[-92.77395,44.89],[-92.77457,44.89808],[-92.7587,44.90898],[-92.75065,44.9373],[-92.7546,44.95577],[-92.76945,44.97215],[-92.77123,45.00138],[-92.76206,45.02432],[-92.77036,45.0338],[-92.79328,45.04718],[-92.80308,45.06098],[-92.80216,45.06755],[-92.79153,45.07965],[-92.74675,45.10705],[-92.73958,45.1156],[-92.74569,45.12311],[-92.75771,45.15547],[-92.7524,45.17392],[-92.76681,45.18547],[-92.76391,45.20487],[-92.75401,45.21277],[-92.75171,45.21867],[-92.75746,45.23053],[-92.76025,45.2496],[-92.75166,45.26591],[-92.76062,45.27883],[-92.76187,45.28701],[-92.73712,45.30046],[-92.70997,45.3213],[-92.69897,45.33637],[-92.70405,45.35366],[-92.70272,45.35847],[-92.67919,45.37271],[-92.67696,45.38014],[-92.6641,45.39331],[-92.65042,45.39851],[-92.64668,45.41323],[-92.65027,45.41917],[-92.6466,45.44163],[-92.65355,45.45535],[-92.68023,45.46434],[-92.70222,45.49305],[-92.72668,45.51446],[-92.72608,45.54111],[-92.77022,45.56694],[-92.78574,45.56789],[-92.8015,45.56285],[-92.82331,45.56093],[-92.84645,45.56652],[-92.87108,45.56758],[-92.88114,45.57341],[-92.88495,45.57882],[-92.88328,45.58983],[-92.88642,45.59488],[-92.88297,45.61374],[-92.88811,45.62838]]]]}},{"type":"Feature","id":56,"properties":{"code":"WY","name":"Wyoming"},"geometry":{"type":"Polygon","coordinates":[[[-111.05689,44.86666],[-111.0552,45.00132],[-110.78501,45.00295],[-110.70527,44.99232],[-110.55243,44.99224],[-110.40293,44.99381],[-110.3627,45.00059],[-110.1995,44.99619],[-110.1101,45.00391],[-109.75073,45.0016],[-109.10344,45.0059],[-109.08301,44.99961],[-107.35144,45.00141],[-107.13418,45.00011],[-107.08494,44.9966],[-106.26359,44.99379],[-105.92818,44.99365],[-105.91338,45.00094],[-104.0577,44.99743],[-104.05258,42.65006],[-104.05325,41.00141],[-105.73042,40.99689],[-107.00061,41.00344],[-108.52667,40.99961],[-109.23198,41.00206],[-109.53493,40.99814],[-110.50072,40.99475],[-111.04672,40.99796],[-111.04417,43.18924],[-111.04897,44.47407],[-111.05243,44.47841],[-111.05689,44.86666]]]}}]}
